model_key,option_sheet,option_row,option_id,rpo,option_name,current_price,matched_future_model_source_review_rows,candidate_price,parsed_candidate_prices,price_candidate_rows,price_candidate_summary,approved_price,classification,recommended_workbook_action,notes
z06,z06_options,2,opt_b6p_001,B6P,"Coupe Engine Appearance Package, includes carbon fiber trim, (D3V) engine lighting and (SL9) engine specification plaque, LPO",,312,1895,1895,171,row 171: 1895,,direct_price_candidate,write_options_price,"1895 | row 171: 1895 | 171 | Coupe Engine Appearance Package, includes carbon fiber trim, (D3V) engine lighting and (SL9) engine specification plaque, LPO"
z06,z06_options,3,opt_pdy_001,PDY,"LPO, Roadside Safety Package, includes (RYT) First Aid Kit, LPO and (S08) Highway Safety Kit, LPO, Genuine Corvette Accessory",,108,195,195,109,row 109: 195 Includes First Aid Kit and Highway Safety Kit,,direct_price_candidate,write_options_price,"195 | row 109: 195 Includes First Aid Kit and Highway Safety Kit | 109 | LPO, Roadside Safety Package, includes (RYT) First Aid Kit, LPO and (S08) Highway Safety Kit, LPO, Genuine Corvette Accessory"
z06,z06_options,4,opt_zz3_001,ZZ3,"Convertible Engine Appearance Package, includes window under tonneau cover, engine intake and (SL9) engine specification plaque, LPO",,66;313,1195; 1195,1195,193 || 193,row 193: 1195 || row 193: 1195,,direct_price_candidate,write_options_price,"1195 | row 193: 1195 | 193 | Convertible Engine Appearance Package, includes window under tonneau cover, engine intake and (SL9) engine specification plaque, LPO | 1195 | row 193: 1195 | 193 | Convertible Engine Appearance Package, includes window under tonneau cover, engine intake and (SL9) engine specification plaque, LPO"
z06,z06_options,5,opt_ryt_001,RYT,"LPO, First Aid Kit, Genuine Corvette Accessory",,113,60,60,122,row 122: 60,,direct_price_candidate,write_options_price,"60 | row 122: 60 | 122 | LPO, First Aid Kit, Genuine Corvette Accessory | Included with (PDY) Roadside Safety Package. | Included with (PDY) Roadside Safety Package."
z06,z06_options,6,opt_s08_001,S08,"LPO, Highway Safety Kit, Genuine Corvette Accessory",,118,150,150,124,row 124: 150,,direct_price_candidate,write_options_price,"150 | row 124: 150 | 124 | LPO, Highway Safety Kit, Genuine Corvette Accessory | Included with (PDY) Roadside Safety Package. | Included with (PDY) Roadside Safety Package."
z06,z06_options,7,opt_719_001,719,"Seat belt color, Black",,,,,,,,missing_price_evidence,needs_human_review,
z06,z06_options,8,opt_aj7_001,AJ7,"Airbags, frontal and side-impact, driver and passenger with Passenger Sensing System",,,,,,,,missing_price_evidence,needs_human_review,
z06,z06_options,9,opt_aq9_001,AQ9,"Seats, GT1 bucket",,,,,,,,missing_price_evidence,needs_human_review,
z06,z06_options,10,opt_cf7_001,CF7,"Roof panel, body-color, removable",,,,,,,,missing_price_evidence,needs_human_review,
z06,z06_options,11,opt_cj2_001,CJ2,"Air conditioning, dual-zone automatic climate control, individual climate settings for driver and passenger, with outside temperature display",,,,,,,,missing_price_evidence,needs_human_review,
z06,z06_options,12,opt_d30_001,D30,"Color Combination Override, provides the opportunity to individualize vehicle appearance by overriding recommended restrictions to exterior, interior and seat belt color combinations",,93,1495,1495,48,row 48: 1495,,direct_price_candidate,write_options_price,"1495 | row 48: 1495 | 48 | Color Combination Override, provides the opportunity to individualize vehicle appearance by overriding recommended restrictions to exterior, interior and seat belt color combinations | To be used exclusively to override exterior, interior and seat belt color combinations. SOLD orders only. Color Combination Override is available at an additional charge. | To be used exclusively to override exterior, interior and seat belt color combinations. SOLD orders only. Color Combination Override is available at an additional charge."
z06,z06_options,13,opt_d3v_001,D3V,Engine lighting,,67;315,195; 195,195,184 || 184,row 184: 195 Coupe Only || row 184: 195 Coupe Only,,conditional_price_candidate,defer_to_price_rules,195 | row 184: 195 Coupe Only | 184 | Engine lighting | Included with (B6P) Coupe Engine Appearance Package or (BCW) Red engine intake. | Included with (B6P) Coupe Engine Appearance Package or (BCW) Red engine intake. | 195 | row 184: 195 Coupe Only | 184 | Engine lighting | Included with (B6P) Coupe Engine Appearance Package or (BCW) Red engine intake. | Included with (B6P) Coupe Engine Appearance Package or (BCW) Red engine intake.
z06,z06_options,14,opt_drg_001,DRG,"Mirrors, outside, Carbon Flash Metallic-painted",,,,,,,,missing_price_evidence,needs_human_review,
z06,z06_options,15,opt_dth_001,DTH,Carbon Flash Metallic Full Length Dual Racing Stripes,,267,1295,1295,254,row 254: 1295,,direct_price_candidate,write_options_price,1295 | row 254: 1295 | 254 | Carbon Flash Metallic Full Length Dual Racing Stripes
z06,z06_options,16,opt_efr_001,EFR,"Exterior accents, Carbon Flash, side vents, rockers, splitter and front/rear grille accents",,,,,,,,missing_price_evidence,needs_human_review,
z06,z06_options,17,opt_eri_001,ERI,Battery Protection Package,,291,100,100,66,row 66: 100,,direct_price_candidate,write_options_price,100 | row 66: 100 | 66 | Battery Protection Package
z06,z06_options,18,opt_eyt_001,EYT,Carbon Flash Exterior Badge Package,,,,,,,,missing_price_evidence,needs_human_review,
z06,z06_options,19,opt_ive_001,IVE,"Infotainment system with Google Built-In,12.7"" diagonal center console display, 14"" diagonal Driver Information Center, and 6.6"" diagonal auxiliary touchscreen, with Google Built-In compatibility, including navigation capability, connected apps, Natural Voice Recognition. Phone integration for Wireless Apple CarPlay/Wireless Android Auto for compatible phones",,,,,,,,missing_price_evidence,needs_human_review,
z06,z06_options,20,opt_j56_001,J56,"Brakes, 4-wheel antilock, 4-wheel disc, performance 6-piston front and 4-piston rear",,,,,,,,missing_price_evidence,needs_human_review,
z06,z06_options,21,opt_j6a_001,J6A,"Calipers, Black painted",,,,,,,,missing_price_evidence,needs_human_review,
z06,z06_options,22,opt_nga_001,NGA,"Exhaust tips, Black",,,,,,,,missing_price_evidence,needs_human_review,
z06,z06_options,23,opt_r8c_001,R8C,"Corvette Museum Delivery, acknowledgement form required, includes (CFX) Corvette Museum logo plaque personalized with your name and VIN",,196,1695,1695,62,row 62: 1695,,direct_price_candidate,write_options_price,"1695 | row 62: 1695 | 62 | Corvette Museum Delivery, acknowledgement form required, includes (CFX) Corvette Museum logo plaque personalized with your name and VIN | Must also add Ship To BAC 184590 (Dealer code 31-728). Available on SOLD orders only. Not available with LPO wheels. | Must also add Ship To BAC 184590 (Dealer code 31-728). Available on SOLD orders only. Not available with LPO wheels."
z06,z06_options,24,opt_sda_001,SDA,"LPO, Black recovery hook, Genuine Corvette Accessory",,227,150,150,131,row 131: 150,,direct_price_candidate,write_options_price,"150 | row 131: 150 | 131 | LPO, Black recovery hook, Genuine Corvette Accessory"
z06,z06_options,25,opt_spy_001,SPY,"LPO, Black lug nuts, Genuine Corvette Accessory",,243,320,320,146,row 146: 320,,direct_price_candidate,write_options_price,"320 | row 146: 320 | 146 | LPO, Black lug nuts, Genuine Corvette Accessory | Not available with (S47) Chrome lug nuts, LPO. | Not available with (S47) Chrome lug nuts, LPO."
z06,z06_options,26,opt_t0e_001,T0E,"Spoiler, rear",,,,,,,,missing_price_evidence,needs_human_review,
z06,z06_options,27,opt_uqt_001,UQT,Performance data and video recorder,,25;133,1495; 1495,1495,64 || 64,row 64: 1495 1LT/LZ || row 64: 1495 1LT/LZ,,conditional_price_candidate,defer_to_price_rules,1495 | row 64: 1495 1LT/LZ | 64 | Performance data and video recorder | 1495 | row 64: 1495 1LT/LZ | 64 | Performance data and video recorder
z06,z06_options,28,opt_uv6_001,UV6,"Head-Up Display, color display with 3 modes: tour, sport, track; can display speed, gear, tachometer, paddle shift lights, turn signals, bright headlamps, turn-by-turn navigation, g-meter, speed limit",,,,,,,,missing_price_evidence,needs_human_review,
z06,z06_options,29,opt_z07_001,Z07,"Z07 Performance Package, includes (J57) 4-wheel antilock, 4-wheel disc, carbon ceramic brakes with (J6D) Dark Gray Metallic-painted calipers, (FE7) Z07 suspension with Magnetic Selective Ride Control and (XFS) 275/30ZR20 front and 345/25ZR21 rear Michelin Pilot Sport Cup 2 R ultra performance tires; (J6D) Dark Gray Metallic-painted calipers can be upgraded at additional cost to one of the following painted caliper colors: (J6B) Blue, (J6F) Bright Red, (J6N) Edge Red, (J6L) Orange, or (J6E) Velocity Yellow",,335,9500,9500,223,row 223: 9500 Requires T0F or T0G,,direct_price_candidate,write_options_price,"9500 | row 223: 9500 Requires T0F or T0G | 223 | Z07 Performance Package, includes (J57) 4-wheel antilock, 4-wheel disc, carbon ceramic brakes with (J6D) Dark Gray Metallic-painted calipers, (FE7) Z07 suspension with Magnetic Selective Ride Control and (XFS) 275/30ZR20 front and 345/25ZR21 rear Michelin Pilot Sport Cup 2 R ultra performance tires; (J6D) Dark Gray Metallic-painted calipers can be upgraded at additional cost to one of the following painted caliper colors: (J6B) Blue, (J6F) Bright Red, (J6N) Edge Red, (J6L) Orange, or (J6E) Velocity Yellow | Requires (CFZ) Carbon Flash-painted carbon fiber ground effects and (T0F) Carbon Flash-painted Carbon Fiber Aero Package or (CFV) visible carbon fiber ground effects and (T0G) Visible Carbon Fiber Aero Package. Included with (PDD/PDF) Z07 Aero and Wheel Package. | Requires (CFZ) Carbon Flash-painted carbon fiber ground effects and (T0F)…"
z06,z06_options,30,opt_c2z_001,C2Z,"Roof panel, visible carbon fiber with body-color surround, removable",,57;253,2595; 2595,2595,230 || 230,row 230: 2595 Coupe Only || row 230: 2595 Coupe Only,,conditional_price_candidate,defer_to_price_rules,"2595 | row 230: 2595 Coupe Only | 230 | Roof panel, visible carbon fiber with body-color surround, removable | 2595 | row 230: 2595 Coupe Only | 230 | Roof panel, visible carbon fiber with body-color surround, removable"
z06,z06_options,31,opt_sl9_001,SL9,"LPO, Engine specification plaque, Genuine Corvette Accessory",,74;325,125; 125,125,141 || 141,row 141: 125 || row 141: 125,,direct_price_candidate,write_options_price,"125 | row 141: 125 | 141 | LPO, Engine specification plaque, Genuine Corvette Accessory | Included with (B6P/ZZ3) Engine Appearance Package. | Included with (B6P/ZZ3) Engine Appearance Package. | 125 | row 141: 125 | 141 | LPO, Engine specification plaque, Genuine Corvette Accessory | Included with (B6P/ZZ3) Engine Appearance Package. | Included with (B6P/ZZ3) Engine Appearance Package."
z06,z06_options,32,opt_cc3_001,CC3,"Roof panel, transparent, removable",,252,995,995,231,row 231: 995 Coupe Only,,conditional_price_candidate,defer_to_price_rules,"995 | row 231: 995 Coupe Only | 231 | Roof panel, transparent, removable"
z06,z06_options,33,opt_e60_001,E60,"Front lift adjustable height with memory, includes (TR7) automatic headlamp leveling system",,203,2995,2995,49,row 49: 2995 2LT/LZ or 3LT/LZ,,conditional_price_candidate,defer_to_price_rules,"2995 | row 49: 2995 2LT/LZ or 3LT/LZ | 49 | Front lift adjustable height with memory, includes (TR7) automatic headlamp leveling system"
z06,z06_options,34,opt_j6d_001,J6D,"Calipers, Dark Gray Metallic-painted",,,,,,,,missing_price_evidence,needs_human_review,
z06,z06_options,35,opt_3n9_001,3N9,"Seat belt color, Natural",,141,595,595,206,row 206: 595 Std with HZN and HUF,,conditional_price_candidate,defer_to_price_rules,"595 | row 206: 595 Std with HZN and HUF | 206 | Seat belt color, Natural | Recommended with (HTA, HTJ) Jet Black interior.
Recommended with (H1Y, HTM, HTP) Jet Black interior or (HTN, HTQ, HUV) Natural interior.
Recommended with (HMO, HTE, HTT, HU0, HVV, HXO) Jet Black interiors, (HTG, HUE) Natural interiors or (EJH, EPX) Very Dark Atmosphere interiors. Included with (HUF, HZN) Natural Dipped interiors. | Recommended with (HTA, HTJ) Jet Black interior.
Recommended with (H1Y, HTM, HTP) Jet Black interior or (HTN, HTQ, HUV) Natural interior.
Recommended with (HMO, HTE, HTT, HU0, HVV, HXO) Jet Black interiors, (HTG, HUE) Natural interiors or (EJH, EPX) Very Dark Atmosphere interiors. Included with (HUF, HZN) Natural Dipped interiors."
z06,z06_options,36,opt_baz_001,BAZ,"Stealth Interior Trim Package, dark finish aluminum trim",,167,695,695,207,row 207: 695 2LT/LZ or 3LT/3LZ,,conditional_price_candidate,defer_to_price_rules,"695 | row 207: 695 2LT/LZ or 3LT/3LZ | 207 | Stealth Interior Trim Package, dark finish aluminum trim"
z06,z06_options,37,opt_bcw_001,BCW,"Engine intake, Red",,,,,,,,missing_price_evidence,needs_human_review,
z06,z06_options,38,opt_cm9_001,CM9,"Convertible top, retractable, power-folding hard top, painted body-color roof, remote control (down only), includes power glass rear window with integral defogger",,,,,,,,missing_price_evidence,needs_human_review,
z06,z06_options,39,opt_dub_001,DUB,Sterling Silver Full Length Dual Racing Stripes,,270,1295,1295,255,row 255: 1295,,direct_price_candidate,write_options_price,1295 | row 255: 1295 | 255 | Sterling Silver Full Length Dual Racing Stripes
z06,z06_options,40,opt_edu_001,EDU,"Exterior accents, Carbon Flash and body-color; body-color side vents and front splitter, Carbon Flash-painted rockers and front/rear grille accents",,201,995,995,185,row 185: 995,,direct_price_candidate,write_options_price,"995 | row 185: 995 | 185 | Exterior accents, Carbon Flash and body-color; body-color side vents and front splitter, Carbon Flash-painted rockers and front/rear grille accents | Front splitter is not body-color when (CFV/CFZ) ground effects is also ordered.
Tonneau grille is Carbon Flash-painted. Front splitter is not body-color when (CFV/CFZ) ground effects is also ordered. | Front splitter is not body-color when (CFV/CFZ) ground effects is also ordered.
Tonneau grille is Carbon Flash-painted. Front splitter is not body-color when (CFV/CFZ) ground effects is also ordered."
z06,z06_options,41,opt_eyk_001,EYK,Chrome Exterior Badge Package,,192,395,395,188,row 188: 395,,direct_price_candidate,write_options_price,395 | row 188: 395 | 188 | Chrome Exterior Badge Package
z06,z06_options,42,opt_iwe_001,IWE,"Sueded Microfiber-Wrapped Upper Interior Trim Package, includes headliner, visors, trim above windshield and rear window, and A-pillar trim",,,,,,,,missing_price_evidence,needs_human_review,
z06,z06_options,43,opt_j57_001,J57,"Brakes, 4-wheel antilock, 4-wheel disc, carbon ceramic, includes (J6D) Dark Gray Metallic-painted calipers",,,,,,,,missing_price_evidence,needs_human_review,
z06,z06_options,44,opt_j6f_001,J6F,"Calipers, Bright Red-painted",,301,795,795,72,row 72: 795,,direct_price_candidate,write_options_price,"795 | row 72: 795 | 72 | Calipers, Bright Red-painted"
z06,z06_options,45,opt_pin_001,PIN,Customer VIN ending reservation,,197,5495,5495,60,row 60: 5495,,direct_price_candidate,write_options_price,5495 | row 60: 5495 | 60 | Customer VIN ending reservation | This option is subject to restrictions and approval. NOT AVAILABLE on all VINs. Available on SOLD orders only. | This option is subject to restrictions and approval. NOT AVAILABLE on all VINs. Available on SOLD orders only.
z06,z06_options,46,opt_ppw_001,PPW,Wireless Apple CarPlay/Wireless Android Auto,,,,,,,,missing_price_evidence,needs_human_review,
z06,z06_options,47,opt_r6x_001,R6X,Custom Interior Trim and Seat Combination,,94,995,995,61,row 61: 995 3LT/LZ Only,,conditional_price_candidate,defer_to_price_rules,"995 | row 61: 995 3LT/LZ Only | 61 | Custom Interior Trim and Seat Combination | SOLD orders only. Requires (HMO/HVV) Jet Black/Sky Cool Gray, (HZB/HVT) Sky Cool Gray/Jet Black, (HU0/HXO) Jet Black/Adrenaline Red, (HUU/HZP) Adrenaline Red/Jet Black interiors. See Custom Interior Trim and Seat Combinations color and trim chart. | SOLD orders only. Requires (HMO/HVV) Jet Black/Sky Cool Gray, (HZB/HVT) Sky Cool Gray/Jet Black, (HU0/HXO) Jet Black/Adrenaline Red, (HUU/HZP) Adrenaline Red/Jet Black interiors. See Custom Interior Trim and Seat Combinations color and trim chart."
z06,z06_options,48,opt_sfz_001,SFZ,"LPO, Dark Stealth crossed flags emblems, front and rear on Z06 models, front and rear on Grand Sport, Z06, ZR1 and ZR1X models, Genuine Corvette Accessory",,221,250,250,133,row 133: 250,,direct_price_candidate,write_options_price,"250 | row 133: 250 | 133 | LPO, Dark Stealth crossed flags emblems, front and rear on Z06 models, front and rear on Grand Sport, Z06, ZR1 and ZR1X models, Genuine Corvette Accessory | Not available with (EYK) Chrome Exterior Badge Package or any Full Length Dual Racing Stripes (DPB, DPC, DPG, DPL, DPT, DSY, DSZ, DT0, DTB, DTH, DUB, DUE, DUK, DUW). Included with (PCZ) Tech Bronze Accent Package, LPO. | Not available with (EYK) Chrome Exterior Badge Package or any Full Length Dual Racing Stripes (DPB, DPC, DPG, DPL, DPT, DSY, DSZ, DT0, DTB, DTH, DUB, DUE, DUK, DUW). Included with (PCZ) Tech Bronze Accent Package, LPO."
z06,z06_options,49,opt_spz_001,SPZ,"LPO, Black wheel locks, Genuine Corvette Accessory",,241,105,105,147,row 147: 105,,direct_price_candidate,write_options_price,"105 | row 147: 105 | 147 | LPO, Black wheel locks, Genuine Corvette Accessory | Requires (SPY) Black lug nuts, LPO. | Requires (SPY) Black lug nuts, LPO."
z06,z06_options,50,opt_t0f_001,T0F,"Carbon Fiber Aero Package, Carbon Flash-painted, includes high-wing, dive planes and (CFZ) Carbon Flash-painted carbon fiber ground effects",,189,8995,8995,189,row 189: 8995 Includes CFZ Ground Effects,,direct_price_candidate,write_options_price,"8995 | row 189: 8995 Includes CFZ Ground Effects | 189 | Carbon Fiber Aero Package, Carbon Flash-painted, includes high-wing, dive planes and (CFZ) Carbon Flash-painted carbon fiber ground effects | Included with (PDD) Z07 Carbon Flash Aero and Wheel Package. | Included with (PDD) Z07 Carbon Flash Aero and Wheel Package."
z06,z06_options,51,opt_tr7_001,TR7,"Headlamp control, automatic leveling system",,,,,,,,missing_price_evidence,needs_human_review,
z06,z06_options,52,opt_u80_001,U80,"Compass, digital",,,,,,,,missing_price_evidence,needs_human_review,
z06,z06_options,53,opt_uhy_001,UHY,Automatic Emergency Braking,,,,,,,,missing_price_evidence,needs_human_review,
z06,z06_options,54,opt_uvb_001,UVB,HD Rear Vision Camera,,,,,,,,missing_price_evidence,needs_human_review,
z06,z06_options,55,opt_wub_001,WUB,"NEW!Exhaust, quad center exit",,69;317,1995; 1995,1995,169 || 169,row 169: 1995 || row 169: 1995,,direct_price_candidate,write_options_price,"1995 | row 169: 1995 | 169 | NEW!Exhaust, quad center exit | 1995 | row 169: 1995 | 169 | NEW!Exhaust, quad center exit"
z06,z06_options,56,opt_r88_001,R88,"LPO, Illuminated crossed flags emblem, front, Genuine Corvette Accessory",,222,695,695,111,row 111: 695,,direct_price_candidate,write_options_price,"695 | row 111: 695 | 111 | LPO, Illuminated crossed flags emblem, front, Genuine Corvette Accessory | Not available with (SFZ) Dark Stealth crossed flags emblems, LPO, (EYK) Chrome Exterior Badge Package or any Full Length Dual Racing Stripes (DPB, DPC, DPG, DPL, DPT, DSY, DSZ, DT0, DTB, DTH, DUB, DUE, DUK, DUW). | Not available with (SFZ) Dark Stealth crossed flags emblems, LPO, (EYK) Chrome Exterior Badge Package or any Full Length Dual Racing Stripes (DPB, DPC, DPG, DPL, DPT, DSY, DSZ, DT0, DTB, DTH, DUB, DUE, DUK, DUW)."
z06,z06_options,57,opt_ah2_001,AH2,"Seats, GT2 bucket",,146,1695,1695,237,row 237: 1695 2LT/LZ Only; Std on 3LT/LZ,,conditional_price_candidate,defer_to_price_rules,"1695 | row 237: 1695 2LT/LZ Only; Std on 3LT/LZ | 237 | Seats, GT2 bucket"
z06,z06_options,58,opt_379_001,379,"Seat belt color, Orange",,140,595,595,200,row 200: 595 Std with HUW/HUX Habanero Interiors,,conditional_price_candidate,defer_to_price_rules,"595 | row 200: 595 Std with HUW/HUX Habanero Interiors | 200 | Seat belt color, Orange | Not recommended with (HUQ, HU7, HUL, HUR) Adrenaline Red interiors.
Not recommended with (HU2, HUA, HUU, HZP) Adrenaline Red interiors, (HNK) Adrenaline Red Dipped interior, (HUF, HZN) Natural Dipped interiors, (HVZ) Asymmetrical Adrenaline Red/Jet Black interior, (EJH, EPX) Very Dark Atmosphere interiors or (HAG) Asymmetrical Santorini Blue/Jet Black interior. Included with (HUW, HUX) Habanero interiors. | Not recommended with (HUQ, HU7, HUL, HUR) Adrenaline Red interiors.
Not recommended with (HU2, HUA, HUU, HZP) Adrenaline Red interiors, (HNK) Adrenaline Red Dipped interior, (HUF, HZN) Natural Dipped interiors, (HVZ) Asymmetrical Adrenaline Red/Jet Black interior, (EJH, EPX) Very Dark Atmosphere interiors or (HAG) Asymmetrical Santorini Blue/Jet Black interior. Included with (HUW, HUX) Habanero in…"
z06,z06_options,59,opt_5zv_001,5ZV,"LPO, Three-Stanchion high wing spoiler, Carbon Flash Metallic-painted, Genuine Corvette Accessory",,233,2075,2075,99,row 99: 2075,,direct_price_candidate,write_options_price,"2075 | row 99: 2075 | 99 | LPO, Three-Stanchion high wing spoiler, Carbon Flash Metallic-painted, Genuine Corvette Accessory | Not available with T0F, T0G, 5V5. | Not available with T0F, T0G, 5V5."
z06,z06_options,60,opt_bv4_001,BV4,"Plaque, personalized, custom-made with your name or up to 24-character word or phrase limit and VIN",,134,395,395,47,row 47: 395,,direct_price_candidate,write_options_price,"395 | row 47: 395 | 47 | Plaque, personalized, custom-made with your name or up to 24-character word or phrase limit and VIN | Available on SOLD orders only. (CFX) Personalized plaque is already included in (R8C) Corvette Museum Delivery. | Available on SOLD orders only. (CFX) Personalized plaque is already included in (R8C) Corvette Museum Delivery."
z06,z06_options,61,opt_cfl_001,CFL,"NEW!Ground effects, extended front splitter",,207,995,995,181,row 181: 995,,direct_price_candidate,write_options_price,"995 | row 181: 995 | 181 | NEW!Ground effects, extended front splitter | Not available with (CFV/CFZ) ground effects. | Not available with (CFV/CFZ) ground effects."
z06,z06_options,62,opt_cfx_001,CFX,"Plaque, personalized with Corvette Museum logo, your name and VIN",,,,,,,,missing_price_evidence,needs_human_review,
z06,z06_options,63,opt_dt0_001,DT0,Competition Yellow Full Length Dual Racing Stripes,,271,1295,1295,252,row 252: 1295,,direct_price_candidate,write_options_price,1295 | row 252: 1295 | 252 | Competition Yellow Full Length Dual Racing Stripes | Not available with exterior color (GBK) Competition Yellow Tintcoat Metallic. | Not available with exterior color (GBK) Competition Yellow Tintcoat Metallic.
z06,z06_options,64,opt_fa5_001,FA5,"Trim, interior, carbon fiber cluster-surround and console/door switch plates",,170,1795,1795,209,row 209: 1795 2LT/LZ or 3LT/LZ,,conditional_price_candidate,defer_to_price_rules,"1795 | row 209: 1795 2LT/LZ or 3LT/LZ | 209 | Trim, interior, carbon fiber cluster-surround and console/door switch plates"
z06,z06_options,65,opt_j6e_001,J6E,"Calipers, Velocity Yellow-painted",,300,795,795,71,row 71: 795,,direct_price_candidate,write_options_price,"795 | row 71: 795 | 71 | Calipers, Velocity Yellow-painted"
z06,z06_options,66,opt_npp_001,NPP,"Exhaust, performance, aggressive exhaust sound varies with driver mode selected",,,,,,,,missing_price_evidence,needs_human_review,
z06,z06_options,67,opt_nwi_001,NWI,"NEW!Exhaust tips, bright, center, quad, exposed",,319,395,395,168,row 168: 395 Requires (WUB) center quad exhaust system,,direct_price_candidate,write_options_price,"395 | row 168: 395 Requires (WUB) center quad exhaust system | 168 | NEW!Exhaust tips, bright, center, quad, exposed"
z06,z06_options,68,opt_pef_001,PEF,"LPO, Contoured Liner Protection Package, includes (CAV) contoured cargo area liners with Jake logo and (RIA) all-weather floor liners with Jake logo, Genuine Corvette Accessory",,107,475,475,110,row 110: 475,,direct_price_candidate,write_options_price,"475 | row 110: 475 | 110 | LPO, Contoured Liner Protection Package, includes (CAV) contoured cargo area liners with Jake logo and (RIA) all-weather floor liners with Jake logo, Genuine Corvette Accessory"
z06,z06_options,69,opt_s47_001,S47,"LPO, Chrome lug nuts, Genuine Corvette Accessory",,244,275,275,126,row 126: 275,,direct_price_candidate,write_options_price,"275 | row 126: 275 | 126 | LPO, Chrome lug nuts, Genuine Corvette Accessory | Not available with (SPY) Black lug nuts, LPO or (ROY/ROZ/STZ) wheels. | Not available with (SPY) Black lug nuts, LPO or (ROY/ROZ/STZ) wheels."
z06,z06_options,70,opt_sbt_001,SBT,"LPO, Dual roof, adds transparent removable roof panel and includes (SC7) roof panel storage pouch, Genuine Corvette Accessories",,228,2525,2525,129,row 129: 2525,,direct_price_candidate,write_options_price,"2525 | row 129: 2525 | 129 | LPO, Dual roof, adds transparent removable roof panel and includes (SC7) roof panel storage pouch, Genuine Corvette Accessories | Not available with (CC3) transparent, removable roof panel. | Not available with (CC3) transparent, removable roof panel."
z06,z06_options,71,opt_ueu_001,UEU,Forward Collision Alert,,,,,,,,missing_price_evidence,needs_human_review,
z06,z06_options,72,opt_uqh_001,UQH,"Audio system feature, Bose Performance Series Sound System with 14 speakers",,,,,,,,missing_price_evidence,needs_human_review,
z06,z06_options,73,opt_uqs_001,UQS,"Audio system feature, Bose Premium 10-speaker system",,,,,,,,missing_price_evidence,needs_human_review,
z06,z06_options,74,opt_zyc_001,ZYC,"Carbon Flash Metallic-painted outside mirrors and spoiler (when equipped), includes (DRG) Carbon Flash Metallic-painted outside mirrors",,247,295,295,192,row 192: 295 Includes spoiler as well when the vehicle is equipped with painted spoiler,,direct_price_candidate,write_options_price,"295 | row 192: 295 Includes spoiler as well when the vehicle is equipped with painted spoiler | 192 | Carbon Flash Metallic-painted outside mirrors and spoiler (when equipped), includes (DRG) Carbon Flash Metallic-painted outside mirrors | Not available with exterior color (GBA) Black. | Not available with exterior color (GBA) Black."
z06,z06_options,75,opt_ria_001,RIA,"LPO, All-weather floor liners with Jake logo, Genuine Corvette Accessory",,112,265,265,112,row 112: 265,,direct_price_candidate,write_options_price,"265 | row 112: 265 | 112 | LPO, All-weather floor liners with Jake logo, Genuine Corvette Accessory | Included with (PEF) Contoured Liner Protection Package, LPO. | Included with (PEF) Contoured Liner Protection Package, LPO."
z06,z06_options,76,opt_sc7_001,SC7,"LPO, Roof panel storage pouch, Genuine Corvette Accessory",,120,195,195,130,row 130: 195,,direct_price_candidate,write_options_price,"195 | row 130: 195 | 130 | LPO, Roof panel storage pouch, Genuine Corvette Accessory | Included with (SBT) dual roof, LPO. | Included with (SBT) dual roof, LPO."
z06,z06_options,77,opt_cav_001,CAV,"LPO, Contoured cargo area liners with Jake logo, Genuine Corvette Accessory",,111,230,230,101,row 101: 230,,direct_price_candidate,write_options_price,"230 | row 101: 230 | 101 | LPO, Contoured cargo area liners with Jake logo, Genuine Corvette Accessory | Included with (PEF) Contoured Liner Protection Package, LPO. | Included with (PEF) Contoured Liner Protection Package, LPO."
z06,z06_options,78,opt_cfz_001,CFZ,"Ground effects, carbon fiber, Carbon Flash-painted",,205,3495,3495,183,row 183: 3495,,direct_price_candidate,write_options_price,"3495 | row 183: 3495 | 183 | Ground effects, carbon fiber, Carbon Flash-painted | Included with (T0F) Carbon Flash-painted Carbon Fiber Aero Package. | Included with (T0F) Carbon Flash-painted Carbon Fiber Aero Package."
z06,z06_options,79,opt_3a9_001,3A9,"Seat belt color, Santorini Blue",,142,595,595,203,row 203: 595 Std with HT8 and HAG Interior,,conditional_price_candidate,defer_to_price_rules,"595 | row 203: 595 Std with HT8 and HAG Interior | 203 | Seat belt color, Santorini Blue | Not recommended with (HUQ, HU7, HUL, HUR) Adrenaline Red interiors.
Not recommended with (HU2, HUA, HUU, HZP) Adrenaline Red interiors, (HNK) Adrenaline Red Dipped interior, (HUW, HUX) Habanero interiors, (EJH, EPX) Very Dark Atmosphere interiors or (HVZ) Asymmetrical Adrenaline Red/Jet Black interior. Included with (H8T) Santorini Blue interior and (HAG) Asymmetrical Santorini Blue/Jet Black interior. | Not recommended with (HUQ, HU7, HUL, HUR) Adrenaline Red interiors.
Not recommended with (HU2, HUA, HUU, HZP) Adrenaline Red interiors, (HNK) Adrenaline Red Dipped interior, (HUW, HUX) Habanero interiors, (EJH, EPX) Very Dark Atmosphere interiors or (HVZ) Asymmetrical Adrenaline Red/Jet Black interior. Included with (H8T) Santorini Blue interior and (HAG) Asymmetrical Santorini Blue/Jet Black inter…"
z06,z06_options,80,opt_ae4_002,AE4,"Seats, Competition Sport bucket",,,,,,,,missing_price_evidence,needs_human_review,
z06,z06_options,81,opt_duw_001,DUW,Edge Blue Full Length Dual Racing Stripes,,266,1295,1295,258,row 258: 1295,,direct_price_candidate,write_options_price,1295 | row 258: 1295 | 258 | Edge Blue Full Length Dual Racing Stripes | Not available with exterior color (GTR) Admiral Blue Metallic. | Not available with exterior color (GTR) Admiral Blue Metallic.
z06,z06_options,82,opt_j6n_001,J6N,"Calipers, Edge Red-painted",,303,795,795,74,row 74: 795,,direct_price_candidate,write_options_price,"795 | row 74: 795 | 74 | Calipers, Edge Red-painted"
z06,z06_options,83,opt_k7a_001,K7A,"Wireless Phone Charging, wireless charging pad for phone or portable devices, located on center console",,,,,,,,missing_price_evidence,needs_human_review,
z06,z06_options,84,opt_sfe_001,SFE,"LPO, Chrome wheel locks, Genuine Corvette Accessory",,242,125,125,132,row 132: 125,,direct_price_candidate,write_options_price,"125 | row 132: 125 | 132 | LPO, Chrome wheel locks, Genuine Corvette Accessory | Not available with (SPY) Black lug nuts, LPO or (ROY/ROZ/STZ) wheels. | Not available with (SPY) Black lug nuts, LPO or (ROY/ROZ/STZ) wheels."
z06,z06_options,85,opt_t4l_001,T4L,"Headlamps, LED",,,,,,,,missing_price_evidence,needs_human_review,
z06,z06_options,86,opt_ukt_001,UKT,Front Pedestrian and Bicyclist Braking,,,,,,,,missing_price_evidence,needs_human_review,
z06,z06_options,87,opt_uva_001,UVA,"HD Front and Rear Vision Cameras, front camera is curb view",,,,,,,,missing_price_evidence,needs_human_review,
z06,z06_options,88,opt_vtb_001,VTB,"LPO, Rear fascia/roof storage protector in Black with embroidered crossed flags logo, Genuine Corvette Accessory",,223,150,150,156,row 156: 150,,direct_price_candidate,write_options_price,"150 | row 156: 150 | 156 | LPO, Rear fascia/roof storage protector in Black with embroidered crossed flags logo, Genuine Corvette Accessory"
z06,z06_options,89,opt_vyw_001,VYW,"LPO, Floor mats, premium carpeted with Z06 badge emblem on Z06 models, Genuine Corvette Accessory",,114,275,275,162,row 162: 275,,direct_price_candidate,write_options_price,"275 | row 162: 275 | 162 | LPO, Floor mats, premium carpeted with Z06 badge emblem on Z06 models, Genuine Corvette Accessory"
z06,z06_options,90,opt_pcq_001,PCQ,"LPO, Grille Screen Protection Package, includes (VWE) front radiator grille screens LPO and (VWT) insect protection grille screen LPO, Genuine Corvette Accessories",,,,,,,,missing_price_evidence,needs_human_review,
z06,z06_options,91,opt_3f9_001,3F9,"Seat belt color, Torch Red",,143,595,595,204,row 204: 595 Std with HNK Interior,,conditional_price_candidate,defer_to_price_rules,"595 | row 204: 595 Std with HNK Interior | 204 | Seat belt color, Torch Red | Not recommended with (HUW, HUX) Habanero interiors or (EJH, EPX) Very Dark Atmosphere interiors. Included with (HNK) Adrenaline Red Dipped interior. | Not recommended with (HUW, HUX) Habanero interiors or (EJH, EPX) Very Dark Atmosphere interiors. Included with (HNK) Adrenaline Red Dipped interior."
z06,z06_options,92,opt_5zd_001,5ZD,"LPO, Carbon Flash wheel center caps with crossed flags logo, Genuine Corvette Accessory",,239,250,250,97,row 97: 250,,direct_price_candidate,write_options_price,"250 | row 97: 250 | 97 | LPO, Carbon Flash wheel center caps with crossed flags logo, Genuine Corvette Accessory"
z06,z06_options,93,opt_cf8_001,CF8,"Roof panel, electrochromic dimming, removable",,254,3500,3500,232,row 232: 3500 2LT/2LZ/3LT/3LZ Coupes,,conditional_price_candidate,defer_to_price_rules,"3500 | row 232: 3500 2LT/2LZ/3LT/3LZ Coupes | 232 | Roof panel, electrochromic dimming, removable | Not available at start of production. Not available with any Full Length Dual Racing Stripes (DPB, DPC, DPG, DPL, DPT, DSY, DSZ, DT0, DTB, DTH, DUB, DUE, DUK, DUW). | Not available at start of production. Not available with any Full Length Dual Racing Stripes (DPB, DPC, DPG, DPL, DPT, DSY, DSZ, DT0, DTB, DTH, DUB, DUE, DUK, DUW)."
z06,z06_options,94,opt_dsy_001,DSY,Edge Orange Full Length Dual Racing Stripes,,268,1295,1295,250,row 250: 1295,,direct_price_candidate,write_options_price,1295 | row 250: 1295 | 250 | Edge Orange Full Length Dual Racing Stripes | Not available with exterior color (G26) Sebring Orange Tintcoat. | Not available with exterior color (G26) Sebring Orange Tintcoat.
z06,z06_options,95,opt_dwk_001,DWK,"Mirrors, outside heated, power-adjustable, manual-folding with turn signal indicators",,,,,,,,missing_price_evidence,needs_human_review,
z06,z06_options,96,opt_j6b_001,J6B,"Calipers, Blue-painted",,299,795,795,70,row 70: 795,,direct_price_candidate,write_options_price,"795 | row 70: 795 | 70 | Calipers, Blue-painted"
z06,z06_options,97,opt_roy_001,ROY,"Wheels, 20"" x 10"" (50.8 cm x 25.4 cm) front and 21"" x 13"" (53.3 cm x 33 cm) rear Carbon Flash-painted carbon fiber",,282,11995,11995,274,row 274: 11995,,direct_price_candidate,write_options_price,"11995 | row 274: 11995 | 274 | Wheels, 20"" x 10"" (50.8 cm x 25.4 cm) front and 21"" x 13"" (53.3 cm x 33 cm) rear Carbon Flash-painted carbon fiber | Requires (J57) carbon ceramic brakes. | Requires (J57) carbon ceramic brakes."
z06,z06_options,98,opt_rwu_001,RWU,"LPO, Cargo area organizer, collapsible, Genuine Corvette Accessory",,110,175,175,118,row 118: 175,,direct_price_candidate,write_options_price,"175 | row 118: 175 | 118 | LPO, Cargo area organizer, collapsible, Genuine Corvette Accessory"
z06,z06_options,99,opt_slk_001,SLK,"LPO, Rear hatch strut bracket, Edge Red, Genuine Corvette Accessory",,326,1995,1995,142,row 142: 1995,,direct_price_candidate,write_options_price,"1995 | row 142: 1995 | 142 | LPO, Rear hatch strut bracket, Edge Red, Genuine Corvette Accessory"
z06,z06_options,100,opt_tq5_001,TQ5,"IntelliBeam, auto high beam",,,,,,,,missing_price_evidence,needs_human_review,
z06,z06_options,101,opt_ufg_001,UFG,Rear Cross Traffic Alert,,,,,,,,missing_price_evidence,needs_human_review,
z06,z06_options,102,opt_vwe_001,VWE,"LPO, Front radiator grille screens, Genuine Corvette Accessory",,,,,,,,missing_price_evidence,needs_human_review,
z06,z06_options,103,opt_vwt_001,VWT,"LPO, Insect protection grille screen, Genuine Corvette Accessory",,225,795,795,161,row 161: 795,,direct_price_candidate,write_options_price,"795 | row 161: 795 | 161 | LPO, Insect protection grille screen, Genuine Corvette Accessory | Included with (PCQ) Grille Screen Protection Package, LPO. | Included with (PCQ) Grille Screen Protection Package, LPO."
z06,z06_options,104,opt_3m9_001,3M9,"Seat belt color, Yellow",,144,595,595,205,row 205: 595,,direct_price_candidate,write_options_price,"595 | row 205: 595 | 205 | Seat belt color, Yellow | Not recommended with (HUQ, HU7, HUL, HUR) Adrenaline Red interiors.
Not recommended with (HU2, HUA, HUU, HZP) Adrenaline Red interiors, (HNK) Adrenaline Red Dipped interior, (HVZ) Asymmetrical Adrenaline Red/Jet Black interior, (HUW, HUX) Habanero interiors, (EJH, EPX) Very Dark Atmosphere interiors, (H8T) Santorini Blue interior or (HAG) Asymmetrical Santorini Blue/Jet Black interior. | Not recommended with (HUQ, HU7, HUL, HUR) Adrenaline Red interiors.
Not recommended with (HU2, HUA, HUU, HZP) Adrenaline Red interiors, (HNK) Adrenaline Red Dipped interior, (HVZ) Asymmetrical Adrenaline Red/Jet Black interior, (HUW, HUX) Habanero interiors, (EJH, EPX) Very Dark Atmosphere interiors, (H8T) Santorini Blue interior or (HAG) Asymmetrical Santorini Blue/Jet Black interior."
z06,z06_options,105,opt_5jr_001,5JR,"LPO, Outside mirror covers in visible Carbon Fiber, includes (DRG) Carbon Flash Metallic-painted outside mirrors, Genuine Corvette Accessory",,226,1395,1395,89,row 89: 1395,,direct_price_candidate,write_options_price,"1395 | row 89: 1395 | 89 | LPO, Outside mirror covers in visible Carbon Fiber, includes (DRG) Carbon Flash Metallic-painted outside mirrors, Genuine Corvette Accessory"
z06,z06_options,106,opt_5zc_001,5ZC,"LPO, Jake logo wheel center caps. Genuine Corvette Accessory",,240,250,250,96,row 96: 250,,direct_price_candidate,write_options_price,"250 | row 96: 250 | 96 | LPO, Jake logo wheel center caps. Genuine Corvette Accessory"
z06,z06_options,107,opt_a2x_001,A2X,"Seat adjuster, driver 8-way power",,,,,,,,missing_price_evidence,needs_human_review,
z06,z06_options,108,opt_d84_001,D84,"Convertible top, Carbon Flash-painted nacelles and roof",,194,1295,1295,82,row 82: 1295 Convertible Only,,conditional_price_candidate,defer_to_price_rules,"1295 | row 82: 1295 Convertible Only | 82 | Convertible top, Carbon Flash-painted nacelles and roof | Not available with exterior color (GBA) Black. | Not available with exterior color (GBA) Black."
z06,z06_options,109,opt_dsz_001,DSZ,Edge Red Full Length Dual Racing Stripes,,269,1295,1295,251,row 251: 1295,,direct_price_candidate,write_options_price,1295 | row 251: 1295 | 251 | Edge Red Full Length Dual Racing Stripes | Not available with exterior color (GKZ) Torch Red or (GPH) Red Mist Metallic Tintcoat. | Not available with exterior color (GKZ) Torch Red or (GPH) Red Mist Metallic Tintcoat.
z06,z06_options,110,opt_k7b_001,K7B,"Wireless Phone Charging, 2 wireless charging pads for phone or portable devices, located on center console and between seatbacks",,,,,,,,missing_price_evidence,needs_human_review,
z06,z06_options,111,opt_roz_001,ROZ,"Wheels, 20"" x 10"" (50.8 cm x 25.4 cm) front and 21"" x 13"" (53.3 cm x 33 cm) rear visible carbon fiber",,283,13995,13995,275,row 275: 13995,,direct_price_candidate,write_options_price,"13995 | row 275: 13995 | 275 | Wheels, 20"" x 10"" (50.8 cm x 25.4 cm) front and 21"" x 13"" (53.3 cm x 33 cm) rear visible carbon fiber | Requires (J57) carbon ceramic brakes. | Requires (J57) carbon ceramic brakes."
z06,z06_options,112,opt_sln_001,SLN,"LPO, Visible carbon fiber engine cross brace with Jake logo, Genuine Corvette Accessory",,323,2895,2895,143,row 143: 2895,,direct_price_candidate,write_options_price,"2895 | row 143: 2895 | 143 | LPO, Visible carbon fiber engine cross brace with Jake logo, Genuine Corvette Accessory | Not available with (RXI) LT6 engine cover in visible carbon fiber, LPO. | Not available with (RXI) LT6 engine cover in visible carbon fiber, LPO."
z06,z06_options,113,opt_uhx_001,UHX,Lane Keep Assist with Lane Departure Warning,,,,,,,,missing_price_evidence,needs_human_review,
z06,z06_options,114,opt_w2d_001,W2D,"LPO, Cargo net set, Genuine Corvette Accessory",,109,125,125,163,row 163: 125,,direct_price_candidate,write_options_price,"125 | row 163: 125 | 163 | LPO, Cargo net set, Genuine Corvette Accessory"
z06,z06_options,115,opt_xfr_001,XFR,"Tires, 275/30ZR20 front and 345/25ZR21 rear, blackwall, high performance",,,,,,,,missing_price_evidence,needs_human_review,
z06,z06_options,116,opt_a7k_001,A7K,"Seat adjuster, passenger 8-way power",,,,,,,,missing_price_evidence,needs_human_review,
z06,z06_options,117,opt_d86_001,D86,"Convertible top, Carbon Flash-painted nacelles and body-color roof",,195,1295,1295,83,row 83: 1295 Convertible Only,,conditional_price_candidate,defer_to_price_rules,"1295 | row 83: 1295 Convertible Only | 83 | Convertible top, Carbon Flash-painted nacelles and body-color roof | Not available with exterior color (GBA) Black. | Not available with exterior color (GBA) Black."
z06,z06_options,118,opt_dpb_001,DPB,Carbon Flash with Blue accent Full Length Dual Racing Stripes,,261,1295,1295,245,row 245: 1295,,direct_price_candidate,write_options_price,1295 | row 245: 1295 | 245 | Carbon Flash with Blue accent Full Length Dual Racing Stripes | Not available with exterior color (GTR) Admiral Blue Metallic. | Not available with exterior color (GTR) Admiral Blue Metallic.
z06,z06_options,119,opt_drz_001,DRZ,"Rear Camera Mirror, inside rearview auto-dimming with full camera display",,,,,,,,missing_price_evidence,needs_human_review,
z06,z06_options,120,opt_j6l_001,J6L,"Calipers, Orange-painted",,302,795,795,73,row 73: 795 Requires J57,,direct_price_candidate,write_options_price,"795 | row 73: 795 Requires J57 | 73 | Calipers, Orange-painted | Requires (J57) carbon ceramic brakes. | Requires (J57) carbon ceramic brakes."
z06,z06_options,121,opt_rwh_001,RWH,"LPO, Premium indoor car cover, Black with crossed flags logo, Genuine Corvette Accessory",,216,495,495,116,row 116: 495,,direct_price_candidate,write_options_price,"495 | row 116: 495 | 116 | LPO, Premium indoor car cover, Black with crossed flags logo, Genuine Corvette Accessory"
z06,z06_options,122,opt_s2l_001,S2L,"LPO, Set of premium leather weekend/travel bags, Genuine Corvette Accessory",,119,1695,1695,125,row 125: 1695,,direct_price_candidate,write_options_price,"1695 | row 125: 1695 | 125 | LPO, Set of premium leather weekend/travel bags, Genuine Corvette Accessory"
z06,z06_options,123,opt_stz_001,STZ,"Wheels, 20"" x 10"" (50.8 cm x 25.4 cm) front and 21"" x 13"" (53.3 cm x 33 cm) rear visible carbon fiber with Red stripe",,284,15500,15500,285,row 285: 15500,,direct_price_candidate,write_options_price,"15500 | row 285: 15500 | 285 | Wheels, 20"" x 10"" (50.8 cm x 25.4 cm) front and 21"" x 13"" (53.3 cm x 33 cm) rear visible carbon fiber with Red stripe | Requires (J57) carbon ceramic brakes. | Requires (J57) carbon ceramic brakes."
z06,z06_options,124,opt_ug1_001,UG1,"Universal Home Remote, includes garage door opener, 3-channel programmable, located on driver visor",,,,,,,,missing_price_evidence,needs_human_review,
z06,z06_options,125,opt_vup_001,VUP,"LPO, Engine Bay closeout graphics, Genuine Corvette Accessory",,324,575,575,157,row 157: 575,,direct_price_candidate,write_options_price,"575 | row 157: 575 | 157 | LPO, Engine Bay closeout graphics, Genuine Corvette Accessory"
z06,z06_options,126,opt_xfs_001,XFS,"Tires, 275/30ZR20 front and 345/25ZR21 rear, blackwall, Michelin Pilot Sport Cup 2 R ultra performance",,,,,,,,missing_price_evidence,needs_human_review,
z06,z06_options,127,opt_wkr_001,WKR,"LPO, Premium indoor car cover, GT3.R, fully rendered, Genuine Corvette Accessory",,218,1275,1275,165,row 165: 1275,,direct_price_candidate,write_options_price,"1275 | row 165: 1275 | 165 | LPO, Premium indoor car cover, GT3.R, fully rendered, Genuine Corvette Accessory | When ordered with one of the following spoilers: 5V5, 5ZV, 5ZW, or (T0F/T0G) Carbon Fiber Aero Package, High Wing version is provided. | When ordered with one of the following spoilers: 5V5, 5ZV, 5ZW, or (T0F/T0G) Carbon Fiber Aero Package, High Wing version is provided."
z06,z06_options,128,opt_rwj_001,RWJ,"LPO, Premium outdoor car cover, Gray with crossed flags logo and Corvette silhouette, Genuine Corvette Accessory",,219,495,495,117,row 117: 495,,direct_price_candidate,write_options_price,"495 | row 117: 495 | 117 | LPO, Premium outdoor car cover, Gray with crossed flags logo and Corvette silhouette, Genuine Corvette Accessory"
z06,z06_options,129,opt_aup_001,AUP,"Seats, mixed, driver Competition Sport bucket, passenger GT2 bucket",,148,350,350,238,row 238: 350 Requires HVZ; Asymmetrical Adrenaline Red/Jet Black Interior,,direct_price_candidate,write_options_price,"350 | row 238: 350 Requires HVZ; Asymmetrical Adrenaline Red/Jet Black Interior | 238 | Seats, mixed, driver Competition Sport bucket, passenger GT2 bucket | Requires (HVZ) Asymmetrical Adrenaline Red/Jet Black interior or (HAG) Asymmetrical Santorini Blue/Jet Black interior. | Requires (HVZ) Asymmetrical Adrenaline Red/Jet Black interior or (HAG) Asymmetrical Santorini Blue/Jet Black interior."
z06,z06_options,130,opt_dpg_001,DPG,Carbon Flash with Orange accent Full Length Dual Racing Stripes,,263,1295,1295,247,row 247: 1295,,direct_price_candidate,write_options_price,1295 | row 247: 1295 | 247 | Carbon Flash with Orange accent Full Length Dual Racing Stripes | Not available with exterior color (G26) Sebring Orange Tintcoat. | Not available with exterior color (G26) Sebring Orange Tintcoat.
z06,z06_options,131,opt_ki3_001,KI3,"Steering wheel, heated",,,,,,,,missing_price_evidence,needs_human_review,
z06,z06_options,132,opt_n38_001,N38,"Steering column, power tilt and telescopic",,,,,,,,missing_price_evidence,needs_human_review,
z06,z06_options,133,opt_nk4_001,NK4,"Steering wheel, leather-wrapped",,,,,,,,missing_price_evidence,needs_human_review,
z06,z06_options,134,opt_rin_001,RIN,"LPO, Rear Corvette script badge in Arctic White, Genuine Corvette Accessory",,229,440,440,114,row 114: 440,,direct_price_candidate,write_options_price,"440 | row 114: 440 | 114 | LPO, Rear Corvette script badge in Arctic White, Genuine Corvette Accessory | Not available with RIK, SL8. | Not available with RIK, SL8."
z06,z06_options,135,opt_sxb_001,SXB,"LPO, Suede frunk and trunk compartment liner, Black, Genuine Corvette Accessory",,115,2095,2095,150,row 150: 2095,,direct_price_candidate,write_options_price,"2095 | row 150: 2095 | 150 | LPO, Suede frunk and trunk compartment liner, Black, Genuine Corvette Accessory"
z06,z06_options,136,opt_ud7_001,UD7,Rear Park Assist,,,,,,,,missing_price_evidence,needs_human_review,
z06,z06_options,137,opt_sl8_001,SL8,"LPO, Rear Corvette script badge in Edge Red, Genuine Corvette Accessory",,230,495,495,140,row 140: 495,,direct_price_candidate,write_options_price,"495 | row 140: 495 | 140 | LPO, Rear Corvette script badge in Edge Red, Genuine Corvette Accessory | Not available with RIK, RIN. | Not available with RIK, RIN."
z06,z06_options,138,opt_sxr_001,SXR,"LPO, Suede frunk and trunk compartment liner, Adrenaline Red, Genuine Corvette Accessory",,116,2095,2095,151,row 151: 2095,,direct_price_candidate,write_options_price,"2095 | row 151: 2095 | 151 | LPO, Suede frunk and trunk compartment liner, Adrenaline Red, Genuine Corvette Accessory"
z06,z06_options,139,opt_rik_001,RIK,"LPO, Rear Corvette script badge in Torch Red, Genuine Corvette Accessory",,231,395,395,113,row 113: 395,,direct_price_candidate,write_options_price,"395 | row 113: 395 | 113 | LPO, Rear Corvette script badge in Torch Red, Genuine Corvette Accessory | Not available with RIN, SL8. | Not available with RIN, SL8."
z06,z06_options,140,opt_sxt_001,SXT,"LPO, Suede frunk and trunk compartment liner, Natural, Genuine Corvette Accessory",,117,2695,2695,152,row 152: 2695,,direct_price_candidate,write_options_price,"2695 | row 152: 2695 | 152 | LPO, Suede frunk and trunk compartment liner, Natural, Genuine Corvette Accessory"
z06,z06_options,141,opt_dpl_001,DPL,Carbon Flash with Red accent Full Length Dual Racing Stripes,,264,1295,1295,248,row 248: 1295,,direct_price_candidate,write_options_price,1295 | row 248: 1295 | 248 | Carbon Flash with Red accent Full Length Dual Racing Stripes | Not available with exterior color (GKZ) Torch Red or (GPH) Red Mist Metallic Tintcoat. | Not available with exterior color (GKZ) Torch Red or (GPH) Red Mist Metallic Tintcoat.
z06,z06_options,142,opt_sig_001,SIG,"LPO, Spoiler extension, clear smoked center bridge with Jake logo, Genuine Corvette Accessory",,234,425,425,138,row 138: 425,,direct_price_candidate,write_options_price,"425 | row 138: 425 | 138 | LPO, Spoiler extension, clear smoked center bridge with Jake logo, Genuine Corvette Accessory | Requires (T0E) rear spoiler. | Requires (T0E) rear spoiler."
z06,z06_options,143,opt_tdm_001,TDM,"Teen Driver, a configurable feature that lets you activate customizable vehicle settings associated with a key fob, to help encourage safe driving behavior. It can limit certain available vehicle features, and it prevents certain safety systems from being turned off. An in-vehicle report card gives you information on driving habits and helps you to continue to coach your new driver",,,,,,,,missing_price_evidence,needs_human_review,
z06,z06_options,144,opt_vhm_001,VHM,"Vehicle health management, provides advanced warning of vehicle issues",,,,,,,,missing_price_evidence,needs_human_review,
z06,z06_options,145,opt_dpt_001,DPT,Carbon Flash with Silver accent Full Length Dual Racing Stripes,,265,1295,1295,249,row 249: 1295,,direct_price_candidate,write_options_price,1295 | row 249: 1295 | 249 | Carbon Flash with Silver accent Full Length Dual Racing Stripes
z06,z06_options,146,opt_kqv_001,KQV,"Seats, heated and vented driver and passenger",,,,,,,,missing_price_evidence,needs_human_review,
z06,z06_options,147,opt_al9_001,AL9,"Seat adjuster, power driver lumbar control",,,,,,,,missing_price_evidence,needs_human_review,
z06,z06_options,148,opt_dpc_001,DPC,Carbon Flash with Yellow accent Full Length Dual Racing Stripes,,262,1295,1295,246,row 246: 1295,,direct_price_candidate,write_options_price,1295 | row 246: 1295 | 246 | Carbon Flash with Yellow accent Full Length Dual Racing Stripes | Not available with exterior color (GBK) Competition Yellow Tintcoat Metallic. | Not available with exterior color (GBK) Competition Yellow Tintcoat Metallic.
z06,z06_options,149,opt_at9_001,AT9,"Seat adjuster, power passenger lumbar control",,,,,,,,missing_price_evidence,needs_human_review,
z06,z06_options,150,opt_duk_001,DUK,Asymmetrical Edge Red/Carbon Flash Full Length Dual Racing Stripes,,260,1295,1295,257,row 257: 1295,,direct_price_candidate,write_options_price,1295 | row 257: 1295 | 257 | Asymmetrical Edge Red/Carbon Flash Full Length Dual Racing Stripes | Not available with exterior color (GKZ) Torch Red or (GPH) Red Mist Metallic Tintcoat. | Not available with exterior color (GKZ) Torch Red or (GPH) Red Mist Metallic Tintcoat.
z06,z06_options,151,opt_g0k_001,G0K,"Rear axle, 5.56 ratio",,,,,,,,missing_price_evidence,needs_human_review,
z06,z06_options,152,opt_ahe_001,AHE,"Seat adjuster, driver power bolster",,,,,,,,missing_price_evidence,needs_human_review,
z06,z06_options,153,opt_b4z_001,B4Z,Performance Traction Management,,,,,,,,missing_price_evidence,needs_human_review,
z06,z06_options,154,opt_due_001,DUE,NEW!Asymmetrical Santorini Blue/Carbon Flash Full Length Dual Racing Stripes,,259,1295,1295,256,row 256: 1295,,direct_price_candidate,write_options_price,1295 | row 256: 1295 | 256 | NEW!Asymmetrical Santorini Blue/Carbon Flash Full Length Dual Racing Stripes | Not available with exterior color (GTR) Admiral Blue Metallic. | Not available with exterior color (GTR) Admiral Blue Metallic.
z06,z06_options,155,opt_ahh_001,AHH,"Seat adjuster, passenger power bolster",,,,,,,,missing_price_evidence,needs_human_review,
z06,z06_options,156,opt_dzu_001,DZU,Carbon Flash/Competition Yellow Stinger Stripe,,274,595,595,259,row 259: 595,,direct_price_candidate,write_options_price,595 | row 259: 595 | 259 | Carbon Flash/Competition Yellow Stinger Stripe | Not available with exterior color (GBK) Competition Yellow Tintcoat Metallic. | Not available with exterior color (GBK) Competition Yellow Tintcoat Metallic.
z06,z06_options,157,opt_aqa_001,AQA,"Memory Driver and Passenger Convenience Package, includes steering wheel and outside mirrors plus seat memory for both driver and passenger; key fob or door button activated",,,,,,,,missing_price_evidence,needs_human_review,
z06,z06_options,158,opt_dzx_001,DZX,Carbon Flash/Edge Red Stinger Stripe,,272,595,595,261,row 261: 595,,direct_price_candidate,write_options_price,595 | row 261: 595 | 261 | Carbon Flash/Edge Red Stinger Stripe | Not available with exterior color (GKZ) Torch Red or (GPH) Red Mist Metallic Tintcoat. | Not available with exterior color (GKZ) Torch Red or (GPH) Red Mist Metallic Tintcoat.
z06,z06_options,159,opt_ap9_001,AP9,"Cargo nets, 2",,,,,,,,missing_price_evidence,needs_human_review,
z06,z06_options,160,opt_dzv_001,DZV,Carbon Flash/Midnight Silver Stinger Stripe,,273,595,595,260,row 260: 595,,direct_price_candidate,write_options_price,595 | row 260: 595 | 260 | Carbon Flash/Midnight Silver Stinger Stripe
z06,z06_options,161,opt_dyx_001,DYX,"Mirrors, outside heated, power-adjustable, power-folding, driver-side auto-dimming with turn signal indicators",,,,,,,,missing_price_evidence,needs_human_review,
z06,z06_options,162,opt_sht_001,SHT,"LPO, Jake hood graphic with Tech Bronze accent, Genuine Corvette Accessory",,238,495,495,136,row 136: 495,,direct_price_candidate,write_options_price,"495 | row 136: 495 | 136 | LPO, Jake hood graphic with Tech Bronze accent, Genuine Corvette Accessory | Not available with PDA, SNE or RPO stripes (DPB, DPC, DPG, DPL, DPT, DSY, DSZ, DT0, DTB, DTH, DUB, DUE, DUK, DUW, DZU, DZV, DZX). Included with (PCZ) Tech Bronze Accent Package, LPO. | Not available with PDA, SNE or RPO stripes (DPB, DPC, DPG, DPL, DPT, DSY, DSZ, DT0, DTB, DTH, DUB, DUE, DUK, DUW, DZU, DZV, DZX). Included with (PCZ) Tech Bronze Accent Package, LPO."
z06,z06_options,163,opt_uft_001,UFT,Side Blind Zone Alert,,,,,,,,missing_price_evidence,needs_human_review,
z06,z06_options,164,opt_vpo_001,VPO,"LPO, Jake C8.R rear hash graphic with Tech Bronze accent, Genuine Corvette Accessory",,236,575,575,153,row 153: 575,,direct_price_candidate,write_options_price,"575 | row 153: 575 | 153 | LPO, Jake C8.R rear hash graphic with Tech Bronze accent, Genuine Corvette Accessory | Not available with VPW or PDA. Included with (PCZ) Tech Bronze Accent Package, LPO. | Not available with VPW or PDA. Included with (PCZ) Tech Bronze Accent Package, LPO."
z06,z06_options,165,opt_utj_001,UTJ,"Theft-deterrent system, electrical, unauthorized entry, activates the horn",,,,,,,,missing_price_evidence,needs_human_review,
z06,z06_options,166,opt_utv_001,UTV,"Theft deterrent sensor, vehicle interior movement",,,,,,,,missing_price_evidence,needs_human_review,
z06,z06_options,167,opt_utu_001,UTU,"Theft deterrent sensor, vehicle inclination",,,,,,,,missing_price_evidence,needs_human_review,
z06,z06_options,168,opt_085,,Air filtration system with pollen filter,,,,,,,,missing_price_evidence,needs_human_review,
z06,z06_options,169,opt_095,,"Console, floor, 2 cup holders, auxiliary power outlet, 3 USB ports (2 type-C, 1 type-A), passenger grab handle and lockable storage",,,,,,,,missing_price_evidence,needs_human_review,
z06,z06_options,170,opt_096,,"Cruise control, electronic with set and resume speed",,,,,,,,missing_price_evidence,needs_human_review,
z06,z06_options,171,opt_098,,"Door locks, power programmable with lockout protection",,,,,,,,missing_price_evidence,needs_human_review,
z06,z06_options,172,opt_099,,"Floor mats, carpeted",,,,,,,,missing_price_evidence,needs_human_review,
z06,z06_options,173,opt_101,,"Hatch release, push button open",,,,,,,,missing_price_evidence,needs_human_review,
z06,z06_options,174,opt_103,,"Keyless Open and Start, includes 2 remote transmitters that enable automatic door unlock and open by touching door switch",,,,,,,,missing_price_evidence,needs_human_review,
z06,z06_options,175,opt_105,,"Lighting, interior, theater dimming",,,,,,,,missing_price_evidence,needs_human_review,
z06,z06_options,176,opt_129,,"OnStar Basics (OnStar Fleet Basics for Fleet) Drive with confidence and convenience using core OnStar services, featuring built-in voice assistance, real-time navigation, and access to audio streaming apps. With your vehicle mobile app, you can seamlessly manage your vehicle by sending commands and enjoy peace of mind knowing Automatic Crash Response can connect you to help if you’re in need.",,,,,,,,missing_price_evidence,needs_human_review,
z06,z06_options,177,opt_137,,Remote vehicle starter system,,,,,,,,missing_price_evidence,needs_human_review,
z06,z06_options,178,opt_162,,"Steering wheel controls, audio, voice recognition, cruise and Driver Information Center",,,,,,,,missing_price_evidence,needs_human_review,
z06,z06_options,179,opt_167,,"Custom Leather Wrapped Interior Package, features leather-wrapped upper instrument panel, door trim panels and console",,,,,,,,missing_price_evidence,needs_human_review,
z06,z06_options,180,opt_172,,"Theft-deterrent system, vehicle, push button start, immobilizer and audible visual alarm",,,,,,,,missing_price_evidence,needs_human_review,
z06,z06_options,181,opt_176,,"Trunk release, push button open",,,,,,,,missing_price_evidence,needs_human_review,
z06,z06_options,182,opt_179,,"Visors, driver and passenger illuminated vanity mirrors, covered",,,,,,,,missing_price_evidence,needs_human_review,
z06,z06_options,183,opt_180,,"Windows, power with driver and passenger Express-Down/Up",,,,,,,,missing_price_evidence,needs_human_review,
z06,z06_options,184,opt_187,,"Antenna, integral front and rear",,,,,,,,missing_price_evidence,needs_human_review,
z06,z06_options,185,opt_197,,Daytime running lamps,,,,,,,,missing_price_evidence,needs_human_review,
z06,z06_options,186,opt_203,,"Glass, Solar-Ray light-tinted",,,,,,,,missing_price_evidence,needs_human_review,
z06,z06_options,187,opt_288,,"Wipers, front intermittent",,,,,,,,missing_price_evidence,needs_human_review,
z06,z06_options,188,opt_289,,"Active handling stability control, improves traction and enhances vehicle stability",,,,,,,,missing_price_evidence,needs_human_review,
z06,z06_options,189,opt_295,,NEW!Intersection Automatic Emergency Braking,,,,,,,,missing_price_evidence,needs_human_review,
z06,z06_options,190,opt_319,,"Frame, aluminum structure",,,,,,,,missing_price_evidence,needs_human_review,
z06,z06_options,191,opt_326,,Oil life monitoring system,,,,,,,,missing_price_evidence,needs_human_review,
z06,z06_options,192,opt_329,,"Steering, power, electric, speed-sensitive, rack-and-pinion, variable ratio",,,,,,,,missing_price_evidence,needs_human_review,
z06,z06_options,193,opt_332,,"Traction control, all-speed",,,,,,,,missing_price_evidence,needs_human_review,
z06,z06_options,194,opt_36s_001,36S,"Competition Yellow custom leather stitch, includes seats, instrument panel, doors and console",,166,495,495,199,row 199: 495 Requires Jet Black Interior,,direct_price_candidate,write_options_price,"495 | row 199: 495 Requires Jet Black Interior | 199 | Competition Yellow custom leather stitch, includes seats, instrument panel, doors and console | Requires (H1Y/HTM/HTP) Jet Black interior.
Requires (HTE/HTT/HUB/HUC) Jet Black interior. | Requires (H1Y/HTM/HTP) Jet Black interior.
Requires (HTE/HTT/HUB/HUC) Jet Black interior."
z06,z06_options,195,opt_37s_001,37S,"Santorini Blue custom leather stitch, includes seats, instrument panel, doors and console",,164,495,495,201,row 201: 495 requires Jet Black Interior,,direct_price_candidate,write_options_price,"495 | row 201: 495 requires Jet Black Interior | 201 | Santorini Blue custom leather stitch, includes seats, instrument panel, doors and console | Requires (H1Y/HTM/HTP) Jet Black interior.
Requires (HTE/HTT/HUB/HUC) Jet Black interior. | Requires (H1Y/HTM/HTP) Jet Black interior.
Requires (HTE/HTT/HUB/HUC) Jet Black interior."
z06,z06_options,196,opt_38s_001,38S,"Adrenaline Red custom leather stitch, includes seats, instrument panel, doors and console",,165,495,495,202,row 202: 495 requires Jet Black or Adrenaline Red/Jack Black Interior,,direct_price_candidate,write_options_price,"495 | row 202: 495 requires Jet Black or Adrenaline Red/Jack Black Interior | 202 | Adrenaline Red custom leather stitch, includes seats, instrument panel, doors and console | Requires (H1Y/HTM/HTP) Jet Black interior.
Requires (HTE/HTT/HUB/HUC) Jet Black interior or (HU0/HXO) Adrenaline Red/Jet Black interior. | Requires (H1Y/HTM/HTP) Jet Black interior.
Requires (HTE/HTT/HUB/HUC) Jet Black interior or (HU0/HXO) Adrenaline Red/Jet Black interior."
z06,z06_options,197,opt_5dh_001,5DH,"LPO, 20"" x 10"" (50.8 cm x 25.4 cm) front and 21"" x 13"" (53.3 cm x 33 cm) rear Spider design, Satin Graphite forged aluminum with Red stripe wheels. Includes Black lug nuts and Black wheel locks. Accessory LPO wheels are a second set of wheels. Please ensure customer desires 2 sets of wheels before ordering. Accessory wheels do not include additional wheels caps, factory wheels caps may be reused, or additional wheel caps may be purchased. Genuine Corvette Accessory",,245,4450,4450,86,row 86: 4450 Z06,,direct_price_candidate,write_options_price,"4450 | row 86: 4450 Z06 | 86 | LPO, 20"" x 10"" (50.8 cm x 25.4 cm) front and 21"" x 13"" (53.3 cm x 33 cm) rear Spider design, Satin Graphite forged aluminum with Red stripe wheels. Includes Black lug nuts and Black wheel locks. Accessory LPO wheels are a second set of wheels. Please ensure customer desires 2 sets of wheels before ordering. Accessory wheels do not include additional wheels caps, factory wheels caps may be reused, or additional wheel caps may be purchased. Genuine Corvette Accessory | Not available with R8C, SPZ, SFE, SPY, S47, ROY, ROZ, STZ. | Not available with R8C, SPZ, SFE, SPY, S47, ROY, ROZ, STZ."
z06,z06_options,198,opt_5dk_001,5DK,"LPO, 20"" x 10"" (50.8 cm x 25.4 cm) front and 21"" x 13"" (53.3 cm x 33 cm) rear Spider design, Tech Bronze forged aluminum wheels. Includes Black lug nuts, Black wheel locks, and Tech Bronze wheel center caps. Accessory LPO wheels are a second set of wheels. Please ensure customer desires 2 sets of wheels before ordering. Genuine Corvette Accessory",,246,4450,4450,87,row 87: 4450 Z06,,direct_price_candidate,write_options_price,"4450 | row 87: 4450 Z06 | 87 | LPO, 20"" x 10"" (50.8 cm x 25.4 cm) front and 21"" x 13"" (53.3 cm x 33 cm) rear Spider design, Tech Bronze forged aluminum wheels. Includes Black lug nuts, Black wheel locks, and Tech Bronze wheel center caps. Accessory LPO wheels are a second set of wheels. Please ensure customer desires 2 sets of wheels before ordering. Genuine Corvette Accessory | Not available with R8C, SPZ, SFE, SPY, S47, ROY, ROZ, STZ. Included with (PCZ) Tech Bronze Accent Package, LPO. | Not available with R8C, SPZ, SFE, SPY, S47, ROY, ROZ, STZ. Included with (PCZ) Tech Bronze Accent Package, LPO."
z06,z06_options,199,opt_5v5_001,5V5,"LPO, Spoiler, Visible Carbon Fiber, Genuine Corvette Accessory",,,,,,,,missing_price_evidence,needs_human_review,
z06,z06_options,200,opt_cfv_002,CFV,"Ground effects, visible carbon fiber",,206,4495,4495,182,row 182: 4495 Std on ZR1 and ZR1X,,conditional_price_candidate,defer_to_price_rules,"4495 | row 182: 4495 Std on ZR1 and ZR1X | 182 | Ground effects, visible carbon fiber | Included with (T0G) Visible Carbon Fiber Aero Package. | Included with (T0G) Visible Carbon Fiber Aero Package."
z06,z06_options,201,opt_dy0_002,DY0,"Display hood, Carbon Fiber, located above the Driver Information Center display",,98,795,795,208,"row 208: 795 located above Driver Information Center Display, 3LZ; Std on ZR1/ZR1X",,conditional_price_candidate,defer_to_price_rules,"795 | row 208: 795 located above Driver Information Center Display, 3LZ; Std on ZR1/ZR1X | 208 | Display hood, Carbon Fiber, located above the Driver Information Center display"
z06,z06_options,202,opt_efy_001,EFY,"Exterior accents, body-color, side vents, rockers, splitter and front/rear grille accents",,199,995,995,186,row 186: 995,,direct_price_candidate,write_options_price,"995 | row 186: 995 | 186 | Exterior accents, body-color, side vents, rockers, splitter and front/rear grille accents | Not available with exterior color (GBA) Black. Rockers are not body-color when (CFZ/CFV) ground effects is also ordered.
Not available with exterior color (GBA) Black. Also includes tonneau grille. Rockers are not body-color when (CFZ/CFV) ground effects is also ordered. | Not available with exterior color (GBA) Black. Rockers are not body-color when (CFZ/CFV) ground effects is also ordered.
Not available with exterior color (GBA) Black. Also includes tonneau grille. Rockers are not body-color when (CFZ/CFV) ground effects is also ordered."
z06,z06_options,203,opt_fa6_001,FA6,"Trim, interior, level 2, carbon fiber instrument panel trim, cluster-surround and console/door inserts",,171,5295,5295,210,row 210: 5295 3LZ only,,conditional_price_candidate,defer_to_price_rules,"5295 | row 210: 5295 3LZ only | 210 | Trim, interior, level 2, carbon fiber instrument panel trim, cluster-surround and console/door inserts | Not available with (FA5) carbon fiber interior trim. | Not available with (FA5) carbon fiber interior trim."
z06,z06_options,204,opt_fe6_002,FE6,"Suspension, performance with Magnetic Selective Ride Control",,,,,,,,missing_price_evidence,needs_human_review,
z06,z06_options,205,opt_fe7_001,FE7,"Suspension, Z07 with Magnetic Selective Ride Control",,,,,,,,missing_price_evidence,needs_human_review,
z06,z06_options,206,opt_lt6_002,LT6,"Engine, 5.5L V8 DI, high-output, Variable Valve Timing (VVT), (670 hp [499.6 kW] @ 8400 rpm, 460 lb-ft of torque [623.8 N-m] @ 6300 rpm)",,,,,,,,missing_price_evidence,needs_human_review,
z06,z06_options,207,opt_m1m_002,M1M,"Transmission, 8-speed dual clutch, includes manual and auto modes",,,,,,,,missing_price_evidence,needs_human_review,
z06,z06_options,208,opt_n26_001,N26,"Steering wheel, sueded microfiber-wrapped",,160,695,695,211,row 211: 695 N/A on 3LZ,,conditional_price_candidate,defer_to_price_rules,"695 | row 211: 695 N/A on 3LZ | 211 | Steering wheel, sueded microfiber-wrapped | Requires (HTJ) Jet Black interior.
Requires leather seating surfaces with perforated sueded microfiber inserts interior: HTP, HU6, HU7, HTQ. | Requires (HTJ) Jet Black interior.
Requires leather seating surfaces with perforated sueded microfiber inserts interior: HTP, HU6, HU7, HTQ."
z06,z06_options,209,opt_n2z_001,N2Z,"Steering wheel, carbon fiber and sueded microfiber-wrapped",,161,895,895,212,row 212: 895 3LZ only,,conditional_price_candidate,defer_to_price_rules,"895 | row 212: 895 3LZ only | 212 | Steering wheel, carbon fiber and sueded microfiber-wrapped | Requires leather seating surfaces with perforated sueded microfiber inserts interiors: HTT, HU9, HUA, HTG, HUF, HMO, HVT, HXO, HZP, HUX, EPX, HUB. | Requires leather seating surfaces with perforated sueded microfiber inserts interiors: HTT, HU9, HUA, HTG, HUF, HMO, HVT, HXO, HZP, HUX, EPX, HUB."
z06,z06_options,210,opt_n3w_002,N3W,"Steering wheel, carbon fiber and leather-wrapped",,,,,,,,missing_price_evidence,needs_human_review,
z06,z06_options,211,opt_pbc_001,PBC,Customer Engine Build Program,,311,9995,9995,50,row 50: 9995 LT6 and LT7 Engines only,,direct_price_candidate,write_options_price,9995 | row 50: 9995 LT6 and LT7 Engines only | 50 | Customer Engine Build Program
z06,z06_options,212,opt_pcz_001,PCZ,"LPO, Tech Bronze Accent Package, includes (5DK) 20"" front/21"" rear Spider design, Tech Bronze forged aluminum wheels LPO, (SFZ) Dark Stealth crossed flags emblem LPO, (SHT) Jake hood graphic with Tech Bronze accent LPO and (VPO) Jake C8.R rear hash graphic with Tech Bronze accent LPO , Genuine Corvette Accessories",,213,5295,5295,106,row 106: 5295 Z06,,direct_price_candidate,write_options_price,"5295 | row 106: 5295 Z06 | 106 | LPO, Tech Bronze Accent Package, includes (5DK) 20"" front/21"" rear Spider design, Tech Bronze forged aluminum wheels LPO, (SFZ) Dark Stealth crossed flags emblem LPO, (SHT) Jake hood graphic with Tech Bronze accent LPO and (VPO) Jake C8.R rear hash graphic with Tech Bronze accent LPO , Genuine Corvette Accessories | Not available with R8C, SPZ, SFE, SPY, S47, ROY, ROZ, STZ, EYK, PDA, SNE or RPO stripes (DPB, DPC, DPG, DPL, DPT, DSY, DSZ, DT0, DTB, DTH, DUB, DUE, DUK, DUW, DZU, DZV, DZX). | Not available with R8C, SPZ, SFE, SPY, S47, ROY, ROZ, STZ, EYK, PDA, SNE or RPO stripes (DPB, DPC, DPG, DPL, DPT, DSY, DSZ, DT0, DTB, DTH, DUB, DUE, DUK, DUW, DZU, DZV, DZX)."
z06,z06_options,213,opt_pda_001,PDA,"LPO, Jake C8.R Graphics Package, includes (SNE) Jake hood graphic, LPO and (VPW) Jake C8.R rear hash graphic, LPO, Genuine Corvette Accessories",,212,950,950,107,row 107: 950,,direct_price_candidate,write_options_price,"950 | row 107: 950 | 107 | LPO, Jake C8.R Graphics Package, includes (SNE) Jake hood graphic, LPO and (VPW) Jake C8.R rear hash graphic, LPO, Genuine Corvette Accessories | Not available with RPO stripes (DPB, DPC, DPG, DPL, DPT, DSY, DSZ, DT0, DTB, DTH, DUB, DUE, DUK, DUW, DZU, DZV, DZX). | Not available with RPO stripes (DPB, DPC, DPG, DPL, DPT, DSY, DSZ, DT0, DTB, DTH, DUB, DUE, DUK, DUW, DZU, DZV, DZX)."
z06,z06_options,214,opt_pdb_001,PDB,"Carbon Fiber Wheel and Brake Package, includes (J57) carbon ceramic brakes with (J6D) Dark Gray Metallic-painted calipers and choice of one of the following wheels set: (ROY) 20"" front/21"" rear Carbon Flash-painted carbon fiber wheels, (ROZ) 20"" front/21"" rear visible carbon fiber wheels, or (STZ) 20"" front/21"" rear visible carbon fiber wheels with Red stripe",,,,,,,,package_combo_price_candidate,defer_to_package_combo_design,
z06,z06_options,215,opt_pdd_001,PDD,"Z07 Carbon Flash Aero and Wheel Package, includes (Z07) Z07 Performance Package, (T0F) Carbon Flash-painted Carbon Fiber Aero Package, (CFZ) Carbon Flash-painted carbon fiber ground effects, and choice of one of the following wheels set: (ROY) 20"" front/21"" rear Carbon Flash-painted carbon fiber wheels, (ROZ) 20"" front/21"" rear visible carbon fiber wheels, or (STZ) 20"" front/21"" rear visible carbon fiber wheels with Red stripe",,,,,,,,package_combo_price_candidate,defer_to_package_combo_design,
z06,z06_options,216,opt_pdf_001,PDF,"Z07 Visible Carbon Aero and Wheel Package, includes (Z07) Z07 Performance Package, (T0G) Visible Carbon Fiber Aero Package, (CFV) visible carbon fiber ground effects, and choice of one of the following wheels set: (ROY) 20"" front/21"" rear Carbon Flash-painted carbon fiber wheels, (ROZ) 20"" front/21"" rear visible carbon fiber wheels, or (STZ) 20"" front/21"" rear visible carbon fiber wheels with Red stripe",,,,,,,,package_combo_price_candidate,defer_to_package_combo_design,
z06,z06_options,217,opt_r8e_002,R8E,"Gas guzzler tax, mandatory federal tax added to price of vehicle",,,,,,,,missing_price_evidence,needs_human_review,
z06,z06_options,218,opt_rou_001,ROU,"Wheels, 20"" x 10"" (50.8 cm x 25.4 cm) front and 21"" x 13"" (53.3 cm x 33 cm) rear Pearl Nickel forged aluminum",,287,995,995,272,"row 272: 995 Z06, Grand Sport, & Grand Sport X",,direct_price_candidate,write_options_price,"995 | row 272: 995 Z06, Grand Sport, & Grand Sport X | 272 | Wheels, 20"" x 10"" (50.8 cm x 25.4 cm) front and 21"" x 13"" (53.3 cm x 33 cm) rear Pearl Nickel forged aluminum"
z06,z06_options,219,opt_rox_001,ROX,"Wheels, 20"" x 10"" (50.8 cm x 25.4 cm) front and 21"" x 13"" (53.3 cm x 33 cm) rear Carbon Flash with machined edge forged aluminum",,288,995,995,273,"row 273: 995 Z06, Grand Sport, & Grand Sport X",,direct_price_candidate,write_options_price,"995 | row 273: 995 Z06, Grand Sport, & Grand Sport X | 273 | Wheels, 20"" x 10"" (50.8 cm x 25.4 cm) front and 21"" x 13"" (53.3 cm x 33 cm) rear Carbon Flash with machined edge forged aluminum"
z06,z06_options,220,opt_rxi_001,RXI,"LPO, LT6 engine cover in visible carbon fiber, Genuine Corvette Accessory",,322,2495,2495,120,row 120: 2495 Z06,,direct_price_candidate,write_options_price,"2495 | row 120: 2495 Z06 | 120 | LPO, LT6 engine cover in visible carbon fiber, Genuine Corvette Accessory"
z06,z06_options,221,opt_ryq_001,RYQ,"LPO, Visible Carbon Fiber door intake trim, Genuine Corvette Accessory",,,,,,,,missing_price_evidence,needs_human_review,
z06,z06_options,222,opt_sg1_001,SG1,"LPO, Z06 badges in Edge Red, Genuine Corvette Accessory",,215,325,325,134,row 134: 325 Z06,,direct_price_candidate,write_options_price,"325 | row 134: 325 Z06 | 134 | LPO, Z06 badges in Edge Red, Genuine Corvette Accessory"
z06,z06_options,223,opt_sne_001,SNE,"LPO, Jake hood graphic",,237,595,595,144,row 144: 595,,direct_price_candidate,write_options_price,"595 | row 144: 595 | 144 | LPO, Jake hood graphic | Included with (PDA) Jake C8.R Graphics Package, LPO. Not available with RPO stripes (DPB, DPC, DPG, DPL, DPT, DSY, DSZ, DT0, DTB, DTH, DUB, DUE, DUK, DUW, DZU, DZV, DZX). | Included with (PDA) Jake C8.R Graphics Package, LPO. Not available with RPO stripes (DPB, DPC, DPG, DPL, DPT, DSY, DSZ, DT0, DTB, DTH, DUB, DUE, DUK, DUW, DZU, DZV, DZX)."
z06,z06_options,224,opt_soa_001,SOA,"Wheels, 20"" x 10"" (50.8 cm x 25.4 cm) front and 21"" x 13"" (53.3 cm x 33 cm) rear Spider design, Black forged aluminum",,278,1095,1095,276,row 276: 1095 Z06,,direct_price_candidate,write_options_price,"1095 | row 276: 1095 Z06 | 276 | Wheels, 20"" x 10"" (50.8 cm x 25.4 cm) front and 21"" x 13"" (53.3 cm x 33 cm) rear Spider design, Black forged aluminum"
z06,z06_options,225,opt_soe_002,SOE,"Wheels, 20"" x 10"" (50.8 cm x 25.4 cm) front and 21"" x 13"" (53.3 cm x 33 cm) rear Spider design, Titanium Satin forged aluminum",,,,,,,,missing_price_evidence,needs_human_review,
z06,z06_options,226,opt_som_001,SOM,"Wheels, 20"" x 10"" (50.8 cm x 25.4 cm) front and 21"" x 13"" (53.3 cm x 33 cm) rear bright polished forged aluminum",,285,1495,1495,280,"row 280: 1495 Z06, Grand Sport, & Grand Sport X",,direct_price_candidate,write_options_price,"1495 | row 280: 1495 Z06, Grand Sport, & Grand Sport X | 280 | Wheels, 20"" x 10"" (50.8 cm x 25.4 cm) front and 21"" x 13"" (53.3 cm x 33 cm) rear bright polished forged aluminum"
z06,z06_options,227,opt_son_001,SON,"Wheels, 20"" x 10"" (50.8 cm x 25.4 cm) front and 21"" x 13"" (53.3 cm x 33 cm) rear Gloss Black forged aluminum",,286,1095,1095,281,row 281: 1095,,direct_price_candidate,write_options_price,"1095 | row 281: 1095 | 281 | Wheels, 20"" x 10"" (50.8 cm x 25.4 cm) front and 21"" x 13"" (53.3 cm x 33 cm) rear Gloss Black forged aluminum"
z06,z06_options,228,opt_srk_001,SRK,"Wheels, 20"" x 10"" (50.8 cm x 25.4 cm) front and 21"" x 13"" (53.3 cm x 33 cm) rear 10-spoke, Pearl Nickel forged aluminum",,279,995,995,282,row 282: 995 Z06,,direct_price_candidate,write_options_price,"995 | row 282: 995 Z06 | 282 | Wheels, 20"" x 10"" (50.8 cm x 25.4 cm) front and 21"" x 13"" (53.3 cm x 33 cm) rear 10-spoke, Pearl Nickel forged aluminum"
z06,z06_options,229,opt_srn_001,SRN,"Wheels, 20"" x 10"" (50.8 cm x 25.4 cm) front and 21"" x 13"" (53.3 cm x 33 cm) rear 10-spoke, Gloss Black forged aluminum",,280,1095,1095,283,row 283: 1095 Z06,,direct_price_candidate,write_options_price,"1095 | row 283: 1095 Z06 | 283 | Wheels, 20"" x 10"" (50.8 cm x 25.4 cm) front and 21"" x 13"" (53.3 cm x 33 cm) rear 10-spoke, Gloss Black forged aluminum"
z06,z06_options,230,opt_stx_001,STX,"Wheels, 20"" x 10"" (50.8 cm x 25.4 cm) front and 21"" x 13"" (53.3 cm x 33 cm) rear 10-spoke, Bright Polished forged aluminum with Carbon Flash-painted pockets",,281,1995,1995,284,row 284: 1995 Z06,,direct_price_candidate,write_options_price,"1995 | row 284: 1995 Z06 | 284 | Wheels, 20"" x 10"" (50.8 cm x 25.4 cm) front and 21"" x 13"" (53.3 cm x 33 cm) rear 10-spoke, Bright Polished forged aluminum with Carbon Flash-painted pockets"
z06,z06_options,231,opt_t0g_001,T0G,"Carbon Fiber Aero Package, visible, includes high-wing, dive planes and (CFV) visible carbon fiber ground effects",,190,10995,10995,190,row 190: 10995 Includes CFV Ground Effects,,direct_price_candidate,write_options_price,"10995 | row 190: 10995 Includes CFV Ground Effects | 190 | Carbon Fiber Aero Package, visible, includes high-wing, dive planes and (CFV) visible carbon fiber ground effects | Included with (PDF) Z07 Visible Carbon Aero and Wheel Package. | Included with (PDF) Z07 Visible Carbon Aero and Wheel Package."
z06,z06_options,232,opt_tu7_001,TU7,"Seats, two-tone",,149,595,595,213,row 213: 595 2LT/LZ or 3LT/LZ,,conditional_price_candidate,defer_to_price_rules,"595 | row 213: 595 2LT/LZ or 3LT/LZ | 213 | Seats, two-tone | Requires (AH2) GT2 seats. Available with (HUK/HU6) Sky Cool Gray, (HUL/HU7) Adrenaline Red, (HTN/HTQ) Natural interiors.
Requires (AH2) GT2 seats. Available with (HU1/HU9) Sky Cool Gray, (HU2/HUA) Adrenaline Red, (HUE/HTG) Natural, (HMO/HVV) Jet Black/Sky Cool Gray, (HU0/HXO) Jet Black/Adrenaline Red interiors. | Requires (AH2) GT2 seats. Available with (HUK/HU6) Sky Cool Gray, (HUL/HU7) Adrenaline Red, (HTN/HTQ) Natural interiors.
Requires (AH2) GT2 seats. Available with (HU1/HU9) Sky Cool Gray, (HU2/HUA) Adrenaline Red, (HUE/HTG) Natural, (HMO/HVV) Jet Black/Sky Cool Gray, (HU0/HXO) Jet Black/Adrenaline Red interiors."
z06,z06_options,233,opt_u2k_002,U2K,SiriusXM with 360L Trial Subscription. SiriusXM with 360L transforms your customers' ride with our most extensive and personalized radio experience on the road.,,,,,,,,missing_price_evidence,needs_human_review,
z06,z06_options,234,opt_u5g_002,U5G,5G vehicle connectivity,,,,,,,,missing_price_evidence,needs_human_review,
z06,z06_options,235,opt_ue1_002,UE1,OnStar services capable,,,,,,,,missing_price_evidence,needs_human_review,
z06,z06_options,236,opt_v8x_001,V8X,"LPO, Visible Carbon Fiber sill plates Genuine Corvette Accessory",,,,,,,,missing_price_evidence,needs_human_review,
z06,z06_options,237,opt_vk3_001,VK3,"License plate bracket, front",,211,40,40,195,row 195: 40 &R7E,,direct_price_candidate,write_options_price,"40 | row 195: 40 &R7E | 195 | License plate bracket, front | Will be forced on orders with ship-to states that require a front license plate. | Will be forced on orders with ship-to states that require a front license plate."
z06,z06_options,238,opt_vpw_001,VPW,"LPO, Jake C8.R rear hash graphic, Genuine Corvette Accessory",,235,575,575,154,row 154: 575 Z06,,direct_price_candidate,write_options_price,"575 | row 154: 575 Z06 | 154 | LPO, Jake C8.R rear hash graphic, Genuine Corvette Accessory | Included with (PDA) Jake C8.R Graphics Package, LPO. | Included with (PDA) Jake C8.R Graphics Package, LPO."
z06,z06_options,239,opt_vv4_002,VV4,Wi-Fi Hotspot capable,,,,,,,,missing_price_evidence,needs_human_review,
z06,z06_options,240,opt_wks_001,WKS,"LPO, Premium indoor car cover, Galvanized Cool with Z06 logo, Genuine Corvette Accessory",,217,495,495,166,row 166: 495 Z06,,direct_price_candidate,write_options_price,"495 | row 166: 495 Z06 | 166 | LPO, Premium indoor car cover, Galvanized Cool with Z06 logo, Genuine Corvette Accessory"
zr1,zr1_options,2,opt_b6p_001,B6P,"Coupe Engine Appearance Package, includes carbon fiber trim and (SL9) engine specification plaque, LPO",,464;898,1895; 1895,1895,171 || 171,row 171: 1895 || row 171: 1895,,direct_price_candidate,write_options_price,"1895 | row 171: 1895 | 171 | Coupe Engine Appearance Package, includes carbon fiber trim and (SL9) engine specification plaque, LPO | 1895 | row 171: 1895 | 171 | Coupe Engine Appearance Package, includes carbon fiber trim and (SL9) engine specification plaque, LPO"
zr1,zr1_options,3,opt_pdy_001,PDY,"LPO, Roadside Safety Package, includes (RYT) First Aid Kit, LPO and (S08) Highway Safety Kit, LPO, Genuine Corvette Accessory",,554,195,195,109,row 109: 195 Includes First Aid Kit and Highway Safety Kit,,direct_price_candidate,write_options_price,"195 | row 109: 195 Includes First Aid Kit and Highway Safety Kit | 109 | LPO, Roadside Safety Package, includes (RYT) First Aid Kit, LPO and (S08) Highway Safety Kit, LPO, Genuine Corvette Accessory"
zr1,zr1_options,4,opt_zz3_001,ZZ3,"Convertible Engine Appearance Package, includes window under tonneau cover, engine intake and (SL9) engine specification plaque, LPO",,466;900,1195; 1195,1195,193 || 193,row 193: 1195 || row 193: 1195,,direct_price_candidate,write_options_price,"1195 | row 193: 1195 | 193 | Convertible Engine Appearance Package, includes window under tonneau cover, engine intake and (SL9) engine specification plaque, LPO | 1195 | row 193: 1195 | 193 | Convertible Engine Appearance Package, includes window under tonneau cover, engine intake and (SL9) engine specification plaque, LPO"
zr1,zr1_options,5,opt_ryt_001,RYT,"LPO, First Aid Kit, Genuine Corvette Accessory",,564,60,60,122,row 122: 60,,direct_price_candidate,write_options_price,"60 | row 122: 60 | 122 | LPO, First Aid Kit, Genuine Corvette Accessory | Included with (PDY) Roadside Safety Package. | Included with (PDY) Roadside Safety Package."
zr1,zr1_options,6,opt_s08_001,S08,"LPO, Highway Safety Kit, Genuine Corvette Accessory",,574,150,150,124,row 124: 150,,direct_price_candidate,write_options_price,"150 | row 124: 150 | 124 | LPO, Highway Safety Kit, Genuine Corvette Accessory | Included with (PDY) Roadside Safety Package. | Included with (PDY) Roadside Safety Package."
zr1,zr1_options,7,opt_719_001,719,"Seat belt color, Black",,,,,,,,missing_price_evidence,needs_human_review,
zr1,zr1_options,8,opt_aj7_001,AJ7,"Airbags, frontal and side-impact, driver and passenger with Passenger Sensing System",,,,,,,,missing_price_evidence,needs_human_review,
zr1,zr1_options,9,opt_aq9_001,AQ9,"Seats, GT1 bucket",,,,,,,,missing_price_evidence,needs_human_review,
zr1,zr1_options,10,opt_cj2_001,CJ2,"Air conditioning, dual-zone automatic climate control, individual climate settings for driver and passenger, with outside temperature display",,,,,,,,missing_price_evidence,needs_human_review,
zr1,zr1_options,11,opt_d30_001,D30,"Color Combination Override, provides the opportunity to individualize vehicle appearance by overriding recommended restrictions to exterior, interior and seat belt color combinations",,524,1495,1495,48,row 48: 1495,,direct_price_candidate,write_options_price,"1495 | row 48: 1495 | 48 | Color Combination Override, provides the opportunity to individualize vehicle appearance by overriding recommended restrictions to exterior, interior and seat belt color combinations | To be used exclusively to override exterior, interior and seat belt color combinations. SOLD orders only. Color Combination Override is available at an additional charge. | To be used exclusively to override exterior, interior and seat belt color combinations. SOLD orders only. Color Combination Override is available at an additional charge."
zr1,zr1_options,12,opt_d3v_001,D3V,Engine lighting,,468;902,195; 195,195,184 || 184,row 184: 195 Coupe Only || row 184: 195 Coupe Only,,conditional_price_candidate,defer_to_price_rules,195 | row 184: 195 Coupe Only | 184 | Engine lighting | 195 | row 184: 195 Coupe Only | 184 | Engine lighting
zr1,zr1_options,13,opt_drg_001,DRG,"Mirrors, outside, Carbon Flash Metallic-painted",,,,,,,,missing_price_evidence,needs_human_review,
zr1,zr1_options,14,opt_dth_001,DTH,Carbon Flash Metallic Full Length Dual Racing Stripes,,826,1295,1295,254,row 254: 1295,,direct_price_candidate,write_options_price,1295 | row 254: 1295 | 254 | Carbon Flash Metallic Full Length Dual Racing Stripes
zr1,zr1_options,15,opt_efr_001,EFR,"Exterior accents, Carbon Flash, side vents and front/rear grille accents",,,,,,,,missing_price_evidence,needs_human_review,
zr1,zr1_options,16,opt_eri_001,ERI,Battery Protection Package,,854,100,100,66,row 66: 100,,direct_price_candidate,write_options_price,100 | row 66: 100 | 66 | Battery Protection Package | 12-volt battery. | 12-volt battery.
zr1,zr1_options,17,opt_eyt_001,EYT,Carbon Flash Exterior Badge Package,,,,,,,,missing_price_evidence,needs_human_review,
zr1,zr1_options,18,opt_ive_001,IVE,"Infotainment system with Google Built-In,12.7"" diagonal center console display, 14"" diagonal Driver Information Center, and 6.6"" diagonal auxiliary touchscreen, with Google Built-In compatibility, including navigation capability, connected apps, Natural Voice Recognition. Phone integration for Wireless Apple CarPlay/Wireless Android Auto for compatible phones",,,,,,,,missing_price_evidence,needs_human_review,
zr1,zr1_options,19,opt_nga_001,NGA,"Exhaust tips, Black",,,,,,,,missing_price_evidence,needs_human_review,
zr1,zr1_options,20,opt_r8c_001,R8C,"Corvette Museum Delivery, acknowledgement form required, includes (CFX) Corvette Museum logo plaque personalized with your name and VIN",,720,1695,1695,62,row 62: 1695,,direct_price_candidate,write_options_price,"1695 | row 62: 1695 | 62 | Corvette Museum Delivery, acknowledgement form required, includes (CFX) Corvette Museum logo plaque personalized with your name and VIN | Must also add Ship To BAC 184590 (Dealer code 31-728). Available on SOLD orders only. Not available with LPO wheels. | Must also add Ship To BAC 184590 (Dealer code 31-728). Available on SOLD orders only. Not available with LPO wheels."
zr1,zr1_options,21,opt_sda_001,SDA,"LPO, Black recovery hook, Genuine Corvette Accessory",,766,150,150,131,row 131: 150,,direct_price_candidate,write_options_price,"150 | row 131: 150 | 131 | LPO, Black recovery hook, Genuine Corvette Accessory"
zr1,zr1_options,22,opt_spy_001,SPY,"LPO, Black lug nuts, Genuine Corvette Accessory",,786,320,320,146,row 146: 320,,direct_price_candidate,write_options_price,"320 | row 146: 320 | 146 | LPO, Black lug nuts, Genuine Corvette Accessory | Not available with (S47) Chrome lug nuts, LPO. | Not available with (S47) Chrome lug nuts, LPO."
zr1,zr1_options,23,opt_t0e_001,T0E,"Spoiler, rear",,,,,,,,missing_price_evidence,needs_human_review,
zr1,zr1_options,24,opt_uqt_001,UQT,Performance data and video recorder,,382;604,1495; 1495,1495,64 || 64,row 64: 1495 1LT/LZ || row 64: 1495 1LT/LZ,,conditional_price_candidate,defer_to_price_rules,1495 | row 64: 1495 1LT/LZ | 64 | Performance data and video recorder | 1495 | row 64: 1495 1LT/LZ | 64 | Performance data and video recorder
zr1,zr1_options,25,opt_uv6_001,UV6,"Head-Up Display, color display with 3 modes: tour, sport, track; can display speed, gear, tachometer, paddle shift lights, turn signals, bright headlamps, turn-by-turn navigation, g-meter, speed limit",,,,,,,,missing_price_evidence,needs_human_review,
zr1,zr1_options,26,opt_ztk_001,ZTK,"ZTK Track Performance Package, includes (FEJ/FEZ) ZTK suspension with Magnetic Selective Ride Control and (XFS) 275/30ZR20 front and 345/25ZR21 rear Michelin Pilot Sport Cup 2 R ultra performance tires",,,,,,,,missing_price_evidence,needs_human_review,
zr1,zr1_options,27,opt_c2z_001,C2Z,"Roof panel, visible carbon fiber with body-color surround, removable",,442;798,2595; 2595,2595,230 || 230,row 230: 2595 Coupe Only || row 230: 2595 Coupe Only,,conditional_price_candidate,defer_to_price_rules,"2595 | row 230: 2595 Coupe Only | 230 | Roof panel, visible carbon fiber with body-color surround, removable | 2595 | row 230: 2595 Coupe Only | 230 | Roof panel, visible carbon fiber with body-color surround, removable"
zr1,zr1_options,28,opt_sl9_001,SL9,"LPO, Engine specification plaque, Genuine Corvette Accessory",,482;918,125; 125,125,141 || 141,row 141: 125 || row 141: 125,,direct_price_candidate,write_options_price,"125 | row 141: 125 | 141 | LPO, Engine specification plaque, Genuine Corvette Accessory | Included with (B6P/ZZ3) Engine Appearance Package. | Included with (B6P/ZZ3) Engine Appearance Package. | 125 | row 141: 125 | 141 | LPO, Engine specification plaque, Genuine Corvette Accessory | Included with (B6P/ZZ3) Engine Appearance Package. | Included with (B6P/ZZ3) Engine Appearance Package."
zr1,zr1_options,29,opt_e60_001,E60,"Front lift adjustable height with memory, includes (TR7) automatic headlamp leveling system",,730,2995,2995,49,row 49: 2995 2LT/LZ or 3LT/LZ,,conditional_price_candidate,defer_to_price_rules,"2995 | row 49: 2995 2LT/LZ or 3LT/LZ | 49 | Front lift adjustable height with memory, includes (TR7) automatic headlamp leveling system"
zr1,zr1_options,30,opt_j6d_001,J6D,"Calipers, Dark Gray Metallic-painted",,,,,,,,missing_price_evidence,needs_human_review,
zr1,zr1_options,31,opt_3n9_001,3N9,"Seat belt color, Natural",,620,595,595,206,row 206: 595 Std with HZN and HUF,,conditional_price_candidate,defer_to_price_rules,"595 | row 206: 595 Std with HZN and HUF | 206 | Seat belt color, Natural | Recommended with (HTA, HTJ) Jet Black interior.
Recommended with (HMO, HTE, HTT, HU0, HVV, HXO) Jet Black interiors, (HTG, HUE) Natural interiors or (EJH, EPX) Very Dark Atmosphere interiors. Included with (HUF, HZN) Natural Dipped interiors. | Recommended with (HTA, HTJ) Jet Black interior.
Recommended with (HMO, HTE, HTT, HU0, HVV, HXO) Jet Black interiors, (HTG, HUE) Natural interiors or (EJH, EPX) Very Dark Atmosphere interiors. Included with (HUF, HZN) Natural Dipped interiors."
zr1,zr1_options,32,opt_baz_001,BAZ,"Stealth Interior Trim Package, dark finish aluminum trim",,672,695,695,207,row 207: 695 2LT/LZ or 3LT/3LZ,,conditional_price_candidate,defer_to_price_rules,"695 | row 207: 695 2LT/LZ or 3LT/3LZ | 207 | Stealth Interior Trim Package, dark finish aluminum trim"
zr1,zr1_options,33,opt_dub_001,DUB,Sterling Silver Full Length Dual Racing Stripes,,832,1295,1295,255,row 255: 1295,,direct_price_candidate,write_options_price,1295 | row 255: 1295 | 255 | Sterling Silver Full Length Dual Racing Stripes
zr1,zr1_options,34,opt_eyk_001,EYK,Chrome Exterior Badge Package,,716,395,395,188,row 188: 395,,direct_price_candidate,write_options_price,395 | row 188: 395 | 188 | Chrome Exterior Badge Package
zr1,zr1_options,35,opt_iwe_001,IWE,"Sueded Microfiber-Wrapped Upper Interior Trim Package, includes headliner, visors, trim above windshield and rear window, and A-pillar trim",,,,,,,,missing_price_evidence,needs_human_review,
zr1,zr1_options,36,opt_j6f_001,J6F,"Calipers, Bright Red-painted",,872,795,795,72,row 72: 795,,direct_price_candidate,write_options_price,"795 | row 72: 795 | 72 | Calipers, Bright Red-painted"
zr1,zr1_options,37,opt_pin_001,PIN,Customer VIN ending reservation,,722,5495,5495,60,row 60: 5495,,direct_price_candidate,write_options_price,5495 | row 60: 5495 | 60 | Customer VIN ending reservation | This option is subject to restrictions and approval. NOT AVAILABLE on all VINs. Available on SOLD orders only. | This option is subject to restrictions and approval. NOT AVAILABLE on all VINs. Available on SOLD orders only.
zr1,zr1_options,38,opt_ppw_001,PPW,Wireless Apple CarPlay/Wireless Android Auto,,,,,,,,missing_price_evidence,needs_human_review,
zr1,zr1_options,39,opt_r6x_001,R6X,Custom Interior Trim and Seat Combination,,526,995,995,61,row 61: 995 3LT/LZ Only,,conditional_price_candidate,defer_to_price_rules,"995 | row 61: 995 3LT/LZ Only | 61 | Custom Interior Trim and Seat Combination | SOLD orders only. Requires (HMO/HVV) Jet Black/Sky Cool Gray, (HZB/HVT) Sky Cool Gray/Jet Black, (HU0/HXO) Jet Black/Adrenaline Red, (HUU/HZP) Adrenaline Red/Jet Black interiors. See Custom Interior Trim and Seat Combinations color and trim chart. | SOLD orders only. Requires (HMO/HVV) Jet Black/Sky Cool Gray, (HZB/HVT) Sky Cool Gray/Jet Black, (HU0/HXO) Jet Black/Adrenaline Red, (HUU/HZP) Adrenaline Red/Jet Black interiors. See Custom Interior Trim and Seat Combinations color and trim chart."
zr1,zr1_options,40,opt_sfz_001,SFZ,"LPO, Dark Stealth crossed flags emblems, front and rear on Z06 models, front and rear on Grand Sport, Z06, ZR1 and ZR1X models, Genuine Corvette Accessory",,754,250,250,133,row 133: 250,,direct_price_candidate,write_options_price,"250 | row 133: 250 | 133 | LPO, Dark Stealth crossed flags emblems, front and rear on Z06 models, front and rear on Grand Sport, Z06, ZR1 and ZR1X models, Genuine Corvette Accessory | Not available with (EYK) Chrome Exterior Badge Package or any Full Length Dual Racing Stripes (DPB, DPC, DPG, DPL, DPT, DSY, DSZ, DT0, DTB, DTH, DUB, DUE, DUK, DUW) or (SB9) Hood and Roof Decal Package LPO. | Not available with (EYK) Chrome Exterior Badge Package or any Full Length Dual Racing Stripes (DPB, DPC, DPG, DPL, DPT, DSY, DSZ, DT0, DTB, DTH, DUB, DUE, DUK, DUW) or (SB9) Hood and Roof Decal Package LPO."
zr1,zr1_options,41,opt_spz_001,SPZ,"LPO, Black wheel locks, Genuine Corvette Accessory",,782,105,105,147,row 147: 105,,direct_price_candidate,write_options_price,"105 | row 147: 105 | 147 | LPO, Black wheel locks, Genuine Corvette Accessory | Requires (SPY) Black lug nuts, LPO. | Requires (SPY) Black lug nuts, LPO."
zr1,zr1_options,42,opt_tr7_001,TR7,"Headlamp control, automatic leveling system",,,,,,,,missing_price_evidence,needs_human_review,
zr1,zr1_options,43,opt_u80_001,U80,"Compass, digital",,,,,,,,missing_price_evidence,needs_human_review,
zr1,zr1_options,44,opt_uhy_001,UHY,Automatic Emergency Braking,,,,,,,,missing_price_evidence,needs_human_review,
zr1,zr1_options,45,opt_uvb_001,UVB,HD Rear Vision Camera,,,,,,,,missing_price_evidence,needs_human_review,
zr1,zr1_options,46,opt_wub_001,WUB,"NEW!Exhaust, quad center exit",,472;906,1995; 1995,1995,169 || 169,row 169: 1995 || row 169: 1995,,direct_price_candidate,write_options_price,"1995 | row 169: 1995 | 169 | NEW!Exhaust, quad center exit | 1995 | row 169: 1995 | 169 | NEW!Exhaust, quad center exit"
zr1,zr1_options,47,opt_r88_001,R88,"LPO, Illuminated crossed flags emblem, front, Genuine Corvette Accessory",,756,695,695,111,row 111: 695,,direct_price_candidate,write_options_price,"695 | row 111: 695 | 111 | LPO, Illuminated crossed flags emblem, front, Genuine Corvette Accessory | Not available with (SFZ) Dark Stealth crossed flags emblems, LPO, (EYK) Chrome Exterior Badge Package or any Full Length Dual Racing Stripes (DPB, DPC, DPG, DPL, DPT, DSY, DSZ, DT0, DTB, DTH, DUB, DUE, DUK, DUW). | Not available with (SFZ) Dark Stealth crossed flags emblems, LPO, (EYK) Chrome Exterior Badge Package or any Full Length Dual Racing Stripes (DPB, DPC, DPG, DPL, DPT, DSY, DSZ, DT0, DTB, DTH, DUB, DUE, DUK, DUW)."
zr1,zr1_options,48,opt_ah2_001,AH2,"Seats, GT2 bucket",,630,1695,1695,237,row 237: 1695 2LT/LZ Only; Std on 3LT/LZ,,conditional_price_candidate,defer_to_price_rules,"1695 | row 237: 1695 2LT/LZ Only; Std on 3LT/LZ | 237 | Seats, GT2 bucket"
zr1,zr1_options,49,opt_379_001,379,"Seat belt color, Orange",,618,595,595,200,row 200: 595 Std with HUW/HUX Habanero Interiors,,conditional_price_candidate,defer_to_price_rules,"595 | row 200: 595 Std with HUW/HUX Habanero Interiors | 200 | Seat belt color, Orange | Not recommended with (HUQ, HU7, HUL, HUR) Adrenaline Red interiors.
Not recommended with (HU2, HUA, HUU, HZP) Adrenaline Red interiors, (HNK) Adrenaline Red Dipped interior, (HUF, HZN) Natural Dipped interiors, (HVZ) Asymmetrical Adrenaline Red/Jet Black interior, (EJH, EPX) Very Dark Atmosphere interiors or (HAG) Asymmetrical Santorini Blue/Jet Black interior. Included with (HUW, HUX) Habanero interiors. | Not recommended with (HUQ, HU7, HUL, HUR) Adrenaline Red interiors.
Not recommended with (HU2, HUA, HUU, HZP) Adrenaline Red interiors, (HNK) Adrenaline Red Dipped interior, (HUF, HZN) Natural Dipped interiors, (HVZ) Asymmetrical Adrenaline Red/Jet Black interior, (EJH, EPX) Very Dark Atmosphere interiors or (HAG) Asymmetrical Santorini Blue/Jet Black interior. Included with (HUW, HUX) Habanero in…"
zr1,zr1_options,50,opt_bv4_001,BV4,"Plaque, personalized, custom-made with your name or up to 24-character word or phrase limit and VIN",,606,395,395,47,row 47: 395,,direct_price_candidate,write_options_price,"395 | row 47: 395 | 47 | Plaque, personalized, custom-made with your name or up to 24-character word or phrase limit and VIN | Available on SOLD orders only. (CFX) Personalized plaque is already included in (R8C) Corvette Museum Delivery. | Available on SOLD orders only. (CFX) Personalized plaque is already included in (R8C) Corvette Museum Delivery."
zr1,zr1_options,51,opt_cfx_001,CFX,"Plaque, personalized with Corvette Museum logo, your name and VIN",,,,,,,,missing_price_evidence,needs_human_review,
zr1,zr1_options,52,opt_dt0_001,DT0,Competition Yellow Full Length Dual Racing Stripes,,834,1295,1295,252,row 252: 1295,,direct_price_candidate,write_options_price,1295 | row 252: 1295 | 252 | Competition Yellow Full Length Dual Racing Stripes | Not available with exterior color (GBK) Competition Yellow Tintcoat Metallic. | Not available with exterior color (GBK) Competition Yellow Tintcoat Metallic.
zr1,zr1_options,53,opt_fa5_001,FA5,"Trim, interior, carbon fiber cluster-surround and console/door switch plates",,678,1795,1795,209,row 209: 1795 2LT/LZ or 3LT/LZ,,conditional_price_candidate,defer_to_price_rules,"1795 | row 209: 1795 2LT/LZ or 3LT/LZ | 209 | Trim, interior, carbon fiber cluster-surround and console/door switch plates"
zr1,zr1_options,54,opt_j6e_001,J6E,"Calipers, Velocity Yellow-painted",,870,795,795,71,row 71: 795,,direct_price_candidate,write_options_price,"795 | row 71: 795 | 71 | Calipers, Velocity Yellow-painted"
zr1,zr1_options,55,opt_npp_001,NPP,"Exhaust, performance, aggressive exhaust sound varies with driver mode selected",,,,,,,,missing_price_evidence,needs_human_review,
zr1,zr1_options,56,opt_nwi_001,NWI,"NEW!Exhaust tips, bright, center, quad, exposed",,910,395,395,168,row 168: 395 Requires (WUB) center quad exhaust system,,direct_price_candidate,write_options_price,"395 | row 168: 395 Requires (WUB) center quad exhaust system | 168 | NEW!Exhaust tips, bright, center, quad, exposed"
zr1,zr1_options,57,opt_pef_001,PEF,"LPO, Contoured Liner Protection Package, includes (CAV) contoured trunk cargo area liner with Jake logo and (RIA) all-weather floor liners with Jake logo, Genuine Corvette Accessory",,552,475,475,110,row 110: 475,,direct_price_candidate,write_options_price,"475 | row 110: 475 | 110 | LPO, Contoured Liner Protection Package, includes (CAV) contoured trunk cargo area liner with Jake logo and (RIA) all-weather floor liners with Jake logo, Genuine Corvette Accessory"
zr1,zr1_options,58,opt_s47_001,S47,"LPO, Chrome lug nuts, Genuine Corvette Accessory",,788,275,275,126,row 126: 275,,direct_price_candidate,write_options_price,"275 | row 126: 275 | 126 | LPO, Chrome lug nuts, Genuine Corvette Accessory | Not available with (SPY) Black lug nuts, LPO or (SU1) 20"" front/21"" rear 10-spoke, visible carbon fiber wheels. | Not available with (SPY) Black lug nuts, LPO or (SU1) 20"" front/21"" rear 10-spoke, visible carbon fiber wheels."
zr1,zr1_options,59,opt_sbt_001,SBT,"LPO, Dual roof, adds transparent removable roof panel and includes (SC7) roof panel storage pouch, Genuine Corvette Accessories",,768,2525,2525,129,row 129: 2525,,direct_price_candidate,write_options_price,"2525 | row 129: 2525 | 129 | LPO, Dual roof, adds transparent removable roof panel and includes (SC7) roof panel storage pouch, Genuine Corvette Accessories"
zr1,zr1_options,60,opt_ueu_001,UEU,Forward Collision Alert,,,,,,,,missing_price_evidence,needs_human_review,
zr1,zr1_options,61,opt_uqh_001,UQH,"Audio system feature, Bose Performance Series Sound System with 14 speakers",,,,,,,,missing_price_evidence,needs_human_review,
zr1,zr1_options,62,opt_uqs_001,UQS,"Audio system feature, Bose Premium 10-speaker system",,,,,,,,missing_price_evidence,needs_human_review,
zr1,zr1_options,63,opt_zyc_001,ZYC,"Carbon Flash Metallic-painted outside mirrors and spoiler (when equipped with T0E standard spoiler), includes (DRG) Carbon Flash Metallic-painted outside mirrors",,790,295,295,192,row 192: 295 Includes spoiler as well when the vehicle is equipped with painted spoiler,,direct_price_candidate,write_options_price,"295 | row 192: 295 Includes spoiler as well when the vehicle is equipped with painted spoiler | 192 | Carbon Flash Metallic-painted outside mirrors and spoiler (when equipped with T0E standard spoiler), includes (DRG) Carbon Flash Metallic-painted outside mirrors | Not available with exterior color (GBA) Black. | Not available with exterior color (GBA) Black."
zr1,zr1_options,64,opt_ria_001,RIA,"LPO, All-weather floor liners with Jake logo, Genuine Corvette Accessory",,562,265,265,112,row 112: 265,,direct_price_candidate,write_options_price,"265 | row 112: 265 | 112 | LPO, All-weather floor liners with Jake logo, Genuine Corvette Accessory | Included with (PEF) Contoured Liner Protection Package, LPO. | Included with (PEF) Contoured Liner Protection Package, LPO."
zr1,zr1_options,65,opt_sc7_001,SC7,"LPO, Roof panel storage pouch, Genuine Corvette Accessory",,578,195,195,130,row 130: 195,,direct_price_candidate,write_options_price,"195 | row 130: 195 | 130 | LPO, Roof panel storage pouch, Genuine Corvette Accessory | Included with (SBT) dual roof, LPO. | Included with (SBT) dual roof, LPO."
zr1,zr1_options,66,opt_cav_001,CAV,"LPO, Contoured cargo area liner with Jake logo, Genuine Corvette Accessory",,560,230,230,101,row 101: 230,,direct_price_candidate,write_options_price,"230 | row 101: 230 | 101 | LPO, Contoured cargo area liner with Jake logo, Genuine Corvette Accessory | Included with (PEF) Contoured Liner Protection Package, LPO. | Included with (PEF) Contoured Liner Protection Package, LPO."
zr1,zr1_options,67,opt_3a9_001,3A9,"Seat belt color, Santorini Blue",,622,595,595,203,row 203: 595 Std with HT8 and HAG Interior,,conditional_price_candidate,defer_to_price_rules,"595 | row 203: 595 Std with HT8 and HAG Interior | 203 | Seat belt color, Santorini Blue | Not recommended with (HUQ, HU7, HUL, HUR) Adrenaline Red interiors.
Not recommended with (HU2, HUA, HUU, HZP) Adrenaline Red interiors, (HNK) Adrenaline Red Dipped interior, (HUW, HUX) Habanero interiors, (EJH, EPX) Very Dark Atmosphere interiors or (HVZ) Asymmetrical Adrenaline Red/Jet Black interior. Included with (H8T) Santorini Blue interior and (HAG) Asymmetrical Santorini Blue/Jet Black interior. | Not recommended with (HUQ, HU7, HUL, HUR) Adrenaline Red interiors.
Not recommended with (HU2, HUA, HUU, HZP) Adrenaline Red interiors, (HNK) Adrenaline Red Dipped interior, (HUW, HUX) Habanero interiors, (EJH, EPX) Very Dark Atmosphere interiors or (HVZ) Asymmetrical Adrenaline Red/Jet Black interior. Included with (H8T) Santorini Blue interior and (HAG) Asymmetrical Santorini Blue/Jet Black inter…"
zr1,zr1_options,68,opt_ae4_002,AE4,"Seats, Competition Sport bucket",,,,,,,,missing_price_evidence,needs_human_review,
zr1,zr1_options,69,opt_duw_001,DUW,Edge Blue Full Length Dual Racing Stripes,,822,1295,1295,258,row 258: 1295,,direct_price_candidate,write_options_price,1295 | row 258: 1295 | 258 | Edge Blue Full Length Dual Racing Stripes | Not available with exterior color (GTR) Admiral Blue Metallic. | Not available with exterior color (GTR) Admiral Blue Metallic.
zr1,zr1_options,70,opt_j6n_001,J6N,"Calipers, Edge Red-painted",,876,795,795,74,row 74: 795,,direct_price_candidate,write_options_price,"795 | row 74: 795 | 74 | Calipers, Edge Red-painted"
zr1,zr1_options,71,opt_k7a_001,K7A,"Wireless Phone Charging, wireless charging pad for phone or portable devices, located on center console",,,,,,,,missing_price_evidence,needs_human_review,
zr1,zr1_options,72,opt_sfe_001,SFE,"LPO, Chrome wheel locks, Genuine Corvette Accessory",,784,125,125,132,row 132: 125,,direct_price_candidate,write_options_price,"125 | row 132: 125 | 132 | LPO, Chrome wheel locks, Genuine Corvette Accessory | Not available with (SPY) Black lug nuts, LPO or (SU1) 20"" front/21"" rear 10-spoke, visible carbon fiber wheels. | Not available with (SPY) Black lug nuts, LPO or (SU1) 20"" front/21"" rear 10-spoke, visible carbon fiber wheels."
zr1,zr1_options,73,opt_t4l_001,T4L,"Headlamps, LED",,,,,,,,missing_price_evidence,needs_human_review,
zr1,zr1_options,74,opt_ukt_001,UKT,Front Pedestrian and Bicyclist Braking,,,,,,,,missing_price_evidence,needs_human_review,
zr1,zr1_options,75,opt_uva_001,UVA,"HD Front and Rear Vision Cameras, front camera is curb view",,,,,,,,missing_price_evidence,needs_human_review,
zr1,zr1_options,76,opt_vtb_001,VTB,"LPO, Rear fascia/roof storage protector in Black with embroidered crossed flags logo, Genuine Corvette Accessory",,758,150,150,156,row 156: 150,,direct_price_candidate,write_options_price,"150 | row 156: 150 | 156 | LPO, Rear fascia/roof storage protector in Black with embroidered crossed flags logo, Genuine Corvette Accessory"
zr1,zr1_options,77,opt_vyw_001,VYW,"LPO, Floor mats, premium carpeted with car silhouette logo on Stingray, Grand Sport, ZR1 and ZR1X models, Genuine Corvette Accessory",,566,275,275,162,row 162: 275,,direct_price_candidate,write_options_price,"275 | row 162: 275 | 162 | LPO, Floor mats, premium carpeted with car silhouette logo on Stingray, Grand Sport, ZR1 and ZR1X models, Genuine Corvette Accessory"
zr1,zr1_options,78,opt_pcq_001,PCQ,"LPO, Grille Screen Protection Package, includes (VWE) front radiator grille screens LPO and (VWT) insect protection grille screen LPO, Genuine Corvette Accessories",,,,,,,,missing_price_evidence,needs_human_review,
zr1,zr1_options,79,opt_3f9_001,3F9,"Seat belt color, Torch Red",,624,595,595,204,row 204: 595 Std with HNK Interior,,conditional_price_candidate,defer_to_price_rules,"595 | row 204: 595 Std with HNK Interior | 204 | Seat belt color, Torch Red | Not recommended with (HUW, HUX) Habanero interiors or (EJH, EPX) Very Dark Atmosphere interiors. Included with (HNK) Adrenaline Red Dipped interior. | Not recommended with (HUW, HUX) Habanero interiors or (EJH, EPX) Very Dark Atmosphere interiors. Included with (HNK) Adrenaline Red Dipped interior."
zr1,zr1_options,80,opt_5zd_001,5ZD,"LPO, Carbon Flash wheel center caps with crossed flags logo, Genuine Corvette Accessory",,778,250,250,97,row 97: 250,,direct_price_candidate,write_options_price,"250 | row 97: 250 | 97 | LPO, Carbon Flash wheel center caps with crossed flags logo, Genuine Corvette Accessory"
zr1,zr1_options,81,opt_dsy_001,DSY,Edge Orange Full Length Dual Racing Stripes,,828,1295,1295,250,row 250: 1295,,direct_price_candidate,write_options_price,1295 | row 250: 1295 | 250 | Edge Orange Full Length Dual Racing Stripes | Not available with exterior color (G26) Sebring Orange Tintcoat. | Not available with exterior color (G26) Sebring Orange Tintcoat.
zr1,zr1_options,82,opt_dwk_001,DWK,"Mirrors, outside heated, power-adjustable, manual-folding with turn signal indicators",,,,,,,,missing_price_evidence,needs_human_review,
zr1,zr1_options,83,opt_j6b_001,J6B,"Calipers, Blue-painted",,868,795,795,70,row 70: 795,,direct_price_candidate,write_options_price,"795 | row 70: 795 | 70 | Calipers, Blue-painted"
zr1,zr1_options,84,opt_rwu_001,RWU,"LPO, Cargo area organizer, collapsible, Genuine Corvette Accessory",,558,175,175,118,row 118: 175,,direct_price_candidate,write_options_price,"175 | row 118: 175 | 118 | LPO, Cargo area organizer, collapsible, Genuine Corvette Accessory"
zr1,zr1_options,85,opt_slk_001,SLK,"LPO, Rear hatch strut bracket, Edge Red, Genuine Corvette Accessory",,920,1995,1995,142,row 142: 1995,,direct_price_candidate,write_options_price,"1995 | row 142: 1995 | 142 | LPO, Rear hatch strut bracket, Edge Red, Genuine Corvette Accessory"
zr1,zr1_options,86,opt_tq5_001,TQ5,"IntelliBeam, auto high beam",,,,,,,,missing_price_evidence,needs_human_review,
zr1,zr1_options,87,opt_ufg_001,UFG,Rear Cross Traffic Alert,,,,,,,,missing_price_evidence,needs_human_review,
zr1,zr1_options,88,opt_vwe_001,VWE,"LPO, Front radiator grille screens, Genuine Corvette Accessory",,,,,,,,missing_price_evidence,needs_human_review,
zr1,zr1_options,89,opt_vwt_001,VWT,"LPO, Insect protection grille screen, Genuine Corvette Accessory",,762,795,795,161,row 161: 795,,direct_price_candidate,write_options_price,"795 | row 161: 795 | 161 | LPO, Insect protection grille screen, Genuine Corvette Accessory | Included with (PCQ) Grille Screen Protection Package, LPO. | Included with (PCQ) Grille Screen Protection Package, LPO."
zr1,zr1_options,90,opt_3m9_001,3M9,"Seat belt color, Yellow",,626,595,595,205,row 205: 595,,direct_price_candidate,write_options_price,"595 | row 205: 595 | 205 | Seat belt color, Yellow | Not recommended with (HUQ, HU7, HUL, HUR) Adrenaline Red interiors.
Not recommended with (HU2, HUA, HUU, HZP) Adrenaline Red interiors, (HNK) Adrenaline Red Dipped interior, (HVZ) Asymmetrical Adrenaline Red/Jet Black interior, (HUW, HUX) Habanero interiors, (EJH, EPX) Very Dark Atmosphere interiors, (H8T) Santorini Blue interior or (HAG) Asymmetrical Santorini Blue/Jet Black interior. | Not recommended with (HUQ, HU7, HUL, HUR) Adrenaline Red interiors.
Not recommended with (HU2, HUA, HUU, HZP) Adrenaline Red interiors, (HNK) Adrenaline Red Dipped interior, (HVZ) Asymmetrical Adrenaline Red/Jet Black interior, (HUW, HUX) Habanero interiors, (EJH, EPX) Very Dark Atmosphere interiors, (H8T) Santorini Blue interior or (HAG) Asymmetrical Santorini Blue/Jet Black interior."
zr1,zr1_options,91,opt_5jr_001,5JR,"LPO, Outside mirror covers in visible Carbon Fiber, includes (DRG) Carbon Flash Metallic-painted outside mirrors, Genuine Corvette Accessory",,764,1395,1395,89,row 89: 1395,,direct_price_candidate,write_options_price,"1395 | row 89: 1395 | 89 | LPO, Outside mirror covers in visible Carbon Fiber, includes (DRG) Carbon Flash Metallic-painted outside mirrors, Genuine Corvette Accessory"
zr1,zr1_options,92,opt_5zc_001,5ZC,"LPO, Jake logo wheel center caps. Genuine Corvette Accessory",,780,250,250,96,row 96: 250,,direct_price_candidate,write_options_price,"250 | row 96: 250 | 96 | LPO, Jake logo wheel center caps. Genuine Corvette Accessory"
zr1,zr1_options,93,opt_a2x_001,A2X,"Seat adjuster, driver 8-way power",,,,,,,,missing_price_evidence,needs_human_review,
zr1,zr1_options,94,opt_dsz_001,DSZ,Edge Red Full Length Dual Racing Stripes,,830,1295,1295,251,row 251: 1295,,direct_price_candidate,write_options_price,1295 | row 251: 1295 | 251 | Edge Red Full Length Dual Racing Stripes | Not available with exterior color (GKZ) Torch Red or (GPH) Red Mist Metallic Tintcoat. | Not available with exterior color (GKZ) Torch Red or (GPH) Red Mist Metallic Tintcoat.
zr1,zr1_options,95,opt_k7b_001,K7B,"Wireless Phone Charging, 2 wireless charging pads for phone or portable devices, located on center console and between seatbacks",,,,,,,,missing_price_evidence,needs_human_review,
zr1,zr1_options,96,opt_sln_001,SLN,"LPO, Visible carbon fiber engine cross brace with Jake logo, Genuine Corvette Accessory",,916,2895,2895,143,row 143: 2895,,direct_price_candidate,write_options_price,"2895 | row 143: 2895 | 143 | LPO, Visible carbon fiber engine cross brace with Jake logo, Genuine Corvette Accessory"
zr1,zr1_options,97,opt_uhx_001,UHX,Lane Keep Assist with Lane Departure Warning,,,,,,,,missing_price_evidence,needs_human_review,
zr1,zr1_options,98,opt_w2d_001,W2D,"LPO, Cargo net set, Genuine Corvette Accessory",,556,125,125,163,row 163: 125,,direct_price_candidate,write_options_price,"125 | row 163: 125 | 163 | LPO, Cargo net set, Genuine Corvette Accessory"
zr1,zr1_options,99,opt_xfr_001,XFR,"Tires, 275/30ZR20 front and 345/25ZR21 rear, blackwall, high performance",,,,,,,,missing_price_evidence,needs_human_review,
zr1,zr1_options,100,opt_a7k_001,A7K,"Seat adjuster, passenger 8-way power",,,,,,,,missing_price_evidence,needs_human_review,
zr1,zr1_options,101,opt_dpb_001,DPB,Carbon Flash with Blue accent Full Length Dual Racing Stripes,,812,1295,1295,245,row 245: 1295,,direct_price_candidate,write_options_price,1295 | row 245: 1295 | 245 | Carbon Flash with Blue accent Full Length Dual Racing Stripes | Not available with exterior color (GTR) Admiral Blue Metallic. | Not available with exterior color (GTR) Admiral Blue Metallic.
zr1,zr1_options,102,opt_drz_001,DRZ,"Rear Camera Mirror, inside rearview auto-dimming with full camera display",,,,,,,,missing_price_evidence,needs_human_review,
zr1,zr1_options,103,opt_j6l_001,J6L,"Calipers, Orange-painted",,874,795,795,73,row 73: 795 Requires J57,,direct_price_candidate,write_options_price,"795 | row 73: 795 Requires J57 | 73 | Calipers, Orange-painted"
zr1,zr1_options,104,opt_rwh_001,RWH,"LPO, Premium indoor car cover, Black with crossed flags logo, Genuine Corvette Accessory",,746,495,495,116,row 116: 495,,direct_price_candidate,write_options_price,"495 | row 116: 495 | 116 | LPO, Premium indoor car cover, Black with crossed flags logo, Genuine Corvette Accessory"
zr1,zr1_options,105,opt_s2l_001,S2L,"LPO, Set of premium leather weekend/travel bags, Genuine Corvette Accessory",,576,1695,1695,125,row 125: 1695,,direct_price_candidate,write_options_price,"1695 | row 125: 1695 | 125 | LPO, Set of premium leather weekend/travel bags, Genuine Corvette Accessory"
zr1,zr1_options,106,opt_ug1_001,UG1,"Universal Home Remote, includes garage door opener, 3-channel programmable, located on driver visor",,,,,,,,missing_price_evidence,needs_human_review,
zr1,zr1_options,107,opt_xfs_001,XFS,"Tires, 275/30ZR20 front and 345/25ZR21 rear, blackwall, Michelin Pilot Sport Cup 2 R ultra performance",,,,,,,,missing_price_evidence,needs_human_review,
zr1,zr1_options,108,opt_wkr_001,WKR,"LPO, Premium indoor car cover, GT3.R, fully rendered, Genuine Corvette Accessory",,748,1275,1275,165,row 165: 1275,,direct_price_candidate,write_options_price,"1275 | row 165: 1275 | 165 | LPO, Premium indoor car cover, GT3.R, fully rendered, Genuine Corvette Accessory | Not available with (TOM) ZR1 Carbon Fiber Aero Package.
Not available with (TOM) ZR1X Carbon Fiber Aero Package. | Not available with (TOM) ZR1 Carbon Fiber Aero Package.
Not available with (TOM) ZR1X Carbon Fiber Aero Package."
zr1,zr1_options,109,opt_rwj_001,RWJ,"LPO, Premium outdoor car cover, Gray with crossed flags logo and Corvette silhouette, Genuine Corvette Accessory",,750,495,495,117,row 117: 495,,direct_price_candidate,write_options_price,"495 | row 117: 495 | 117 | LPO, Premium outdoor car cover, Gray with crossed flags logo and Corvette silhouette, Genuine Corvette Accessory | Not available with (TOM) ZR1 Carbon Fiber Aero Package.
Not available with (TOM) ZR1X Carbon Fiber Aero Package. | Not available with (TOM) ZR1 Carbon Fiber Aero Package.
Not available with (TOM) ZR1X Carbon Fiber Aero Package."
zr1,zr1_options,110,opt_aup_001,AUP,"Seats, mixed, driver Competition Sport bucket, passenger GT2 bucket",,634,350,350,238,row 238: 350 Requires HVZ; Asymmetrical Adrenaline Red/Jet Black Interior,,direct_price_candidate,write_options_price,"350 | row 238: 350 Requires HVZ; Asymmetrical Adrenaline Red/Jet Black Interior | 238 | Seats, mixed, driver Competition Sport bucket, passenger GT2 bucket | Requires (HVZ) Asymmetrical Adrenaline Red/Jet Black interior or (HAG) Asymmetrical Santorini Blue/Jet Black interior. | Requires (HVZ) Asymmetrical Adrenaline Red/Jet Black interior or (HAG) Asymmetrical Santorini Blue/Jet Black interior."
zr1,zr1_options,111,opt_dpg_001,DPG,Carbon Flash with Orange accent Full Length Dual Racing Stripes,,816,1295,1295,247,row 247: 1295,,direct_price_candidate,write_options_price,1295 | row 247: 1295 | 247 | Carbon Flash with Orange accent Full Length Dual Racing Stripes | Not available with exterior color (G26) Sebring Orange Tintcoat. | Not available with exterior color (G26) Sebring Orange Tintcoat.
zr1,zr1_options,112,opt_ki3_001,KI3,"Steering wheel, heated",,,,,,,,missing_price_evidence,needs_human_review,
zr1,zr1_options,113,opt_n38_001,N38,"Steering column, power tilt and telescopic",,,,,,,,missing_price_evidence,needs_human_review,
zr1,zr1_options,114,opt_nk4_001,NK4,"Steering wheel, leather-wrapped",,,,,,,,missing_price_evidence,needs_human_review,
zr1,zr1_options,115,opt_rin_001,RIN,"LPO, Rear Corvette script badge in Arctic White, Genuine Corvette Accessory",,770,440,440,114,row 114: 440,,direct_price_candidate,write_options_price,"440 | row 114: 440 | 114 | LPO, Rear Corvette script badge in Arctic White, Genuine Corvette Accessory | Not available with RIK, SL8. | Not available with RIK, SL8."
zr1,zr1_options,116,opt_sxb_001,SXB,"LPO, Suede trunk compartment liner, Black, Genuine Corvette Accessory",,568,2095,2095,150,row 150: 2095,,direct_price_candidate,write_options_price,"2095 | row 150: 2095 | 150 | LPO, Suede trunk compartment liner, Black, Genuine Corvette Accessory"
zr1,zr1_options,117,opt_ud7_001,UD7,Rear Park Assist,,,,,,,,missing_price_evidence,needs_human_review,
zr1,zr1_options,118,opt_sl8_001,SL8,"LPO, Rear Corvette script badge in Edge Red, Genuine Corvette Accessory",,772,495,495,140,row 140: 495,,direct_price_candidate,write_options_price,"495 | row 140: 495 | 140 | LPO, Rear Corvette script badge in Edge Red, Genuine Corvette Accessory | Not available with RIK, RIN. | Not available with RIK, RIN."
zr1,zr1_options,119,opt_sxr_001,SXR,"LPO, Suede trunk compartment liner, Adrenaline Red, Genuine Corvette Accessory",,570,2095,2095,151,row 151: 2095,,direct_price_candidate,write_options_price,"2095 | row 151: 2095 | 151 | LPO, Suede trunk compartment liner, Adrenaline Red, Genuine Corvette Accessory"
zr1,zr1_options,120,opt_rik_001,RIK,"LPO, Rear Corvette script badge in Torch Red, Genuine Corvette Accessory",,774,395,395,113,row 113: 395,,direct_price_candidate,write_options_price,"395 | row 113: 395 | 113 | LPO, Rear Corvette script badge in Torch Red, Genuine Corvette Accessory | Not available with RIN, SL8. | Not available with RIN, SL8."
zr1,zr1_options,121,opt_sxt_001,SXT,"LPO, Suede trunk compartment liner, Natural, Genuine Corvette Accessory",,572,2695,2695,152,row 152: 2695,,direct_price_candidate,write_options_price,"2695 | row 152: 2695 | 152 | LPO, Suede trunk compartment liner, Natural, Genuine Corvette Accessory"
zr1,zr1_options,122,opt_dpl_001,DPL,Carbon Flash with Red accent Full Length Dual Racing Stripes,,818,1295,1295,248,row 248: 1295,,direct_price_candidate,write_options_price,1295 | row 248: 1295 | 248 | Carbon Flash with Red accent Full Length Dual Racing Stripes | Not available with exterior color (GKZ) Torch Red or (GPH) Red Mist Metallic Tintcoat. | Not available with exterior color (GKZ) Torch Red or (GPH) Red Mist Metallic Tintcoat.
zr1,zr1_options,123,opt_sig_001,SIG,"LPO, Spoiler extension, clear smoked center bridge with Jake logo, Genuine Corvette Accessory",,776,425,425,138,row 138: 425,,direct_price_candidate,write_options_price,"425 | row 138: 425 | 138 | LPO, Spoiler extension, clear smoked center bridge with Jake logo, Genuine Corvette Accessory | Requires (T0E) rear spoiler. | Requires (T0E) rear spoiler."
zr1,zr1_options,124,opt_tdm_001,TDM,"Teen Driver, a configurable feature that lets you activate customizable vehicle settings associated with a key fob, to help encourage safe driving behavior. It can limit certain available vehicle features, and it prevents certain safety systems from being turned off. An in-vehicle report card gives you information on driving habits and helps you to continue to coach your new driver",,,,,,,,missing_price_evidence,needs_human_review,
zr1,zr1_options,125,opt_vhm_001,VHM,"Vehicle health management, provides advanced warning of vehicle issues",,,,,,,,missing_price_evidence,needs_human_review,
zr1,zr1_options,126,opt_dpt_001,DPT,Carbon Flash with Silver accent Full Length Dual Racing Stripes,,820,1295,1295,249,row 249: 1295,,direct_price_candidate,write_options_price,1295 | row 249: 1295 | 249 | Carbon Flash with Silver accent Full Length Dual Racing Stripes
zr1,zr1_options,127,opt_kqv_001,KQV,"Seats, heated and vented driver and passenger",,,,,,,,missing_price_evidence,needs_human_review,
zr1,zr1_options,128,opt_al9_001,AL9,"Seat adjuster, power driver lumbar control",,,,,,,,missing_price_evidence,needs_human_review,
zr1,zr1_options,129,opt_dpc_001,DPC,Carbon Flash with Yellow accent Full Length Dual Racing Stripes,,814,1295,1295,246,row 246: 1295,,direct_price_candidate,write_options_price,1295 | row 246: 1295 | 246 | Carbon Flash with Yellow accent Full Length Dual Racing Stripes | Not available with exterior color (GBK) Competition Yellow Tintcoat Metallic. | Not available with exterior color (GBK) Competition Yellow Tintcoat Metallic.
zr1,zr1_options,130,opt_at9_001,AT9,"Seat adjuster, power passenger lumbar control",,,,,,,,missing_price_evidence,needs_human_review,
zr1,zr1_options,131,opt_duk_001,DUK,Asymmetrical Edge Red/Carbon Flash Full Length Dual Racing Stripes,,810,1295,1295,257,row 257: 1295,,direct_price_candidate,write_options_price,1295 | row 257: 1295 | 257 | Asymmetrical Edge Red/Carbon Flash Full Length Dual Racing Stripes | Not available with exterior color (GKZ) Torch Red or (GPH) Red Mist Metallic Tintcoat. | Not available with exterior color (GKZ) Torch Red or (GPH) Red Mist Metallic Tintcoat.
zr1,zr1_options,132,opt_g0k_001,G0K,"Rear axle, 5.56 ratio",,,,,,,,missing_price_evidence,needs_human_review,
zr1,zr1_options,133,opt_ahe_001,AHE,"Seat adjuster, driver power bolster",,,,,,,,missing_price_evidence,needs_human_review,
zr1,zr1_options,134,opt_b4z_001,B4Z,Performance Traction Management,,,,,,,,missing_price_evidence,needs_human_review,
zr1,zr1_options,135,opt_due_001,DUE,NEW!Asymmetrical Santorini Blue/Carbon Flash Full Length Dual Racing Stripes,,808,1295,1295,256,row 256: 1295,,direct_price_candidate,write_options_price,1295 | row 256: 1295 | 256 | NEW!Asymmetrical Santorini Blue/Carbon Flash Full Length Dual Racing Stripes | Not available with exterior color (GTR) Admiral Blue Metallic. | Not available with exterior color (GTR) Admiral Blue Metallic.
zr1,zr1_options,136,opt_ahh_001,AHH,"Seat adjuster, passenger power bolster",,,,,,,,missing_price_evidence,needs_human_review,
zr1,zr1_options,137,opt_aqa_001,AQA,"Memory Driver and Passenger Convenience Package, includes steering wheel and outside mirrors plus seat memory for both driver and passenger; key fob or door button activated",,,,,,,,missing_price_evidence,needs_human_review,
zr1,zr1_options,138,opt_ap9_001,AP9,"Cargo nets, 2",,,,,,,,missing_price_evidence,needs_human_review,
zr1,zr1_options,139,opt_dyx_001,DYX,"Mirrors, outside heated, power-adjustable, power-folding, driver-side auto-dimming with turn signal indicators",,,,,,,,missing_price_evidence,needs_human_review,
zr1,zr1_options,140,opt_uft_001,UFT,Side Blind Zone Alert,,,,,,,,missing_price_evidence,needs_human_review,
zr1,zr1_options,141,opt_utj_001,UTJ,"Theft-deterrent system, electrical, unauthorized entry, activates the horn",,,,,,,,missing_price_evidence,needs_human_review,
zr1,zr1_options,142,opt_utv_001,UTV,"Theft deterrent sensor, vehicle interior movement",,,,,,,,missing_price_evidence,needs_human_review,
zr1,zr1_options,143,opt_utu_001,UTU,"Theft deterrent sensor, vehicle inclination",,,,,,,,missing_price_evidence,needs_human_review,
zr1,zr1_options,144,opt_36s_001,36S,"Competition Yellow custom leather stitch, includes seats, instrument panel, doors and console",,670,495,495,199,row 199: 495 Requires Jet Black Interior,,direct_price_candidate,write_options_price,"495 | row 199: 495 Requires Jet Black Interior | 199 | Competition Yellow custom leather stitch, includes seats, instrument panel, doors and console | Requires (HTE/HTT/HUB/HUC) Jet Black interior. | Requires (HTE/HTT/HUB/HUC) Jet Black interior."
zr1,zr1_options,145,opt_37s_001,37S,"Santorini Blue custom leather stitch, includes seats, instrument panel, doors and console",,666,495,495,201,row 201: 495 requires Jet Black Interior,,direct_price_candidate,write_options_price,"495 | row 201: 495 requires Jet Black Interior | 201 | Santorini Blue custom leather stitch, includes seats, instrument panel, doors and console | Requires (HTE/HTT/HUB/HUC) Jet Black interior. | Requires (HTE/HTT/HUB/HUC) Jet Black interior."
zr1,zr1_options,146,opt_38s_001,38S,"Adrenaline Red custom leather stitch, includes seats, instrument panel, doors and console",,668,495,495,202,row 202: 495 requires Jet Black or Adrenaline Red/Jack Black Interior,,direct_price_candidate,write_options_price,"495 | row 202: 495 requires Jet Black or Adrenaline Red/Jack Black Interior | 202 | Adrenaline Red custom leather stitch, includes seats, instrument panel, doors and console | Requires (HTE/HTT/HUB/HUC) Jet Black interior or (HU0/HXO) Adrenaline Red/Jet Black interior. | Requires (HTE/HTT/HUB/HUC) Jet Black interior or (HU0/HXO) Adrenaline Red/Jet Black interior."
zr1,zr1_options,147,opt_509,,Air filtration system with pollen filter,,,,,,,,missing_price_evidence,needs_human_review,
zr1,zr1_options,148,opt_529,,"Console, floor, 2 cup holders, auxiliary power outlet, 3 USB ports (2 type-C, 1 type-A), passenger grab handle and lockable storage",,,,,,,,missing_price_evidence,needs_human_review,
zr1,zr1_options,149,opt_531,,"Cruise control, electronic with set and resume speed",,,,,,,,missing_price_evidence,needs_human_review,
zr1,zr1_options,150,opt_535,,"Door locks, power programmable with lockout protection",,,,,,,,missing_price_evidence,needs_human_review,
zr1,zr1_options,151,opt_537,,"Floor mats, carpeted",,,,,,,,missing_price_evidence,needs_human_review,
zr1,zr1_options,152,opt_541,,"Hatch release, push button open",,,,,,,,missing_price_evidence,needs_human_review,
zr1,zr1_options,153,opt_545,,"Keyless Open and Start, includes 2 remote transmitters that enable automatic door unlock and open by touching door switch",,,,,,,,missing_price_evidence,needs_human_review,
zr1,zr1_options,154,opt_549,,"Lighting, interior, theater dimming",,,,,,,,missing_price_evidence,needs_human_review,
zr1,zr1_options,155,opt_613,,Remote vehicle starter system,,,,,,,,missing_price_evidence,needs_human_review,
zr1,zr1_options,156,opt_663,,"Steering wheel controls, audio, voice recognition, cruise and Driver Information Center",,,,,,,,missing_price_evidence,needs_human_review,
zr1,zr1_options,157,opt_673,,"Custom Leather Wrapped Interior Package, features leather-wrapped upper instrument panel, door trim panels and console",,,,,,,,missing_price_evidence,needs_human_review,
zr1,zr1_options,158,opt_683,,"Theft-deterrent system, vehicle, push button start, immobilizer and audible visual alarm",,,,,,,,missing_price_evidence,needs_human_review,
zr1,zr1_options,159,opt_691,,"Trunk release, push button open",,,,,,,,missing_price_evidence,needs_human_review,
zr1,zr1_options,160,opt_697,,"Visors, driver and passenger illuminated vanity mirrors, covered",,,,,,,,missing_price_evidence,needs_human_review,
zr1,zr1_options,161,opt_699,,"Windows, power with driver and passenger Express-Down/Up",,,,,,,,missing_price_evidence,needs_human_review,
zr1,zr1_options,162,opt_707,,"Antenna, integral front and rear",,,,,,,,missing_price_evidence,needs_human_review,
zr1,zr1_options,163,opt_723,,Daytime running lamps,,,,,,,,missing_price_evidence,needs_human_review,
zr1,zr1_options,164,opt_731,,"Glass, Solar-Ray light-tinted",,,,,,,,missing_price_evidence,needs_human_review,
zr1,zr1_options,165,opt_849,,"Wipers, front intermittent",,,,,,,,missing_price_evidence,needs_human_review,
zr1,zr1_options,166,opt_851,,"Active handling stability control, improves traction and enhances vehicle stability",,,,,,,,missing_price_evidence,needs_human_review,
zr1,zr1_options,167,opt_863,,NEW!Intersection Automatic Emergency Braking,,,,,,,,missing_price_evidence,needs_human_review,
zr1,zr1_options,168,opt_911,,"Frame, aluminum structure",,,,,,,,missing_price_evidence,needs_human_review,
zr1,zr1_options,169,opt_921,,Oil life monitoring system,,,,,,,,missing_price_evidence,needs_human_review,
zr1,zr1_options,170,opt_927,,"Steering, power, electric, speed-sensitive, rack-and-pinion, variable ratio",,,,,,,,missing_price_evidence,needs_human_review,
zr1,zr1_options,171,opt_937,,"Traction control, all-speed",,,,,,,,missing_price_evidence,needs_human_review,
zr1,zr1_options,172,opt_cfc_002,CFC,"Convertible top, retractable, power-folding hard top, visible carbon fiber, remote control (down only), includes power glass rear window with integral defogger; Nacelles, A-pillars, and header are Carbon-Flash painted (body-color when (GBA) Black exterior color is selected)",,,,,,,,missing_price_evidence,needs_human_review,
zr1,zr1_options,173,opt_cfv_002,CFV,"Ground effects, visible carbon fiber",,734,4495,4495,182,row 182: 4495 Std on ZR1 and ZR1X,,conditional_price_candidate,defer_to_price_rules,"4495 | row 182: 4495 Std on ZR1 and ZR1X | 182 | Ground effects, visible carbon fiber"
zr1,zr1_options,174,opt_dy0_002,DY0,"Display hood, Carbon Fiber, located above the Driver Information Center display",,534,795,795,208,"row 208: 795 located above Driver Information Center Display, 3LZ; Std on ZR1/ZR1X",,conditional_price_candidate,defer_to_price_rules,"795 | row 208: 795 located above Driver Information Center Display, 3LZ; Std on ZR1/ZR1X | 208 | Display hood, Carbon Fiber, located above the Driver Information Center display"
zr1,zr1_options,175,opt_etv_001,ETV,"Exterior trim, carbon fiber split window trim, painted body-color",,728,995,995,187,row 187: 995 ZR1/ZR1X Only,,direct_price_candidate,write_options_price,"995 | row 187: 995 ZR1/ZR1X Only | 187 | Exterior trim, carbon fiber split window trim, painted body-color"
zr1,zr1_options,176,opt_fa6_001,FA6,"Trim, interior, level 2, carbon fiber instrument panel trim, cluster-surround and console/door inserts",,680,5295,5295,210,row 210: 5295 3LZ only,,conditional_price_candidate,defer_to_price_rules,"5295 | row 210: 5295 3LZ only | 210 | Trim, interior, level 2, carbon fiber instrument panel trim, cluster-surround and console/door inserts | Not available with (FA5) carbon fiber interior trim. | Not available with (FA5) carbon fiber interior trim."
zr1,zr1_options,177,opt_fe8_002,FE8,"Suspension, performance with Magnetic Selective Ride Control",,,,,,,,missing_price_evidence,needs_human_review,
zr1,zr1_options,178,opt_feh_002,FEH,"Suspension, performance with Magnetic Selective Ride Control",,,,,,,,missing_price_evidence,needs_human_review,
zr1,zr1_options,179,opt_fej_001,FEJ,"Suspension, ZTK with Magnetic Selective Ride Control",,,,,,,,missing_price_evidence,needs_human_review,
zr1,zr1_options,180,opt_fez_001,FEZ,"Suspension, ZTK with Magnetic Selective Ride Control",,,,,,,,missing_price_evidence,needs_human_review,
zr1,zr1_options,181,opt_j58_002,J58,"Brakes, 4-wheel antilock, 4-wheel disc, carbon ceramic, ZR1-specific",,,,,,,,missing_price_evidence,needs_human_review,
zr1,zr1_options,182,opt_j59_002,J59,"Brakes, 4-wheel antilock, 4-wheel disc, carbon ceramic, 10-piston front, 6-piston rear",,,,,,,,missing_price_evidence,needs_human_review,
zr1,zr1_options,183,opt_j6o_001,J6O,"Calipers, Bronze-painted",,878,795,795,75,row 75: 795 ZR1/ZR1X Only,,direct_price_candidate,write_options_price,"795 | row 75: 795 ZR1/ZR1X Only | 75 | Calipers, Bronze-painted"
zr1,zr1_options,184,opt_lt7_002,LT7,"Engine, 5.5L V8 Twin Turbo, TPI, DI, high-output, Variable Valve Timing (VVT) (1064 hp [793 kW] @ 7000 rpm, 828 lb-ft of torque [1123 N-m] @ 6000 rpm)",,,,,,,,missing_price_evidence,needs_human_review,
zr1,zr1_options,185,opt_m1k_002,M1K,"Transmission, 8-speed dual clutch, includes manual and auto modes",,,,,,,,missing_price_evidence,needs_human_review,
zr1,zr1_options,186,opt_n26_001,N26,"Steering wheel, sueded microfiber-wrapped",,658,695,695,211,row 211: 695 N/A on 3LZ,,conditional_price_candidate,defer_to_price_rules,"695 | row 211: 695 N/A on 3LZ | 211 | Steering wheel, sueded microfiber-wrapped | Requires (HTJ) Jet Black interior. | Requires (HTJ) Jet Black interior."
zr1,zr1_options,187,opt_n2z_001,N2Z,"Steering wheel, carbon fiber and sueded microfiber-wrapped",,660,895,895,212,row 212: 895 3LZ only,,conditional_price_candidate,defer_to_price_rules,"895 | row 212: 895 3LZ only | 212 | Steering wheel, carbon fiber and sueded microfiber-wrapped | Requires leather seating surfaces with perforated sueded microfiber inserts interiors: HTT, HU9, HUA, HTG, HUF, HMO, HVT, HXO, HZP, HUX, EPX, HUB. | Requires leather seating surfaces with perforated sueded microfiber inserts interiors: HTT, HU9, HUA, HTG, HUF, HMO, HVT, HXO, HZP, HUX, EPX, HUB."
zr1,zr1_options,188,opt_n3w_002,N3W,"Steering wheel, carbon fiber and leather-wrapped",,,,,,,,missing_price_evidence,needs_human_review,
zr1,zr1_options,189,opt_pbc_001,PBC,Customer Engine Build Program,,896,9995,9995,50,row 50: 9995 LT6 and LT7 Engines only,,direct_price_candidate,write_options_price,9995 | row 50: 9995 LT6 and LT7 Engines only | 50 | Customer Engine Build Program
zr1,zr1_options,190,opt_r8e_002,R8E,"Gas guzzler tax, mandatory federal tax added to price of vehicle",,,,,,,,missing_price_evidence,needs_human_review,
zr1,zr1_options,191,opt_sb9_001,SB9,"NEW!LPO, Hood and Roof Decal Package, Genuine Corvette Accessory",,752,895,895,128,row 128: 895,,direct_price_candidate,write_options_price,"895 | row 128: 895 | 128 | NEW!LPO, Hood and Roof Decal Package, Genuine Corvette Accessory | Not available with any Full Length Dual Racing Stripes (DPB, DPC, DPG, DPL, DPT, DSY, DSZ, DT0, DTB, DTH, DUB, DUE, DUK, DUW). | Not available with any Full Length Dual Racing Stripes (DPB, DPC, DPG, DPL, DPT, DSY, DSZ, DT0, DTB, DTH, DUB, DUE, DUK, DUW)."
zr1,zr1_options,192,opt_sof_001,SOF,"Wheels, 20"" x 10"" (50.8 cm x 25.4 cm) front and 21"" x 13"" (53.3 cm x 33 cm) rear 20-spoke, Edge Blue-painted forged aluminum",,842,1495,1495,277,row 277: 1495 ZR1/ZR1X Only,,direct_price_candidate,write_options_price,"1495 | row 277: 1495 ZR1/ZR1X Only | 277 | Wheels, 20"" x 10"" (50.8 cm x 25.4 cm) front and 21"" x 13"" (53.3 cm x 33 cm) rear 20-spoke, Edge Blue-painted forged aluminum"
zr1,zr1_options,193,opt_sog_001,SOG,"Wheels, 20"" x 10"" (50.8 cm x 25.4 cm) front and 21"" x 13"" (53.3 cm x 33 cm) rear 20-spoke, Carbon Flash-painted forged aluminum",,844,1995,1995,278,row 278: 1995 ZR1/ZR1X Only,,direct_price_candidate,write_options_price,"1995 | row 278: 1995 ZR1/ZR1X Only | 278 | Wheels, 20"" x 10"" (50.8 cm x 25.4 cm) front and 21"" x 13"" (53.3 cm x 33 cm) rear 20-spoke, Carbon Flash-painted forged aluminum"
zr1,zr1_options,194,opt_soh_001,SOH,"Wheels, 20"" x 10"" (50.8 cm x 25.4 cm) front and 21"" x 13"" (53.3 cm x 33 cm) rear 20-spoke, Bright machined forged aluminum",,846,1995,1995,279,row 279: 1995 ZR1/ZR1X Only,,direct_price_candidate,write_options_price,"1995 | row 279: 1995 ZR1/ZR1X Only | 279 | Wheels, 20"" x 10"" (50.8 cm x 25.4 cm) front and 21"" x 13"" (53.3 cm x 33 cm) rear 20-spoke, Bright machined forged aluminum"
zr1,zr1_options,195,opt_soj_002,SOJ,"Wheels, 20"" x 10"" (50.8 cm x 25.4 cm) front and 21"" x 13"" (53.3 cm x 33 cm) rear 20-spoke, Sterling Silver-painted forged aluminum",,,,,,,,missing_price_evidence,needs_human_review,
zr1,zr1_options,196,opt_su1_001,SU1,"Wheels, 20"" x 10"" (50.8 cm x 25.4 cm) front and 21"" x 13"" (53.3 cm x 33 cm) rear 10-spoke, visible carbon fiber",,848,15995,15995,286,row 286: 15995 ZR1/ZR1X Only,,direct_price_candidate,write_options_price,"15995 | row 286: 15995 ZR1/ZR1X Only | 286 | Wheels, 20"" x 10"" (50.8 cm x 25.4 cm) front and 21"" x 13"" (53.3 cm x 33 cm) rear 10-spoke, visible carbon fiber"
zr1,zr1_options,197,opt_tom_001,TOM,"ZR1 Carbon Fiber Aero Package, visible carbon fiber, includes carbon fiber high-wing spoiler, dive planes, and tall hood spoiler",,710,12995,12995,191,row 191: 12995 ZR1/ZR1X Only,,direct_price_candidate,write_options_price,"12995 | row 191: 12995 ZR1/ZR1X Only | 191 | ZR1 Carbon Fiber Aero Package, visible carbon fiber, includes carbon fiber high-wing spoiler, dive planes, and tall hood spoiler"
zr1,zr1_options,198,opt_tu7_001,TU7,"Seats, two-tone",,636,595,595,213,row 213: 595 2LT/LZ or 3LT/LZ,,conditional_price_candidate,defer_to_price_rules,"595 | row 213: 595 2LT/LZ or 3LT/LZ | 213 | Seats, two-tone | Requires (AH2) GT2 seats. Available with (HU1/HU9) Sky Cool Gray, (HU2/HUA) Adrenaline Red, (HUE/HTG) Natural, (HMO/HVV) Jet Black/Sky Cool Gray, (HU0/HXO) Jet Black/Adrenaline Red interiors. | Requires (AH2) GT2 seats. Available with (HU1/HU9) Sky Cool Gray, (HU2/HUA) Adrenaline Red, (HUE/HTG) Natural, (HMO/HVV) Jet Black/Sky Cool Gray, (HU0/HXO) Jet Black/Adrenaline Red interiors."
zr1,zr1_options,199,opt_u2k_002,U2K,SiriusXM with 360L Trial Subscription. SiriusXM with 360L transforms your customers' ride with our most extensive and personalized radio experience on the road.,,,,,,,,missing_price_evidence,needs_human_review,
zr1,zr1_options,200,opt_u5g_002,U5G,5G vehicle connectivity,,,,,,,,missing_price_evidence,needs_human_review,
zr1,zr1_options,201,opt_ue1_002,UE1,OnStar services capable,,,,,,,,missing_price_evidence,needs_human_review,
zr1,zr1_options,202,opt_v8x_001,V8X,"LPO, Visible Carbon Fiber sill plates, with car silhouette logo, replaces factory sill plates, Genuine Corvette Accessory",,,,,,,,missing_price_evidence,needs_human_review,
zr1,zr1_options,203,opt_vk3_001,VK3,"License plate bracket, front",,742,40,40,195,row 195: 40 &R7E,,direct_price_candidate,write_options_price,"40 | row 195: 40 &R7E | 195 | License plate bracket, front | Will be forced on orders with ship-to states that require a front license plate. | Will be forced on orders with ship-to states that require a front license plate."
zr1,zr1_options,204,opt_vv4_002,VV4,Wi-Fi Hotspot capable,,,,,,,,missing_price_evidence,needs_human_review,
zr1x,zr1x_options,2,opt_b6p_001,B6P,"Coupe Engine Appearance Package, includes carbon fiber trim and (SL9) engine specification plaque, LPO",,465;899,1895; 1895,1895,171 || 171,row 171: 1895 || row 171: 1895,,direct_price_candidate,write_options_price,"1895 | row 171: 1895 | 171 | Coupe Engine Appearance Package, includes carbon fiber trim and (SL9) engine specification plaque, LPO | 1895 | row 171: 1895 | 171 | Coupe Engine Appearance Package, includes carbon fiber trim and (SL9) engine specification plaque, LPO"
zr1x,zr1x_options,3,opt_pdy_001,PDY,"LPO, Roadside Safety Package, includes (RYT) First Aid Kit, LPO and (S08) Highway Safety Kit, LPO, Genuine Corvette Accessory",,555,195,195,109,row 109: 195 Includes First Aid Kit and Highway Safety Kit,,direct_price_candidate,write_options_price,"195 | row 109: 195 Includes First Aid Kit and Highway Safety Kit | 109 | LPO, Roadside Safety Package, includes (RYT) First Aid Kit, LPO and (S08) Highway Safety Kit, LPO, Genuine Corvette Accessory"
zr1x,zr1x_options,4,opt_zz3_001,ZZ3,"Convertible Engine Appearance Package, includes window under tonneau cover, engine intake and (SL9) engine specification plaque, LPO",,467;901,1195; 1195,1195,193 || 193,row 193: 1195 || row 193: 1195,,direct_price_candidate,write_options_price,"1195 | row 193: 1195 | 193 | Convertible Engine Appearance Package, includes window under tonneau cover, engine intake and (SL9) engine specification plaque, LPO | 1195 | row 193: 1195 | 193 | Convertible Engine Appearance Package, includes window under tonneau cover, engine intake and (SL9) engine specification plaque, LPO"
zr1x,zr1x_options,5,opt_ryt_001,RYT,"LPO, First Aid Kit, Genuine Corvette Accessory",,565,60,60,122,row 122: 60,,direct_price_candidate,write_options_price,"60 | row 122: 60 | 122 | LPO, First Aid Kit, Genuine Corvette Accessory | Included with (PDY) Roadside Safety Package. | Included with (PDY) Roadside Safety Package."
zr1x,zr1x_options,6,opt_s08_001,S08,"LPO, Highway Safety Kit, Genuine Corvette Accessory",,575,150,150,124,row 124: 150,,direct_price_candidate,write_options_price,"150 | row 124: 150 | 124 | LPO, Highway Safety Kit, Genuine Corvette Accessory | Included with (PDY) Roadside Safety Package. | Included with (PDY) Roadside Safety Package."
zr1x,zr1x_options,7,opt_719_001,719,"Seat belt color, Black",,,,,,,,missing_price_evidence,needs_human_review,
zr1x,zr1x_options,8,opt_aj7_001,AJ7,"Airbags, frontal and side-impact, driver and passenger with Passenger Sensing System",,,,,,,,missing_price_evidence,needs_human_review,
zr1x,zr1x_options,9,opt_aq9_001,AQ9,"Seats, GT1 bucket",,,,,,,,missing_price_evidence,needs_human_review,
zr1x,zr1x_options,10,opt_cj2_001,CJ2,"Air conditioning, dual-zone automatic climate control, individual climate settings for driver and passenger, with outside temperature display",,,,,,,,missing_price_evidence,needs_human_review,
zr1x,zr1x_options,11,opt_d30_001,D30,"Color Combination Override, provides the opportunity to individualize vehicle appearance by overriding recommended restrictions to exterior, interior and seat belt color combinations",,525,1495,1495,48,row 48: 1495,,direct_price_candidate,write_options_price,"1495 | row 48: 1495 | 48 | Color Combination Override, provides the opportunity to individualize vehicle appearance by overriding recommended restrictions to exterior, interior and seat belt color combinations | To be used exclusively to override exterior, interior and seat belt color combinations. SOLD orders only. Color Combination Override is available at an additional charge. | To be used exclusively to override exterior, interior and seat belt color combinations. SOLD orders only. Color Combination Override is available at an additional charge."
zr1x,zr1x_options,12,opt_d3v_001,D3V,Engine lighting,,469;903,195; 195,195,184 || 184,row 184: 195 Coupe Only || row 184: 195 Coupe Only,,conditional_price_candidate,defer_to_price_rules,195 | row 184: 195 Coupe Only | 184 | Engine lighting | 195 | row 184: 195 Coupe Only | 184 | Engine lighting
zr1x,zr1x_options,13,opt_drg_001,DRG,"Mirrors, outside, Carbon Flash Metallic-painted",,,,,,,,missing_price_evidence,needs_human_review,
zr1x,zr1x_options,14,opt_dth_001,DTH,Carbon Flash Metallic Full Length Dual Racing Stripes,,827,1295,1295,254,row 254: 1295,,direct_price_candidate,write_options_price,1295 | row 254: 1295 | 254 | Carbon Flash Metallic Full Length Dual Racing Stripes
zr1x,zr1x_options,15,opt_efr_001,EFR,"Exterior accents, Carbon Flash, side vents and front/rear grille accents",,,,,,,,missing_price_evidence,needs_human_review,
zr1x,zr1x_options,16,opt_eri_001,ERI,Battery Protection Package,,855,100,100,66,row 66: 100,,direct_price_candidate,write_options_price,100 | row 66: 100 | 66 | Battery Protection Package | 12-volt battery. | 12-volt battery.
zr1x,zr1x_options,17,opt_eyt_001,EYT,Carbon Flash Exterior Badge Package,,,,,,,,missing_price_evidence,needs_human_review,
zr1x,zr1x_options,18,opt_ive_001,IVE,"Infotainment system with Google Built-In,12.7"" diagonal center console display, 14"" diagonal Driver Information Center, and 6.6"" diagonal auxiliary touchscreen, with Google Built-In compatibility, including navigation capability, connected apps, Natural Voice Recognition. Phone integration for Wireless Apple CarPlay/Wireless Android Auto for compatible phones",,,,,,,,missing_price_evidence,needs_human_review,
zr1x,zr1x_options,19,opt_nga_001,NGA,"Exhaust tips, Black",,,,,,,,missing_price_evidence,needs_human_review,
zr1x,zr1x_options,20,opt_r8c_001,R8C,"Corvette Museum Delivery, acknowledgement form required, includes (CFX) Corvette Museum logo plaque personalized with your name and VIN",,721,1695,1695,62,row 62: 1695,,direct_price_candidate,write_options_price,"1695 | row 62: 1695 | 62 | Corvette Museum Delivery, acknowledgement form required, includes (CFX) Corvette Museum logo plaque personalized with your name and VIN | Must also add Ship To BAC 184590 (Dealer code 31-728). Available on SOLD orders only. Not available with LPO wheels. | Must also add Ship To BAC 184590 (Dealer code 31-728). Available on SOLD orders only. Not available with LPO wheels."
zr1x,zr1x_options,21,opt_sda_001,SDA,"LPO, Black recovery hook, Genuine Corvette Accessory",,767,150,150,131,row 131: 150,,direct_price_candidate,write_options_price,"150 | row 131: 150 | 131 | LPO, Black recovery hook, Genuine Corvette Accessory"
zr1x,zr1x_options,22,opt_spy_001,SPY,"LPO, Black lug nuts, Genuine Corvette Accessory",,787,320,320,146,row 146: 320,,direct_price_candidate,write_options_price,"320 | row 146: 320 | 146 | LPO, Black lug nuts, Genuine Corvette Accessory | Not available with (S47) Chrome lug nuts, LPO. | Not available with (S47) Chrome lug nuts, LPO."
zr1x,zr1x_options,23,opt_t0e_001,T0E,"Spoiler, rear",,,,,,,,missing_price_evidence,needs_human_review,
zr1x,zr1x_options,24,opt_uqt_001,UQT,Performance data and video recorder,,383;605,1495; 1495,1495,64 || 64,row 64: 1495 1LT/LZ || row 64: 1495 1LT/LZ,,conditional_price_candidate,defer_to_price_rules,1495 | row 64: 1495 1LT/LZ | 64 | Performance data and video recorder | 1495 | row 64: 1495 1LT/LZ | 64 | Performance data and video recorder
zr1x,zr1x_options,25,opt_uv6_001,UV6,"Head-Up Display, color display with 3 modes: tour, sport, track; can display speed, gear, tachometer, paddle shift lights, turn signals, bright headlamps, turn-by-turn navigation, g-meter, speed limit",,,,,,,,missing_price_evidence,needs_human_review,
zr1x,zr1x_options,26,opt_ztk_001,ZTK,"ZTK Track Performance Package, includes (FEJ/FEZ) ZTK suspension with Magnetic Selective Ride Control and (XFS) 275/30ZR20 front and 345/25ZR21 rear Michelin Pilot Sport Cup 2 R ultra performance tires",,,,,,,,missing_price_evidence,needs_human_review,
zr1x,zr1x_options,27,opt_c2z_001,C2Z,"Roof panel, visible carbon fiber with body-color surround, removable",,443;799,2595; 2595,2595,230 || 230,row 230: 2595 Coupe Only || row 230: 2595 Coupe Only,,conditional_price_candidate,defer_to_price_rules,"2595 | row 230: 2595 Coupe Only | 230 | Roof panel, visible carbon fiber with body-color surround, removable | 2595 | row 230: 2595 Coupe Only | 230 | Roof panel, visible carbon fiber with body-color surround, removable"
zr1x,zr1x_options,28,opt_sl9_001,SL9,"LPO, Engine specification plaque, Genuine Corvette Accessory",,483;919,125; 125,125,141 || 141,row 141: 125 || row 141: 125,,direct_price_candidate,write_options_price,"125 | row 141: 125 | 141 | LPO, Engine specification plaque, Genuine Corvette Accessory | Included with (B6P/ZZ3) Engine Appearance Package. | Included with (B6P/ZZ3) Engine Appearance Package. | 125 | row 141: 125 | 141 | LPO, Engine specification plaque, Genuine Corvette Accessory | Included with (B6P/ZZ3) Engine Appearance Package. | Included with (B6P/ZZ3) Engine Appearance Package."
zr1x,zr1x_options,29,opt_e60_001,E60,"Front lift adjustable height with memory, includes (TR7) automatic headlamp leveling system",,731,2995,2995,49,row 49: 2995 2LT/LZ or 3LT/LZ,,conditional_price_candidate,defer_to_price_rules,"2995 | row 49: 2995 2LT/LZ or 3LT/LZ | 49 | Front lift adjustable height with memory, includes (TR7) automatic headlamp leveling system"
zr1x,zr1x_options,30,opt_j6d_001,J6D,"Calipers, Dark Gray Metallic-painted",,,,,,,,missing_price_evidence,needs_human_review,
zr1x,zr1x_options,31,opt_3n9_001,3N9,"Seat belt color, Natural",,621,595,595,206,row 206: 595 Std with HZN and HUF,,conditional_price_candidate,defer_to_price_rules,"595 | row 206: 595 Std with HZN and HUF | 206 | Seat belt color, Natural | Recommended with (HTA, HTJ) Jet Black interior.
Recommended with (HMO, HTE, HTT, HU0, HVV, HXO) Jet Black interiors, (HTG, HUE) Natural interiors or (EJH, EPX) Very Dark Atmosphere interiors. Included with (HUF, HZN) Natural Dipped interiors. | Recommended with (HTA, HTJ) Jet Black interior.
Recommended with (HMO, HTE, HTT, HU0, HVV, HXO) Jet Black interiors, (HTG, HUE) Natural interiors or (EJH, EPX) Very Dark Atmosphere interiors. Included with (HUF, HZN) Natural Dipped interiors."
zr1x,zr1x_options,32,opt_baz_001,BAZ,"Stealth Interior Trim Package, dark finish aluminum trim",,673,695,695,207,row 207: 695 2LT/LZ or 3LT/3LZ,,conditional_price_candidate,defer_to_price_rules,"695 | row 207: 695 2LT/LZ or 3LT/3LZ | 207 | Stealth Interior Trim Package, dark finish aluminum trim"
zr1x,zr1x_options,33,opt_dub_001,DUB,Sterling Silver Full Length Dual Racing Stripes,,833,1295,1295,255,row 255: 1295,,direct_price_candidate,write_options_price,1295 | row 255: 1295 | 255 | Sterling Silver Full Length Dual Racing Stripes
zr1x,zr1x_options,34,opt_eyk_001,EYK,Chrome Exterior Badge Package,,717,395,395,188,row 188: 395,,direct_price_candidate,write_options_price,395 | row 188: 395 | 188 | Chrome Exterior Badge Package
zr1x,zr1x_options,35,opt_iwe_001,IWE,"Sueded Microfiber-Wrapped Upper Interior Trim Package, includes headliner, visors, trim above windshield and rear window, and A-pillar trim",,,,,,,,missing_price_evidence,needs_human_review,
zr1x,zr1x_options,36,opt_j6f_001,J6F,"Calipers, Bright Red-painted",,873,795,795,72,row 72: 795,,direct_price_candidate,write_options_price,"795 | row 72: 795 | 72 | Calipers, Bright Red-painted"
zr1x,zr1x_options,37,opt_pin_001,PIN,Customer VIN ending reservation,,723,5495,5495,60,row 60: 5495,,direct_price_candidate,write_options_price,5495 | row 60: 5495 | 60 | Customer VIN ending reservation | This option is subject to restrictions and approval. NOT AVAILABLE on all VINs. Available on SOLD orders only. | This option is subject to restrictions and approval. NOT AVAILABLE on all VINs. Available on SOLD orders only.
zr1x,zr1x_options,38,opt_ppw_001,PPW,Wireless Apple CarPlay/Wireless Android Auto,,,,,,,,missing_price_evidence,needs_human_review,
zr1x,zr1x_options,39,opt_r6x_001,R6X,Custom Interior Trim and Seat Combination,,527,995,995,61,row 61: 995 3LT/LZ Only,,conditional_price_candidate,defer_to_price_rules,"995 | row 61: 995 3LT/LZ Only | 61 | Custom Interior Trim and Seat Combination | SOLD orders only. Requires (HMO/HVV) Jet Black/Sky Cool Gray, (HZB/HVT) Sky Cool Gray/Jet Black, (HU0/HXO) Jet Black/Adrenaline Red, (HUU/HZP) Adrenaline Red/Jet Black interiors. See Custom Interior Trim and Seat Combinations color and trim chart. | SOLD orders only. Requires (HMO/HVV) Jet Black/Sky Cool Gray, (HZB/HVT) Sky Cool Gray/Jet Black, (HU0/HXO) Jet Black/Adrenaline Red, (HUU/HZP) Adrenaline Red/Jet Black interiors. See Custom Interior Trim and Seat Combinations color and trim chart."
zr1x,zr1x_options,40,opt_sfz_001,SFZ,"LPO, Dark Stealth crossed flags emblems, front and rear on Z06 models, front and rear on Grand Sport, Z06, ZR1 and ZR1X models, Genuine Corvette Accessory",,755,250,250,133,row 133: 250,,direct_price_candidate,write_options_price,"250 | row 133: 250 | 133 | LPO, Dark Stealth crossed flags emblems, front and rear on Z06 models, front and rear on Grand Sport, Z06, ZR1 and ZR1X models, Genuine Corvette Accessory | Not available with (EYK) Chrome Exterior Badge Package or any Full Length Dual Racing Stripes (DPB, DPC, DPG, DPL, DPT, DSY, DSZ, DT0, DTB, DTH, DUB, DUE, DUK, DUW) or (SB9) Hood and Roof Decal Package LPO. | Not available with (EYK) Chrome Exterior Badge Package or any Full Length Dual Racing Stripes (DPB, DPC, DPG, DPL, DPT, DSY, DSZ, DT0, DTB, DTH, DUB, DUE, DUK, DUW) or (SB9) Hood and Roof Decal Package LPO."
zr1x,zr1x_options,41,opt_spz_001,SPZ,"LPO, Black wheel locks, Genuine Corvette Accessory",,783,105,105,147,row 147: 105,,direct_price_candidate,write_options_price,"105 | row 147: 105 | 147 | LPO, Black wheel locks, Genuine Corvette Accessory | Requires (SPY) Black lug nuts, LPO. | Requires (SPY) Black lug nuts, LPO."
zr1x,zr1x_options,42,opt_tr7_001,TR7,"Headlamp control, automatic leveling system",,,,,,,,missing_price_evidence,needs_human_review,
zr1x,zr1x_options,43,opt_u80_001,U80,"Compass, digital",,,,,,,,missing_price_evidence,needs_human_review,
zr1x,zr1x_options,44,opt_uhy_001,UHY,Automatic Emergency Braking,,,,,,,,missing_price_evidence,needs_human_review,
zr1x,zr1x_options,45,opt_uvb_001,UVB,HD Rear Vision Camera,,,,,,,,missing_price_evidence,needs_human_review,
zr1x,zr1x_options,46,opt_wub_001,WUB,"NEW!Exhaust, quad center exit",,473;907,1995; 1995,1995,169 || 169,row 169: 1995 || row 169: 1995,,direct_price_candidate,write_options_price,"1995 | row 169: 1995 | 169 | NEW!Exhaust, quad center exit | 1995 | row 169: 1995 | 169 | NEW!Exhaust, quad center exit"
zr1x,zr1x_options,47,opt_r88_001,R88,"LPO, Illuminated crossed flags emblem, front, Genuine Corvette Accessory",,757,695,695,111,row 111: 695,,direct_price_candidate,write_options_price,"695 | row 111: 695 | 111 | LPO, Illuminated crossed flags emblem, front, Genuine Corvette Accessory | Not available with (SFZ) Dark Stealth crossed flags emblems, LPO, (EYK) Chrome Exterior Badge Package or any Full Length Dual Racing Stripes (DPB, DPC, DPG, DPL, DPT, DSY, DSZ, DT0, DTB, DTH, DUB, DUE, DUK, DUW). | Not available with (SFZ) Dark Stealth crossed flags emblems, LPO, (EYK) Chrome Exterior Badge Package or any Full Length Dual Racing Stripes (DPB, DPC, DPG, DPL, DPT, DSY, DSZ, DT0, DTB, DTH, DUB, DUE, DUK, DUW)."
zr1x,zr1x_options,48,opt_ah2_001,AH2,"Seats, GT2 bucket",,631,1695,1695,237,row 237: 1695 2LT/LZ Only; Std on 3LT/LZ,,conditional_price_candidate,defer_to_price_rules,"1695 | row 237: 1695 2LT/LZ Only; Std on 3LT/LZ | 237 | Seats, GT2 bucket"
zr1x,zr1x_options,49,opt_379_001,379,"Seat belt color, Orange",,619,595,595,200,row 200: 595 Std with HUW/HUX Habanero Interiors,,conditional_price_candidate,defer_to_price_rules,"595 | row 200: 595 Std with HUW/HUX Habanero Interiors | 200 | Seat belt color, Orange | Not recommended with (HUQ, HU7, HUL, HUR) Adrenaline Red interiors.
Not recommended with (HU2, HUA, HUU, HZP) Adrenaline Red interiors, (HNK) Adrenaline Red Dipped interior, (HUF, HZN) Natural Dipped interiors, (HVZ) Asymmetrical Adrenaline Red/Jet Black interior, (EJH, EPX) Very Dark Atmosphere interiors or (HAG) Asymmetrical Santorini Blue/Jet Black interior. Included with (HUW, HUX) Habanero interiors. | Not recommended with (HUQ, HU7, HUL, HUR) Adrenaline Red interiors.
Not recommended with (HU2, HUA, HUU, HZP) Adrenaline Red interiors, (HNK) Adrenaline Red Dipped interior, (HUF, HZN) Natural Dipped interiors, (HVZ) Asymmetrical Adrenaline Red/Jet Black interior, (EJH, EPX) Very Dark Atmosphere interiors or (HAG) Asymmetrical Santorini Blue/Jet Black interior. Included with (HUW, HUX) Habanero in…"
zr1x,zr1x_options,50,opt_bv4_001,BV4,"Plaque, personalized, custom-made with your name or up to 24-character word or phrase limit and VIN",,607,395,395,47,row 47: 395,,direct_price_candidate,write_options_price,"395 | row 47: 395 | 47 | Plaque, personalized, custom-made with your name or up to 24-character word or phrase limit and VIN | Available on SOLD orders only. (CFX) Personalized plaque is already included in (R8C) Corvette Museum Delivery. | Available on SOLD orders only. (CFX) Personalized plaque is already included in (R8C) Corvette Museum Delivery."
zr1x,zr1x_options,51,opt_cfx_001,CFX,"Plaque, personalized with Corvette Museum logo, your name and VIN",,,,,,,,missing_price_evidence,needs_human_review,
zr1x,zr1x_options,52,opt_dt0_001,DT0,Competition Yellow Full Length Dual Racing Stripes,,835,1295,1295,252,row 252: 1295,,direct_price_candidate,write_options_price,1295 | row 252: 1295 | 252 | Competition Yellow Full Length Dual Racing Stripes | Not available with exterior color (GBK) Competition Yellow Tintcoat Metallic. | Not available with exterior color (GBK) Competition Yellow Tintcoat Metallic.
zr1x,zr1x_options,53,opt_fa5_001,FA5,"Trim, interior, carbon fiber cluster-surround and console/door switch plates",,679,1795,1795,209,row 209: 1795 2LT/LZ or 3LT/LZ,,conditional_price_candidate,defer_to_price_rules,"1795 | row 209: 1795 2LT/LZ or 3LT/LZ | 209 | Trim, interior, carbon fiber cluster-surround and console/door switch plates"
zr1x,zr1x_options,54,opt_j6e_001,J6E,"Calipers, Velocity Yellow-painted",,871,795,795,71,row 71: 795,,direct_price_candidate,write_options_price,"795 | row 71: 795 | 71 | Calipers, Velocity Yellow-painted"
zr1x,zr1x_options,55,opt_npp_001,NPP,"Exhaust, performance, aggressive exhaust sound varies with driver mode selected",,,,,,,,missing_price_evidence,needs_human_review,
zr1x,zr1x_options,56,opt_nwi_001,NWI,"NEW!Exhaust tips, bright, center, quad, exposed",,911,395,395,168,row 168: 395 Requires (WUB) center quad exhaust system,,direct_price_candidate,write_options_price,"395 | row 168: 395 Requires (WUB) center quad exhaust system | 168 | NEW!Exhaust tips, bright, center, quad, exposed"
zr1x,zr1x_options,57,opt_pef_001,PEF,"LPO, Contoured Liner Protection Package, includes (CAV) contoured trunk cargo area liner with Jake logo and (RIA) all-weather floor liners with Jake logo, Genuine Corvette Accessory",,553,475,475,110,row 110: 475,,direct_price_candidate,write_options_price,"475 | row 110: 475 | 110 | LPO, Contoured Liner Protection Package, includes (CAV) contoured trunk cargo area liner with Jake logo and (RIA) all-weather floor liners with Jake logo, Genuine Corvette Accessory"
zr1x,zr1x_options,58,opt_s47_001,S47,"LPO, Chrome lug nuts, Genuine Corvette Accessory",,789,275,275,126,row 126: 275,,direct_price_candidate,write_options_price,"275 | row 126: 275 | 126 | LPO, Chrome lug nuts, Genuine Corvette Accessory | Not available with (SPY) Black lug nuts, LPO or (SU1) 20"" front/21"" rear 10-spoke, visible carbon fiber wheels. | Not available with (SPY) Black lug nuts, LPO or (SU1) 20"" front/21"" rear 10-spoke, visible carbon fiber wheels."
zr1x,zr1x_options,59,opt_sbt_001,SBT,"LPO, Dual roof, adds transparent removable roof panel and includes (SC7) roof panel storage pouch, Genuine Corvette Accessories",,769,2525,2525,129,row 129: 2525,,direct_price_candidate,write_options_price,"2525 | row 129: 2525 | 129 | LPO, Dual roof, adds transparent removable roof panel and includes (SC7) roof panel storage pouch, Genuine Corvette Accessories"
zr1x,zr1x_options,60,opt_ueu_001,UEU,Forward Collision Alert,,,,,,,,missing_price_evidence,needs_human_review,
zr1x,zr1x_options,61,opt_uqh_001,UQH,"Audio system feature, Bose Performance Series Sound System with 14 speakers",,,,,,,,missing_price_evidence,needs_human_review,
zr1x,zr1x_options,62,opt_uqs_001,UQS,"Audio system feature, Bose Premium 10-speaker system",,,,,,,,missing_price_evidence,needs_human_review,
zr1x,zr1x_options,63,opt_zyc_001,ZYC,"Carbon Flash Metallic-painted outside mirrors and spoiler (when equipped with T0E standard spoiler), includes (DRG) Carbon Flash Metallic-painted outside mirrors",,791,295,295,192,row 192: 295 Includes spoiler as well when the vehicle is equipped with painted spoiler,,direct_price_candidate,write_options_price,"295 | row 192: 295 Includes spoiler as well when the vehicle is equipped with painted spoiler | 192 | Carbon Flash Metallic-painted outside mirrors and spoiler (when equipped with T0E standard spoiler), includes (DRG) Carbon Flash Metallic-painted outside mirrors | Not available with exterior color (GBA) Black. | Not available with exterior color (GBA) Black."
zr1x,zr1x_options,64,opt_ria_001,RIA,"LPO, All-weather floor liners with Jake logo, Genuine Corvette Accessory",,563,265,265,112,row 112: 265,,direct_price_candidate,write_options_price,"265 | row 112: 265 | 112 | LPO, All-weather floor liners with Jake logo, Genuine Corvette Accessory | Included with (PEF) Contoured Liner Protection Package, LPO. | Included with (PEF) Contoured Liner Protection Package, LPO."
zr1x,zr1x_options,65,opt_sc7_001,SC7,"LPO, Roof panel storage pouch, Genuine Corvette Accessory",,579,195,195,130,row 130: 195,,direct_price_candidate,write_options_price,"195 | row 130: 195 | 130 | LPO, Roof panel storage pouch, Genuine Corvette Accessory | Included with (SBT) dual roof, LPO. | Included with (SBT) dual roof, LPO."
zr1x,zr1x_options,66,opt_cav_001,CAV,"LPO, Contoured cargo area liner with Jake logo, Genuine Corvette Accessory",,561,230,230,101,row 101: 230,,direct_price_candidate,write_options_price,"230 | row 101: 230 | 101 | LPO, Contoured cargo area liner with Jake logo, Genuine Corvette Accessory | Included with (PEF) Contoured Liner Protection Package, LPO. | Included with (PEF) Contoured Liner Protection Package, LPO."
zr1x,zr1x_options,67,opt_3a9_001,3A9,"Seat belt color, Santorini Blue",,623,595,595,203,row 203: 595 Std with HT8 and HAG Interior,,conditional_price_candidate,defer_to_price_rules,"595 | row 203: 595 Std with HT8 and HAG Interior | 203 | Seat belt color, Santorini Blue | Not recommended with (HUQ, HU7, HUL, HUR) Adrenaline Red interiors.
Not recommended with (HU2, HUA, HUU, HZP) Adrenaline Red interiors, (HNK) Adrenaline Red Dipped interior, (HUW, HUX) Habanero interiors, (EJH, EPX) Very Dark Atmosphere interiors or (HVZ) Asymmetrical Adrenaline Red/Jet Black interior. Included with (H8T) Santorini Blue interior and (HAG) Asymmetrical Santorini Blue/Jet Black interior. | Not recommended with (HUQ, HU7, HUL, HUR) Adrenaline Red interiors.
Not recommended with (HU2, HUA, HUU, HZP) Adrenaline Red interiors, (HNK) Adrenaline Red Dipped interior, (HUW, HUX) Habanero interiors, (EJH, EPX) Very Dark Atmosphere interiors or (HVZ) Asymmetrical Adrenaline Red/Jet Black interior. Included with (H8T) Santorini Blue interior and (HAG) Asymmetrical Santorini Blue/Jet Black inter…"
zr1x,zr1x_options,68,opt_ae4_002,AE4,"Seats, Competition Sport bucket",,,,,,,,missing_price_evidence,needs_human_review,
zr1x,zr1x_options,69,opt_duw_001,DUW,Edge Blue Full Length Dual Racing Stripes,,823,1295,1295,258,row 258: 1295,,direct_price_candidate,write_options_price,1295 | row 258: 1295 | 258 | Edge Blue Full Length Dual Racing Stripes | Not available with exterior color (GTR) Admiral Blue Metallic. | Not available with exterior color (GTR) Admiral Blue Metallic.
zr1x,zr1x_options,70,opt_j6n_001,J6N,"Calipers, Edge Red-painted",,877,795,795,74,row 74: 795,,direct_price_candidate,write_options_price,"795 | row 74: 795 | 74 | Calipers, Edge Red-painted"
zr1x,zr1x_options,71,opt_k7a_001,K7A,"Wireless Phone Charging, wireless charging pad for phone or portable devices, located on center console",,,,,,,,missing_price_evidence,needs_human_review,
zr1x,zr1x_options,72,opt_sfe_001,SFE,"LPO, Chrome wheel locks, Genuine Corvette Accessory",,785,125,125,132,row 132: 125,,direct_price_candidate,write_options_price,"125 | row 132: 125 | 132 | LPO, Chrome wheel locks, Genuine Corvette Accessory | Not available with (SPY) Black lug nuts, LPO or (SU1) 20"" front/21"" rear 10-spoke, visible carbon fiber wheels. | Not available with (SPY) Black lug nuts, LPO or (SU1) 20"" front/21"" rear 10-spoke, visible carbon fiber wheels."
zr1x,zr1x_options,73,opt_t4l_001,T4L,"Headlamps, LED",,,,,,,,missing_price_evidence,needs_human_review,
zr1x,zr1x_options,74,opt_ukt_001,UKT,Front Pedestrian and Bicyclist Braking,,,,,,,,missing_price_evidence,needs_human_review,
zr1x,zr1x_options,75,opt_uva_001,UVA,"HD Front and Rear Vision Cameras, front camera is curb view",,,,,,,,missing_price_evidence,needs_human_review,
zr1x,zr1x_options,76,opt_vtb_001,VTB,"LPO, Rear fascia/roof storage protector in Black with embroidered crossed flags logo, Genuine Corvette Accessory",,759,150,150,156,row 156: 150,,direct_price_candidate,write_options_price,"150 | row 156: 150 | 156 | LPO, Rear fascia/roof storage protector in Black with embroidered crossed flags logo, Genuine Corvette Accessory"
zr1x,zr1x_options,77,opt_vyw_001,VYW,"LPO, Floor mats, premium carpeted with car silhouette logo on Stingray, Grand Sport, ZR1 and ZR1X models, Genuine Corvette Accessory",,567,275,275,162,row 162: 275,,direct_price_candidate,write_options_price,"275 | row 162: 275 | 162 | LPO, Floor mats, premium carpeted with car silhouette logo on Stingray, Grand Sport, ZR1 and ZR1X models, Genuine Corvette Accessory"
zr1x,zr1x_options,78,opt_pcq_001,PCQ,"LPO, Grille Screen Protection Package, includes (VWE) front radiator grille screens LPO and (VWT) insect protection grille screen LPO, Genuine Corvette Accessories",,,,,,,,missing_price_evidence,needs_human_review,
zr1x,zr1x_options,79,opt_3f9_001,3F9,"Seat belt color, Torch Red",,625,595,595,204,row 204: 595 Std with HNK Interior,,conditional_price_candidate,defer_to_price_rules,"595 | row 204: 595 Std with HNK Interior | 204 | Seat belt color, Torch Red | Not recommended with (HUW, HUX) Habanero interiors or (EJH, EPX) Very Dark Atmosphere interiors. Included with (HNK) Adrenaline Red Dipped interior. | Not recommended with (HUW, HUX) Habanero interiors or (EJH, EPX) Very Dark Atmosphere interiors. Included with (HNK) Adrenaline Red Dipped interior."
zr1x,zr1x_options,80,opt_5zd_001,5ZD,"LPO, Carbon Flash wheel center caps with crossed flags logo, Genuine Corvette Accessory",,779,250,250,97,row 97: 250,,direct_price_candidate,write_options_price,"250 | row 97: 250 | 97 | LPO, Carbon Flash wheel center caps with crossed flags logo, Genuine Corvette Accessory"
zr1x,zr1x_options,81,opt_dsy_001,DSY,Edge Orange Full Length Dual Racing Stripes,,829,1295,1295,250,row 250: 1295,,direct_price_candidate,write_options_price,1295 | row 250: 1295 | 250 | Edge Orange Full Length Dual Racing Stripes | Not available with exterior color (G26) Sebring Orange Tintcoat. | Not available with exterior color (G26) Sebring Orange Tintcoat.
zr1x,zr1x_options,82,opt_dwk_001,DWK,"Mirrors, outside heated, power-adjustable, manual-folding with turn signal indicators",,,,,,,,missing_price_evidence,needs_human_review,
zr1x,zr1x_options,83,opt_j6b_001,J6B,"Calipers, Blue-painted",,869,795,795,70,row 70: 795,,direct_price_candidate,write_options_price,"795 | row 70: 795 | 70 | Calipers, Blue-painted"
zr1x,zr1x_options,84,opt_rwu_001,RWU,"LPO, Cargo area organizer, collapsible, Genuine Corvette Accessory",,559,175,175,118,row 118: 175,,direct_price_candidate,write_options_price,"175 | row 118: 175 | 118 | LPO, Cargo area organizer, collapsible, Genuine Corvette Accessory"
zr1x,zr1x_options,85,opt_slk_001,SLK,"LPO, Rear hatch strut bracket, Edge Red, Genuine Corvette Accessory",,921,1995,1995,142,row 142: 1995,,direct_price_candidate,write_options_price,"1995 | row 142: 1995 | 142 | LPO, Rear hatch strut bracket, Edge Red, Genuine Corvette Accessory"
zr1x,zr1x_options,86,opt_tq5_001,TQ5,"IntelliBeam, auto high beam",,,,,,,,missing_price_evidence,needs_human_review,
zr1x,zr1x_options,87,opt_ufg_001,UFG,Rear Cross Traffic Alert,,,,,,,,missing_price_evidence,needs_human_review,
zr1x,zr1x_options,88,opt_vwe_001,VWE,"LPO, Front radiator grille screens, Genuine Corvette Accessory",,,,,,,,missing_price_evidence,needs_human_review,
zr1x,zr1x_options,89,opt_vwt_001,VWT,"LPO, Insect protection grille screen, Genuine Corvette Accessory",,763,795,795,161,row 161: 795,,direct_price_candidate,write_options_price,"795 | row 161: 795 | 161 | LPO, Insect protection grille screen, Genuine Corvette Accessory | Included with (PCQ) Grille Screen Protection Package, LPO. | Included with (PCQ) Grille Screen Protection Package, LPO."
zr1x,zr1x_options,90,opt_3m9_001,3M9,"Seat belt color, Yellow",,627,595,595,205,row 205: 595,,direct_price_candidate,write_options_price,"595 | row 205: 595 | 205 | Seat belt color, Yellow | Not recommended with (HUQ, HU7, HUL, HUR) Adrenaline Red interiors.
Not recommended with (HU2, HUA, HUU, HZP) Adrenaline Red interiors, (HNK) Adrenaline Red Dipped interior, (HVZ) Asymmetrical Adrenaline Red/Jet Black interior, (HUW, HUX) Habanero interiors, (EJH, EPX) Very Dark Atmosphere interiors, (H8T) Santorini Blue interior or (HAG) Asymmetrical Santorini Blue/Jet Black interior. | Not recommended with (HUQ, HU7, HUL, HUR) Adrenaline Red interiors.
Not recommended with (HU2, HUA, HUU, HZP) Adrenaline Red interiors, (HNK) Adrenaline Red Dipped interior, (HVZ) Asymmetrical Adrenaline Red/Jet Black interior, (HUW, HUX) Habanero interiors, (EJH, EPX) Very Dark Atmosphere interiors, (H8T) Santorini Blue interior or (HAG) Asymmetrical Santorini Blue/Jet Black interior."
zr1x,zr1x_options,91,opt_5jr_001,5JR,"LPO, Outside mirror covers in visible Carbon Fiber, includes (DRG) Carbon Flash Metallic-painted outside mirrors, Genuine Corvette Accessory",,765,1395,1395,89,row 89: 1395,,direct_price_candidate,write_options_price,"1395 | row 89: 1395 | 89 | LPO, Outside mirror covers in visible Carbon Fiber, includes (DRG) Carbon Flash Metallic-painted outside mirrors, Genuine Corvette Accessory"
zr1x,zr1x_options,92,opt_5zc_001,5ZC,"LPO, Jake logo wheel center caps. Genuine Corvette Accessory",,781,250,250,96,row 96: 250,,direct_price_candidate,write_options_price,"250 | row 96: 250 | 96 | LPO, Jake logo wheel center caps. Genuine Corvette Accessory"
zr1x,zr1x_options,93,opt_a2x_001,A2X,"Seat adjuster, driver 8-way power",,,,,,,,missing_price_evidence,needs_human_review,
zr1x,zr1x_options,94,opt_dsz_001,DSZ,Edge Red Full Length Dual Racing Stripes,,831,1295,1295,251,row 251: 1295,,direct_price_candidate,write_options_price,1295 | row 251: 1295 | 251 | Edge Red Full Length Dual Racing Stripes | Not available with exterior color (GKZ) Torch Red or (GPH) Red Mist Metallic Tintcoat. | Not available with exterior color (GKZ) Torch Red or (GPH) Red Mist Metallic Tintcoat.
zr1x,zr1x_options,95,opt_k7b_001,K7B,"Wireless Phone Charging, 2 wireless charging pads for phone or portable devices, located on center console and between seatbacks",,,,,,,,missing_price_evidence,needs_human_review,
zr1x,zr1x_options,96,opt_sln_001,SLN,"LPO, Visible carbon fiber engine cross brace with Jake logo, Genuine Corvette Accessory",,917,2895,2895,143,row 143: 2895,,direct_price_candidate,write_options_price,"2895 | row 143: 2895 | 143 | LPO, Visible carbon fiber engine cross brace with Jake logo, Genuine Corvette Accessory"
zr1x,zr1x_options,97,opt_uhx_001,UHX,Lane Keep Assist with Lane Departure Warning,,,,,,,,missing_price_evidence,needs_human_review,
zr1x,zr1x_options,98,opt_w2d_001,W2D,"LPO, Cargo net set, Genuine Corvette Accessory",,557,125,125,163,row 163: 125,,direct_price_candidate,write_options_price,"125 | row 163: 125 | 163 | LPO, Cargo net set, Genuine Corvette Accessory"
zr1x,zr1x_options,99,opt_xfr_001,XFR,"Tires, 275/30ZR20 front and 345/25ZR21 rear, blackwall, high performance",,,,,,,,missing_price_evidence,needs_human_review,
zr1x,zr1x_options,100,opt_a7k_001,A7K,"Seat adjuster, passenger 8-way power",,,,,,,,missing_price_evidence,needs_human_review,
zr1x,zr1x_options,101,opt_dpb_001,DPB,Carbon Flash with Blue accent Full Length Dual Racing Stripes,,813,1295,1295,245,row 245: 1295,,direct_price_candidate,write_options_price,1295 | row 245: 1295 | 245 | Carbon Flash with Blue accent Full Length Dual Racing Stripes | Not available with exterior color (GTR) Admiral Blue Metallic. | Not available with exterior color (GTR) Admiral Blue Metallic.
zr1x,zr1x_options,102,opt_drz_001,DRZ,"Rear Camera Mirror, inside rearview auto-dimming with full camera display",,,,,,,,missing_price_evidence,needs_human_review,
zr1x,zr1x_options,103,opt_j6l_001,J6L,"Calipers, Orange-painted",,875,795,795,73,row 73: 795 Requires J57,,direct_price_candidate,write_options_price,"795 | row 73: 795 Requires J57 | 73 | Calipers, Orange-painted"
zr1x,zr1x_options,104,opt_rwh_001,RWH,"LPO, Premium indoor car cover, Black with crossed flags logo, Genuine Corvette Accessory",,747,495,495,116,row 116: 495,,direct_price_candidate,write_options_price,"495 | row 116: 495 | 116 | LPO, Premium indoor car cover, Black with crossed flags logo, Genuine Corvette Accessory"
zr1x,zr1x_options,105,opt_s2l_001,S2L,"LPO, Set of premium leather weekend/travel bags, Genuine Corvette Accessory",,577,1695,1695,125,row 125: 1695,,direct_price_candidate,write_options_price,"1695 | row 125: 1695 | 125 | LPO, Set of premium leather weekend/travel bags, Genuine Corvette Accessory"
zr1x,zr1x_options,106,opt_ug1_001,UG1,"Universal Home Remote, includes garage door opener, 3-channel programmable, located on driver visor",,,,,,,,missing_price_evidence,needs_human_review,
zr1x,zr1x_options,107,opt_xfs_001,XFS,"Tires, 275/30ZR20 front and 345/25ZR21 rear, blackwall, Michelin Pilot Sport Cup 2 R ultra performance",,,,,,,,missing_price_evidence,needs_human_review,
zr1x,zr1x_options,108,opt_wkr_001,WKR,"LPO, Premium indoor car cover, GT3.R, fully rendered, Genuine Corvette Accessory",,749,1275,1275,165,row 165: 1275,,direct_price_candidate,write_options_price,"1275 | row 165: 1275 | 165 | LPO, Premium indoor car cover, GT3.R, fully rendered, Genuine Corvette Accessory | Not available with (TOM) ZR1 Carbon Fiber Aero Package.
Not available with (TOM) ZR1X Carbon Fiber Aero Package. | Not available with (TOM) ZR1 Carbon Fiber Aero Package.
Not available with (TOM) ZR1X Carbon Fiber Aero Package."
zr1x,zr1x_options,109,opt_rwj_001,RWJ,"LPO, Premium outdoor car cover, Gray with crossed flags logo and Corvette silhouette, Genuine Corvette Accessory",,751,495,495,117,row 117: 495,,direct_price_candidate,write_options_price,"495 | row 117: 495 | 117 | LPO, Premium outdoor car cover, Gray with crossed flags logo and Corvette silhouette, Genuine Corvette Accessory | Not available with (TOM) ZR1 Carbon Fiber Aero Package.
Not available with (TOM) ZR1X Carbon Fiber Aero Package. | Not available with (TOM) ZR1 Carbon Fiber Aero Package.
Not available with (TOM) ZR1X Carbon Fiber Aero Package."
zr1x,zr1x_options,110,opt_aup_001,AUP,"Seats, mixed, driver Competition Sport bucket, passenger GT2 bucket",,635,350,350,238,row 238: 350 Requires HVZ; Asymmetrical Adrenaline Red/Jet Black Interior,,direct_price_candidate,write_options_price,"350 | row 238: 350 Requires HVZ; Asymmetrical Adrenaline Red/Jet Black Interior | 238 | Seats, mixed, driver Competition Sport bucket, passenger GT2 bucket | Requires (HVZ) Asymmetrical Adrenaline Red/Jet Black interior or (HAG) Asymmetrical Santorini Blue/Jet Black interior. | Requires (HVZ) Asymmetrical Adrenaline Red/Jet Black interior or (HAG) Asymmetrical Santorini Blue/Jet Black interior."
zr1x,zr1x_options,111,opt_dpg_001,DPG,Carbon Flash with Orange accent Full Length Dual Racing Stripes,,817,1295,1295,247,row 247: 1295,,direct_price_candidate,write_options_price,1295 | row 247: 1295 | 247 | Carbon Flash with Orange accent Full Length Dual Racing Stripes | Not available with exterior color (G26) Sebring Orange Tintcoat. | Not available with exterior color (G26) Sebring Orange Tintcoat.
zr1x,zr1x_options,112,opt_ki3_001,KI3,"Steering wheel, heated",,,,,,,,missing_price_evidence,needs_human_review,
zr1x,zr1x_options,113,opt_n38_001,N38,"Steering column, power tilt and telescopic",,,,,,,,missing_price_evidence,needs_human_review,
zr1x,zr1x_options,114,opt_nk4_001,NK4,"Steering wheel, leather-wrapped",,,,,,,,missing_price_evidence,needs_human_review,
zr1x,zr1x_options,115,opt_rin_001,RIN,"LPO, Rear Corvette script badge in Arctic White, Genuine Corvette Accessory",,771,440,440,114,row 114: 440,,direct_price_candidate,write_options_price,"440 | row 114: 440 | 114 | LPO, Rear Corvette script badge in Arctic White, Genuine Corvette Accessory | Not available with RIK, SL8. | Not available with RIK, SL8."
zr1x,zr1x_options,116,opt_sxb_001,SXB,"LPO, Suede trunk compartment liner, Black, Genuine Corvette Accessory",,569,2095,2095,150,row 150: 2095,,direct_price_candidate,write_options_price,"2095 | row 150: 2095 | 150 | LPO, Suede trunk compartment liner, Black, Genuine Corvette Accessory"
zr1x,zr1x_options,117,opt_ud7_001,UD7,Rear Park Assist,,,,,,,,missing_price_evidence,needs_human_review,
zr1x,zr1x_options,118,opt_sl8_001,SL8,"LPO, Rear Corvette script badge in Edge Red, Genuine Corvette Accessory",,773,495,495,140,row 140: 495,,direct_price_candidate,write_options_price,"495 | row 140: 495 | 140 | LPO, Rear Corvette script badge in Edge Red, Genuine Corvette Accessory | Not available with RIK, RIN. | Not available with RIK, RIN."
zr1x,zr1x_options,119,opt_sxr_001,SXR,"LPO, Suede trunk compartment liner, Adrenaline Red, Genuine Corvette Accessory",,571,2095,2095,151,row 151: 2095,,direct_price_candidate,write_options_price,"2095 | row 151: 2095 | 151 | LPO, Suede trunk compartment liner, Adrenaline Red, Genuine Corvette Accessory"
zr1x,zr1x_options,120,opt_rik_001,RIK,"LPO, Rear Corvette script badge in Torch Red, Genuine Corvette Accessory",,775,395,395,113,row 113: 395,,direct_price_candidate,write_options_price,"395 | row 113: 395 | 113 | LPO, Rear Corvette script badge in Torch Red, Genuine Corvette Accessory | Not available with RIN, SL8. | Not available with RIN, SL8."
zr1x,zr1x_options,121,opt_sxt_001,SXT,"LPO, Suede trunk compartment liner, Natural, Genuine Corvette Accessory",,573,2695,2695,152,row 152: 2695,,direct_price_candidate,write_options_price,"2695 | row 152: 2695 | 152 | LPO, Suede trunk compartment liner, Natural, Genuine Corvette Accessory"
zr1x,zr1x_options,122,opt_dpl_001,DPL,Carbon Flash with Red accent Full Length Dual Racing Stripes,,819,1295,1295,248,row 248: 1295,,direct_price_candidate,write_options_price,1295 | row 248: 1295 | 248 | Carbon Flash with Red accent Full Length Dual Racing Stripes | Not available with exterior color (GKZ) Torch Red or (GPH) Red Mist Metallic Tintcoat. | Not available with exterior color (GKZ) Torch Red or (GPH) Red Mist Metallic Tintcoat.
zr1x,zr1x_options,123,opt_sig_001,SIG,"LPO, Spoiler extension, clear smoked center bridge with Jake logo, Genuine Corvette Accessory",,777,425,425,138,row 138: 425,,direct_price_candidate,write_options_price,"425 | row 138: 425 | 138 | LPO, Spoiler extension, clear smoked center bridge with Jake logo, Genuine Corvette Accessory | Requires (T0E) rear spoiler. | Requires (T0E) rear spoiler."
zr1x,zr1x_options,124,opt_tdm_001,TDM,"Teen Driver, a configurable feature that lets you activate customizable vehicle settings associated with a key fob, to help encourage safe driving behavior. It can limit certain available vehicle features, and it prevents certain safety systems from being turned off. An in-vehicle report card gives you information on driving habits and helps you to continue to coach your new driver",,,,,,,,missing_price_evidence,needs_human_review,
zr1x,zr1x_options,125,opt_vhm_001,VHM,"Vehicle health management, provides advanced warning of vehicle issues",,,,,,,,missing_price_evidence,needs_human_review,
zr1x,zr1x_options,126,opt_dpt_001,DPT,Carbon Flash with Silver accent Full Length Dual Racing Stripes,,821,1295,1295,249,row 249: 1295,,direct_price_candidate,write_options_price,1295 | row 249: 1295 | 249 | Carbon Flash with Silver accent Full Length Dual Racing Stripes
zr1x,zr1x_options,127,opt_kqv_001,KQV,"Seats, heated and vented driver and passenger",,,,,,,,missing_price_evidence,needs_human_review,
zr1x,zr1x_options,128,opt_al9_001,AL9,"Seat adjuster, power driver lumbar control",,,,,,,,missing_price_evidence,needs_human_review,
zr1x,zr1x_options,129,opt_dpc_001,DPC,Carbon Flash with Yellow accent Full Length Dual Racing Stripes,,815,1295,1295,246,row 246: 1295,,direct_price_candidate,write_options_price,1295 | row 246: 1295 | 246 | Carbon Flash with Yellow accent Full Length Dual Racing Stripes | Not available with exterior color (GBK) Competition Yellow Tintcoat Metallic. | Not available with exterior color (GBK) Competition Yellow Tintcoat Metallic.
zr1x,zr1x_options,130,opt_at9_001,AT9,"Seat adjuster, power passenger lumbar control",,,,,,,,missing_price_evidence,needs_human_review,
zr1x,zr1x_options,131,opt_duk_001,DUK,Asymmetrical Edge Red/Carbon Flash Full Length Dual Racing Stripes,,811,1295,1295,257,row 257: 1295,,direct_price_candidate,write_options_price,1295 | row 257: 1295 | 257 | Asymmetrical Edge Red/Carbon Flash Full Length Dual Racing Stripes | Not available with exterior color (GKZ) Torch Red or (GPH) Red Mist Metallic Tintcoat. | Not available with exterior color (GKZ) Torch Red or (GPH) Red Mist Metallic Tintcoat.
zr1x,zr1x_options,132,opt_g0k_001,G0K,"Rear axle, 5.56 ratio",,,,,,,,missing_price_evidence,needs_human_review,
zr1x,zr1x_options,133,opt_ahe_001,AHE,"Seat adjuster, driver power bolster",,,,,,,,missing_price_evidence,needs_human_review,
zr1x,zr1x_options,134,opt_b4z_001,B4Z,Performance Traction Management,,,,,,,,missing_price_evidence,needs_human_review,
zr1x,zr1x_options,135,opt_due_001,DUE,NEW!Asymmetrical Santorini Blue/Carbon Flash Full Length Dual Racing Stripes,,809,1295,1295,256,row 256: 1295,,direct_price_candidate,write_options_price,1295 | row 256: 1295 | 256 | NEW!Asymmetrical Santorini Blue/Carbon Flash Full Length Dual Racing Stripes | Not available with exterior color (GTR) Admiral Blue Metallic. | Not available with exterior color (GTR) Admiral Blue Metallic.
zr1x,zr1x_options,136,opt_ahh_001,AHH,"Seat adjuster, passenger power bolster",,,,,,,,missing_price_evidence,needs_human_review,
zr1x,zr1x_options,137,opt_aqa_001,AQA,"Memory Driver and Passenger Convenience Package, includes steering wheel and outside mirrors plus seat memory for both driver and passenger; key fob or door button activated",,,,,,,,missing_price_evidence,needs_human_review,
zr1x,zr1x_options,138,opt_ap9_001,AP9,"Cargo nets, 2",,,,,,,,missing_price_evidence,needs_human_review,
zr1x,zr1x_options,139,opt_dyx_001,DYX,"Mirrors, outside heated, power-adjustable, power-folding, driver-side auto-dimming with turn signal indicators",,,,,,,,missing_price_evidence,needs_human_review,
zr1x,zr1x_options,140,opt_uft_001,UFT,Side Blind Zone Alert,,,,,,,,missing_price_evidence,needs_human_review,
zr1x,zr1x_options,141,opt_utj_001,UTJ,"Theft-deterrent system, electrical, unauthorized entry, activates the horn",,,,,,,,missing_price_evidence,needs_human_review,
zr1x,zr1x_options,142,opt_utv_001,UTV,"Theft deterrent sensor, vehicle interior movement",,,,,,,,missing_price_evidence,needs_human_review,
zr1x,zr1x_options,143,opt_utu_001,UTU,"Theft deterrent sensor, vehicle inclination",,,,,,,,missing_price_evidence,needs_human_review,
zr1x,zr1x_options,144,opt_36s_001,36S,"Competition Yellow custom leather stitch, includes seats, instrument panel, doors and console",,671,495,495,199,row 199: 495 Requires Jet Black Interior,,direct_price_candidate,write_options_price,"495 | row 199: 495 Requires Jet Black Interior | 199 | Competition Yellow custom leather stitch, includes seats, instrument panel, doors and console | Requires (HTE/HTT/HUB/HUC) Jet Black interior. | Requires (HTE/HTT/HUB/HUC) Jet Black interior."
zr1x,zr1x_options,145,opt_37s_001,37S,"Santorini Blue custom leather stitch, includes seats, instrument panel, doors and console",,667,495,495,201,row 201: 495 requires Jet Black Interior,,direct_price_candidate,write_options_price,"495 | row 201: 495 requires Jet Black Interior | 201 | Santorini Blue custom leather stitch, includes seats, instrument panel, doors and console | Requires (HTE/HTT/HUB/HUC) Jet Black interior. | Requires (HTE/HTT/HUB/HUC) Jet Black interior."
zr1x,zr1x_options,146,opt_38s_001,38S,"Adrenaline Red custom leather stitch, includes seats, instrument panel, doors and console",,669,495,495,202,row 202: 495 requires Jet Black or Adrenaline Red/Jack Black Interior,,direct_price_candidate,write_options_price,"495 | row 202: 495 requires Jet Black or Adrenaline Red/Jack Black Interior | 202 | Adrenaline Red custom leather stitch, includes seats, instrument panel, doors and console | Requires (HTE/HTT/HUB/HUC) Jet Black interior or (HU0/HXO) Adrenaline Red/Jet Black interior. | Requires (HTE/HTT/HUB/HUC) Jet Black interior or (HU0/HXO) Adrenaline Red/Jet Black interior."
zr1x,zr1x_options,147,opt_510,,Air filtration system with pollen filter,,,,,,,,missing_price_evidence,needs_human_review,
zr1x,zr1x_options,148,opt_530,,"Console, floor, 2 cup holders, auxiliary power outlet, 3 USB ports (2 type-C, 1 type-A), passenger grab handle and lockable storage",,,,,,,,missing_price_evidence,needs_human_review,
zr1x,zr1x_options,149,opt_532,,"Cruise control, electronic with set and resume speed",,,,,,,,missing_price_evidence,needs_human_review,
zr1x,zr1x_options,150,opt_536,,"Door locks, power programmable with lockout protection",,,,,,,,missing_price_evidence,needs_human_review,
zr1x,zr1x_options,151,opt_538,,"Floor mats, carpeted",,,,,,,,missing_price_evidence,needs_human_review,
zr1x,zr1x_options,152,opt_542,,"Hatch release, push button open",,,,,,,,missing_price_evidence,needs_human_review,
zr1x,zr1x_options,153,opt_546,,"Keyless Open and Start, includes 2 remote transmitters that enable automatic door unlock and open by touching door switch",,,,,,,,missing_price_evidence,needs_human_review,
zr1x,zr1x_options,154,opt_550,,"Lighting, interior, theater dimming",,,,,,,,missing_price_evidence,needs_human_review,
zr1x,zr1x_options,155,opt_614,,Remote vehicle starter system,,,,,,,,missing_price_evidence,needs_human_review,
zr1x,zr1x_options,156,opt_664,,"Steering wheel controls, audio, voice recognition, cruise and Driver Information Center",,,,,,,,missing_price_evidence,needs_human_review,
zr1x,zr1x_options,157,opt_674,,"Custom Leather Wrapped Interior Package, features leather-wrapped upper instrument panel, door trim panels and console",,,,,,,,missing_price_evidence,needs_human_review,
zr1x,zr1x_options,158,opt_684,,"Theft-deterrent system, vehicle, push button start, immobilizer and audible visual alarm",,,,,,,,missing_price_evidence,needs_human_review,
zr1x,zr1x_options,159,opt_692,,"Trunk release, push button open",,,,,,,,missing_price_evidence,needs_human_review,
zr1x,zr1x_options,160,opt_698,,"Visors, driver and passenger illuminated vanity mirrors, covered",,,,,,,,missing_price_evidence,needs_human_review,
zr1x,zr1x_options,161,opt_700,,"Windows, power with driver and passenger Express-Down/Up",,,,,,,,missing_price_evidence,needs_human_review,
zr1x,zr1x_options,162,opt_708,,"Antenna, integral front and rear",,,,,,,,missing_price_evidence,needs_human_review,
zr1x,zr1x_options,163,opt_724,,Daytime running lamps,,,,,,,,missing_price_evidence,needs_human_review,
zr1x,zr1x_options,164,opt_732,,"Glass, Solar-Ray light-tinted",,,,,,,,missing_price_evidence,needs_human_review,
zr1x,zr1x_options,165,opt_850,,"Wipers, front intermittent",,,,,,,,missing_price_evidence,needs_human_review,
zr1x,zr1x_options,166,opt_852,,"Active handling stability control, improves traction and enhances vehicle stability",,,,,,,,missing_price_evidence,needs_human_review,
zr1x,zr1x_options,167,opt_864,,NEW!Intersection Automatic Emergency Braking,,,,,,,,missing_price_evidence,needs_human_review,
zr1x,zr1x_options,168,opt_912,,"Frame, aluminum structure",,,,,,,,missing_price_evidence,needs_human_review,
zr1x,zr1x_options,169,opt_922,,Oil life monitoring system,,,,,,,,missing_price_evidence,needs_human_review,
zr1x,zr1x_options,170,opt_928,,"Steering, power, electric, speed-sensitive, rack-and-pinion, variable ratio",,,,,,,,missing_price_evidence,needs_human_review,
zr1x,zr1x_options,171,opt_938,,"Traction control, all-speed",,,,,,,,missing_price_evidence,needs_human_review,
zr1x,zr1x_options,172,opt_cfc_002,CFC,"Convertible top, retractable, power-folding hard top, visible carbon fiber, remote control (down only), includes power glass rear window with integral defogger; Nacelles, A-pillars, and header are Carbon-Flash painted (body-color when (GBA) Black exterior color is selected)",,,,,,,,missing_price_evidence,needs_human_review,
zr1x,zr1x_options,173,opt_cfv_002,CFV,"Ground effects, visible carbon fiber",,735,4495,4495,182,row 182: 4495 Std on ZR1 and ZR1X,,conditional_price_candidate,defer_to_price_rules,"4495 | row 182: 4495 Std on ZR1 and ZR1X | 182 | Ground effects, visible carbon fiber"
zr1x,zr1x_options,174,opt_dtb_001,DTB,Electric Blue Full Length Dual Racing Stripes,,825,1295,1295,253,row 253: 1295,,direct_price_candidate,write_options_price,1295 | row 253: 1295 | 253 | Electric Blue Full Length Dual Racing Stripes | Not available with exterior color (GTR) Admiral Blue Metallic. | Not available with exterior color (GTR) Admiral Blue Metallic.
zr1x,zr1x_options,175,opt_dy0_002,DY0,"Display hood, Carbon Fiber, located above the Driver Information Center display",,535,795,795,208,"row 208: 795 located above Driver Information Center Display, 3LZ; Std on ZR1/ZR1X",,conditional_price_candidate,defer_to_price_rules,"795 | row 208: 795 located above Driver Information Center Display, 3LZ; Std on ZR1/ZR1X | 208 | Display hood, Carbon Fiber, located above the Driver Information Center display"
zr1x,zr1x_options,176,opt_etv_001,ETV,"Exterior trim, carbon fiber split window trim, painted body-color",,729,995,995,187,row 187: 995 ZR1/ZR1X Only,,direct_price_candidate,write_options_price,"995 | row 187: 995 ZR1/ZR1X Only | 187 | Exterior trim, carbon fiber split window trim, painted body-color"
zr1x,zr1x_options,177,opt_fa6_001,FA6,"Trim, interior, level 2, carbon fiber instrument panel trim, cluster-surround and console/door inserts",,681,5295,5295,210,row 210: 5295 3LZ only,,conditional_price_candidate,defer_to_price_rules,"5295 | row 210: 5295 3LZ only | 210 | Trim, interior, level 2, carbon fiber instrument panel trim, cluster-surround and console/door inserts | Not available with (FA5) carbon fiber interior trim. | Not available with (FA5) carbon fiber interior trim."
zr1x,zr1x_options,178,opt_fe8_002,FE8,"Suspension, performance with Magnetic Selective Ride Control",,,,,,,,missing_price_evidence,needs_human_review,
zr1x,zr1x_options,179,opt_feh_002,FEH,"Suspension, performance with Magnetic Selective Ride Control",,,,,,,,missing_price_evidence,needs_human_review,
zr1x,zr1x_options,180,opt_fej_001,FEJ,"Suspension, ZTK with Magnetic Selective Ride Control",,,,,,,,missing_price_evidence,needs_human_review,
zr1x,zr1x_options,181,opt_fez_001,FEZ,"Suspension, ZTK with Magnetic Selective Ride Control",,,,,,,,missing_price_evidence,needs_human_review,
zr1x,zr1x_options,182,opt_hp1_002,HP1,"Front axle, electrified propulsion (186 hp [138.7 kW], 145 lb-ft of front torque [196.6 N-m]). 1250 (932.1 kW) total combined hp with LT7 engine",,,,,,,,missing_price_evidence,needs_human_review,
zr1x,zr1x_options,183,opt_j59_002,J59,"Brakes, 4-wheel antilock, 4-wheel disc, carbon ceramic, 10-piston front, 6-piston rear",,,,,,,,missing_price_evidence,needs_human_review,
zr1x,zr1x_options,184,opt_j6o_001,J6O,"Calipers, Bronze-painted",,879,795,795,75,row 75: 795 ZR1/ZR1X Only,,direct_price_candidate,write_options_price,"795 | row 75: 795 ZR1/ZR1X Only | 75 | Calipers, Bronze-painted"
zr1x,zr1x_options,185,opt_lt7_002,LT7,"Engine, 5.5L V8 Twin Turbo, TPI, DI, high-output, Variable Valve Timing (VVT) (1064 hp [793 kW] @ 7000 rpm, 828 lb-ft of torque [1123 N-m] @ 6000 rpm)",,,,,,,,missing_price_evidence,needs_human_review,
zr1x,zr1x_options,186,opt_mlp_002,MLP,"Transmission, 8-speed dual clutch, includes manual and auto modes",,,,,,,,missing_price_evidence,needs_human_review,
zr1x,zr1x_options,187,opt_n26_001,N26,"Steering wheel, sueded microfiber-wrapped",,659,695,695,211,row 211: 695 N/A on 3LZ,,conditional_price_candidate,defer_to_price_rules,"695 | row 211: 695 N/A on 3LZ | 211 | Steering wheel, sueded microfiber-wrapped | Requires (HTJ) Jet Black interior. | Requires (HTJ) Jet Black interior."
zr1x,zr1x_options,188,opt_n2z_001,N2Z,"Steering wheel, carbon fiber and sueded microfiber-wrapped",,661,895,895,212,row 212: 895 3LZ only,,conditional_price_candidate,defer_to_price_rules,"895 | row 212: 895 3LZ only | 212 | Steering wheel, carbon fiber and sueded microfiber-wrapped | Requires leather seating surfaces with perforated sueded microfiber inserts interiors: HTT, HU9, HUA, HTG, HUF, HMO, HVT, HXO, HZP, HUX, EPX, HUB. | Requires leather seating surfaces with perforated sueded microfiber inserts interiors: HTT, HU9, HUA, HTG, HUF, HMO, HVT, HXO, HZP, HUX, EPX, HUB."
zr1x,zr1x_options,189,opt_n3w_002,N3W,"Steering wheel, carbon fiber and leather-wrapped",,,,,,,,missing_price_evidence,needs_human_review,
zr1x,zr1x_options,190,opt_pbc_001,PBC,Customer Engine Build Program,,897,9995,9995,50,row 50: 9995 LT6 and LT7 Engines only,,direct_price_candidate,write_options_price,9995 | row 50: 9995 LT6 and LT7 Engines only | 50 | Customer Engine Build Program
zr1x,zr1x_options,191,opt_r8e_002,R8E,"Gas guzzler tax, mandatory federal tax added to price of vehicle",,,,,,,,missing_price_evidence,needs_human_review,
zr1x,zr1x_options,192,opt_sb9_001,SB9,"NEW!LPO, Hood and Roof Decal Package, Genuine Corvette Accessory",,753,895,895,128,row 128: 895,,direct_price_candidate,write_options_price,"895 | row 128: 895 | 128 | NEW!LPO, Hood and Roof Decal Package, Genuine Corvette Accessory | Not available with any Full Length Dual Racing Stripes (DPB, DPC, DPG, DPL, DPT, DSY, DSZ, DT0, DTB, DTH, DUB, DUE, DUK, DUW). | Not available with any Full Length Dual Racing Stripes (DPB, DPC, DPG, DPL, DPT, DSY, DSZ, DT0, DTB, DTH, DUB, DUE, DUK, DUW)."
zr1x,zr1x_options,193,opt_sof_001,SOF,"Wheels, 20"" x 10"" (50.8 cm x 25.4 cm) front and 21"" x 13"" (53.3 cm x 33 cm) rear 20-spoke, Edge Blue-painted forged aluminum",,843,1495,1495,277,row 277: 1495 ZR1/ZR1X Only,,direct_price_candidate,write_options_price,"1495 | row 277: 1495 ZR1/ZR1X Only | 277 | Wheels, 20"" x 10"" (50.8 cm x 25.4 cm) front and 21"" x 13"" (53.3 cm x 33 cm) rear 20-spoke, Edge Blue-painted forged aluminum"
zr1x,zr1x_options,194,opt_sog_001,SOG,"Wheels, 20"" x 10"" (50.8 cm x 25.4 cm) front and 21"" x 13"" (53.3 cm x 33 cm) rear 20-spoke, Carbon Flash-painted forged aluminum",,845,1995,1995,278,row 278: 1995 ZR1/ZR1X Only,,direct_price_candidate,write_options_price,"1995 | row 278: 1995 ZR1/ZR1X Only | 278 | Wheels, 20"" x 10"" (50.8 cm x 25.4 cm) front and 21"" x 13"" (53.3 cm x 33 cm) rear 20-spoke, Carbon Flash-painted forged aluminum"
zr1x,zr1x_options,195,opt_soh_001,SOH,"Wheels, 20"" x 10"" (50.8 cm x 25.4 cm) front and 21"" x 13"" (53.3 cm x 33 cm) rear 20-spoke, Bright machined forged aluminum",,847,1995,1995,279,row 279: 1995 ZR1/ZR1X Only,,direct_price_candidate,write_options_price,"1995 | row 279: 1995 ZR1/ZR1X Only | 279 | Wheels, 20"" x 10"" (50.8 cm x 25.4 cm) front and 21"" x 13"" (53.3 cm x 33 cm) rear 20-spoke, Bright machined forged aluminum"
zr1x,zr1x_options,196,opt_soj_002,SOJ,"Wheels, 20"" x 10"" (50.8 cm x 25.4 cm) front and 21"" x 13"" (53.3 cm x 33 cm) rear 20-spoke, Sterling Silver-painted forged aluminum",,,,,,,,missing_price_evidence,needs_human_review,
zr1x,zr1x_options,197,opt_su1_001,SU1,"Wheels, 20"" x 10"" (50.8 cm x 25.4 cm) front and 21"" x 13"" (53.3 cm x 33 cm) rear 10-spoke, visible carbon fiber",,849,15995,15995,286,row 286: 15995 ZR1/ZR1X Only,,direct_price_candidate,write_options_price,"15995 | row 286: 15995 ZR1/ZR1X Only | 286 | Wheels, 20"" x 10"" (50.8 cm x 25.4 cm) front and 21"" x 13"" (53.3 cm x 33 cm) rear 10-spoke, visible carbon fiber"
zr1x,zr1x_options,198,opt_tom_002,TOM,"ZR1X Carbon Fiber Aero Package, visible carbon fiber, includes carbon fiber high-wing spoiler, dive planes, and tall hood spoiler",,713,12995,12995,191,row 191: 12995 ZR1/ZR1X Only,,direct_price_candidate,write_options_price,"12995 | row 191: 12995 ZR1/ZR1X Only | 191 | ZR1X Carbon Fiber Aero Package, visible carbon fiber, includes carbon fiber high-wing spoiler, dive planes, and tall hood spoiler"
zr1x,zr1x_options,199,opt_tu7_001,TU7,"Seats, two-tone",,637,595,595,213,row 213: 595 2LT/LZ or 3LT/LZ,,conditional_price_candidate,defer_to_price_rules,"595 | row 213: 595 2LT/LZ or 3LT/LZ | 213 | Seats, two-tone | Requires (AH2) GT2 seats. Available with (HU1/HU9) Sky Cool Gray, (HU2/HUA) Adrenaline Red, (HUE/HTG) Natural, (HMO/HVV) Jet Black/Sky Cool Gray, (HU0/HXO) Jet Black/Adrenaline Red interiors. | Requires (AH2) GT2 seats. Available with (HU1/HU9) Sky Cool Gray, (HU2/HUA) Adrenaline Red, (HUE/HTG) Natural, (HMO/HVV) Jet Black/Sky Cool Gray, (HU0/HXO) Jet Black/Adrenaline Red interiors."
zr1x,zr1x_options,200,opt_u2k_002,U2K,SiriusXM with 360L Trial Subscription. SiriusXM with 360L transforms your customers' ride with our most extensive and personalized radio experience on the road.,,,,,,,,missing_price_evidence,needs_human_review,
zr1x,zr1x_options,201,opt_u5g_002,U5G,5G vehicle connectivity,,,,,,,,missing_price_evidence,needs_human_review,
zr1x,zr1x_options,202,opt_ue1_002,UE1,OnStar services capable,,,,,,,,missing_price_evidence,needs_human_review,
zr1x,zr1x_options,203,opt_v8x_001,V8X,"LPO, Visible Carbon Fiber sill plates, with car silhouette logo, replaces factory sill plates, Genuine Corvette Accessory",,,,,,,,missing_price_evidence,needs_human_review,
zr1x,zr1x_options,204,opt_vk3_001,VK3,"License plate bracket, front",,743,40,40,195,row 195: 40 &R7E,,direct_price_candidate,write_options_price,"40 | row 195: 40 &R7E | 195 | License plate bracket, front | Will be forced on orders with ship-to states that require a front license plate. | Will be forced on orders with ship-to states that require a front license plate."
zr1x,zr1x_options,205,opt_vv4_002,VV4,Wi-Fi Hotspot capable,,,,,,,,missing_price_evidence,needs_human_review,
