model_key,option_id,excel_row,source_rpo,orderable_rpo,ref_only_rpo,source_option_description,raw_source_sheet,raw_source_span,review_status,active,suggested_section_id,suggested_section_name,final_section_id,resolved_section_id,suggested_display_order,final_display_order,final_selectable,final_display_behavior,normalized_status_summary,existing_notes,present_in_target_options,present_in_target_ovs,current_target_section_id,current_target_selectable,current_target_display_behavior,recommended_action,risk_level,rationale,proposed_review_status,proposed_active,proposed_final_section_id,proposed_final_selectable,proposed_final_display_behavior,proposed_notes
z06,opt_085,27,,,,Air filtration system with pollen filter,z06_intextmec_raw,z06_intextmec_raw:15-15,needs_section_review,False,sec_stan_001,Standard Equipment,,sec_stan_001,,,,,1lz_h07=standard; 2lz_h07=standard; 3lz_h07=standard; 1lz_h67=standard; 2lz_h67=standard; 3lz_h67=standard,,True,True,sec_stan_001,False,,exclude_informational_standard_duplicate,low,No RPO standard-equipment disclosure appears informational rather than a selectable/source option row.,deferred,False,,,,exclude_informational_standard_duplicate: No RPO standard-equipment disclosure appears informational rather than a selectable/source option row.
z06,opt_095,28,,,,"Console, floor, 2 cup holders, auxiliary power outlet, 3 USB ports (2 type-C, 1 type-A), passenger grab handle and lockable storage",z06_intextmec_raw,z06_intextmec_raw:37-37,needs_section_review,False,sec_stan_001,Standard Equipment,,sec_stan_001,,,,,1lz_h07=standard; 2lz_h07=standard; 3lz_h07=standard; 1lz_h67=standard; 2lz_h67=standard; 3lz_h67=standard,,True,True,sec_stan_001,False,,exclude_informational_standard_duplicate,low,No RPO standard-equipment disclosure appears informational rather than a selectable/source option row.,deferred,False,,,,exclude_informational_standard_duplicate: No RPO standard-equipment disclosure appears informational rather than a selectable/source option row.
z06,opt_096,29,,,,"Cruise control, electronic with set and resume speed",z06_intextmec_raw,z06_intextmec_raw:38-38,needs_section_review,False,sec_stan_001,Standard Equipment,,sec_stan_001,,,,,1lz_h07=standard; 2lz_h07=standard; 3lz_h07=standard; 1lz_h67=standard; 2lz_h67=standard; 3lz_h67=standard,,True,True,sec_stan_001,False,,exclude_informational_standard_duplicate,low,No RPO standard-equipment disclosure appears informational rather than a selectable/source option row.,deferred,False,,,,exclude_informational_standard_duplicate: No RPO standard-equipment disclosure appears informational rather than a selectable/source option row.
z06,opt_098,30,,,,"Door locks, power programmable with lockout protection",z06_intextmec_raw,z06_intextmec_raw:40-40,needs_section_review,False,sec_stan_001,Standard Equipment,,sec_stan_001,,,,,1lz_h07=standard; 2lz_h07=standard; 3lz_h07=standard; 1lz_h67=standard; 2lz_h67=standard; 3lz_h67=standard,,True,True,sec_stan_001,False,,exclude_informational_standard_duplicate,low,No RPO standard-equipment disclosure appears informational rather than a selectable/source option row.,deferred,False,,,,exclude_informational_standard_duplicate: No RPO standard-equipment disclosure appears informational rather than a selectable/source option row.
z06,opt_099,31,,,,"Floor mats, carpeted",z06_intextmec_raw,z06_intextmec_raw:41-41,needs_section_review,False,sec_stan_001,Standard Equipment,,sec_stan_001,,,,,1lz_h07=standard; 2lz_h07=standard; 3lz_h07=standard; 1lz_h67=standard; 2lz_h67=standard; 3lz_h67=standard,,True,True,sec_stan_001,False,,exclude_informational_standard_duplicate,low,No RPO standard-equipment disclosure appears informational rather than a selectable/source option row.,deferred,False,,,,exclude_informational_standard_duplicate: No RPO standard-equipment disclosure appears informational rather than a selectable/source option row.
z06,opt_101,32,,,,"Hatch release, push button open",z06_intextmec_raw,z06_intextmec_raw:43-43,needs_section_review,False,sec_stan_001,Standard Equipment,,sec_stan_001,,,,,1lz_h07=standard; 2lz_h07=standard; 3lz_h07=standard; 1lz_h67=unavailable; 2lz_h67=unavailable; 3lz_h67=unavailable,,True,True,sec_stan_001,False,,exclude_informational_standard_duplicate,low,No RPO standard-equipment disclosure appears informational rather than a selectable/source option row.,deferred,False,,,,exclude_informational_standard_duplicate: No RPO standard-equipment disclosure appears informational rather than a selectable/source option row.
z06,opt_103,33,,,,"Keyless Open and Start, includes 2 remote transmitters that enable automatic door unlock and open by touching door switch",z06_intextmec_raw,z06_intextmec_raw:45-45,needs_section_review,False,sec_stan_001,Standard Equipment,,sec_stan_001,,,,,1lz_h07=standard; 2lz_h07=standard; 3lz_h07=standard; 1lz_h67=standard; 2lz_h67=standard; 3lz_h67=standard,,True,True,sec_stan_001,False,,exclude_informational_standard_duplicate,low,No RPO standard-equipment disclosure appears informational rather than a selectable/source option row.,deferred,False,,,,exclude_informational_standard_duplicate: No RPO standard-equipment disclosure appears informational rather than a selectable/source option row.
z06,opt_105,34,,,,"Lighting, interior, theater dimming",z06_intextmec_raw,z06_intextmec_raw:47-47,needs_section_review,False,sec_stan_001,Standard Equipment,,sec_stan_001,,,,,1lz_h07=standard; 2lz_h07=standard; 3lz_h07=standard; 1lz_h67=standard; 2lz_h67=standard; 3lz_h67=standard,,True,True,sec_stan_001,False,,defer_interior_structure,medium,"Interior/custom trim/stitching semantics should be closed in the interiors pass, not mass-approved during option closure.",deferred,False,,,,"defer_interior_structure: Interior/custom trim/stitching semantics should be closed in the interiors pass, not mass-approved during option closure."
z06,opt_129,35,,,,"OnStar Basics (OnStar Fleet Basics for Fleet) Drive with confidence and convenience using core OnStar services, featuring built-in voice assistance, real-time navigation, and access to audio streaming apps. With your vehicle mobile app, you can seamlessly manage your vehicle by sending commands and enjoy peace of mind knowing Automatic Crash Response can connect you to help if you’re in need.",z06_intextmec_raw,z06_intextmec_raw:107-110,needs_section_review,False,sec_tech_001,Technology,,sec_tech_001,,,,,1lz_h07=standard; 2lz_h07=standard; 3lz_h07=standard; 1lz_h67=standard; 2lz_h67=standard; 3lz_h67=standard,,True,True,sec_tech_001,False,,exclude_informational_standard_duplicate,low,No RPO tech/safety/included disclosure appears informational; keep out of option emission unless a standard-equipment summary path needs it.,deferred,False,,,,exclude_informational_standard_duplicate: No RPO tech/safety/included disclosure appears informational; keep out of option emission unless a standard-equipment summary path needs it.
z06,opt_137,36,,,,Remote vehicle starter system,z06_intextmec_raw,z06_intextmec_raw:130-130,needs_section_review,False,sec_stan_001,Standard Equipment,,sec_stan_001,,,,,1lz_h07=standard; 2lz_h07=standard; 3lz_h07=standard; 1lz_h67=standard; 2lz_h67=standard; 3lz_h67=standard,,True,True,sec_stan_001,False,,exclude_informational_standard_duplicate,low,No RPO standard-equipment disclosure appears informational rather than a selectable/source option row.,deferred,False,,,,exclude_informational_standard_duplicate: No RPO standard-equipment disclosure appears informational rather than a selectable/source option row.
z06,opt_162,37,,,,"Steering wheel controls, audio, voice recognition, cruise and Driver Information Center",z06_intextmec_raw,z06_intextmec_raw:192-192,needs_section_review,False,sec_stan_001,Standard Equipment,,sec_stan_001,,,,,1lz_h07=standard; 2lz_h07=standard; 3lz_h07=standard; 1lz_h67=standard; 2lz_h67=standard; 3lz_h67=standard,,True,True,sec_stan_001,False,,exclude_informational_standard_duplicate,low,No RPO standard-equipment disclosure appears informational rather than a selectable/source option row.,deferred,False,,,,exclude_informational_standard_duplicate: No RPO standard-equipment disclosure appears informational rather than a selectable/source option row.
z06,opt_167,38,,,,"Custom Leather Wrapped Interior Package, features leather-wrapped upper instrument panel, door trim panels and console",z06_intextmec_raw,z06_intextmec_raw:209-212,needs_section_review,False,sec_3lte_001,3LT Equipment,,sec_3lte_001,,,,,1lz_h07=unavailable; 2lz_h07=unavailable; 3lz_h07=standard; 1lz_h67=unavailable; 2lz_h67=unavailable; 3lz_h67=standard,,True,True,sec_3lte_001,False,,defer_interior_structure,medium,"Interior/custom trim/stitching semantics should be closed in the interiors pass, not mass-approved during option closure.",deferred,False,,,,"defer_interior_structure: Interior/custom trim/stitching semantics should be closed in the interiors pass, not mass-approved during option closure."
z06,opt_172,39,,,,"Theft-deterrent system, vehicle, push button start, immobilizer and audible visual alarm",z06_intextmec_raw,z06_intextmec_raw:220-220,needs_section_review,False,sec_stan_001,Standard Equipment,,sec_stan_001,,,,,1lz_h07=standard; 2lz_h07=standard; 3lz_h07=standard; 1lz_h67=standard; 2lz_h67=standard; 3lz_h67=standard,,True,True,sec_stan_001,False,,exclude_informational_standard_duplicate,low,No RPO standard-equipment disclosure appears informational rather than a selectable/source option row.,deferred,False,,,,exclude_informational_standard_duplicate: No RPO standard-equipment disclosure appears informational rather than a selectable/source option row.
z06,opt_176,40,,,,"Trunk release, push button open",z06_intextmec_raw,z06_intextmec_raw:224-224,needs_section_review,False,sec_stan_001,Standard Equipment,,sec_stan_001,,,,,1lz_h07=unavailable; 2lz_h07=unavailable; 3lz_h07=unavailable; 1lz_h67=standard; 2lz_h67=standard; 3lz_h67=standard,,True,True,sec_stan_001,False,,exclude_informational_standard_duplicate,low,No RPO standard-equipment disclosure appears informational rather than a selectable/source option row.,deferred,False,,,,exclude_informational_standard_duplicate: No RPO standard-equipment disclosure appears informational rather than a selectable/source option row.
z06,opt_179,41,,,,"Visors, driver and passenger illuminated vanity mirrors, covered",z06_intextmec_raw,z06_intextmec_raw:227-227,needs_section_review,False,sec_stan_001,Standard Equipment,,sec_stan_001,,,,,1lz_h07=standard; 2lz_h07=standard; 3lz_h07=standard; 1lz_h67=standard; 2lz_h67=standard; 3lz_h67=standard,,True,True,sec_stan_001,False,,exclude_informational_standard_duplicate,low,No RPO standard-equipment disclosure appears informational rather than a selectable/source option row.,deferred,False,,,,exclude_informational_standard_duplicate: No RPO standard-equipment disclosure appears informational rather than a selectable/source option row.
z06,opt_180,42,,,,"Windows, power with driver and passenger Express-Down/Up",z06_intextmec_raw,z06_intextmec_raw:228-228,needs_section_review,False,sec_stan_001,Standard Equipment,,sec_stan_001,,,,,1lz_h07=standard; 2lz_h07=standard; 3lz_h07=standard; 1lz_h67=standard; 2lz_h67=standard; 3lz_h67=standard,,True,True,sec_stan_001,False,,exclude_informational_standard_duplicate,low,No RPO standard-equipment disclosure appears informational rather than a selectable/source option row.,deferred,False,,,,exclude_informational_standard_duplicate: No RPO standard-equipment disclosure appears informational rather than a selectable/source option row.
z06,opt_187,43,,,,"Antenna, integral front and rear",z06_intextmec_raw,z06_intextmec_raw:235-235,needs_section_review,False,sec_stan_001,Standard Equipment,,sec_stan_001,,,,,1lz_h07=standard; 2lz_h07=standard; 3lz_h07=standard; 1lz_h67=standard; 2lz_h67=standard; 3lz_h67=standard,,True,True,sec_stan_001,False,,exclude_informational_standard_duplicate,low,No RPO standard-equipment disclosure appears informational rather than a selectable/source option row.,deferred,False,,,,exclude_informational_standard_duplicate: No RPO standard-equipment disclosure appears informational rather than a selectable/source option row.
z06,opt_197,44,,,,Daytime running lamps,z06_intextmec_raw,z06_intextmec_raw:263-263,needs_section_review,False,sec_stan_001,Standard Equipment,,sec_stan_001,,,,,1lz_h07=standard; 2lz_h07=standard; 3lz_h07=standard; 1lz_h67=standard; 2lz_h67=standard; 3lz_h67=standard,,True,True,sec_stan_001,False,,exclude_informational_standard_duplicate,low,No RPO standard-equipment disclosure appears informational rather than a selectable/source option row.,deferred,False,,,,exclude_informational_standard_duplicate: No RPO standard-equipment disclosure appears informational rather than a selectable/source option row.
z06,opt_203,45,,,,"Glass, Solar-Ray light-tinted",z06_intextmec_raw,z06_intextmec_raw:284-284,needs_section_review,False,sec_stan_001,Standard Equipment,,sec_stan_001,,,,,1lz_h07=standard; 2lz_h07=standard; 3lz_h07=standard; 1lz_h67=standard; 2lz_h67=standard; 3lz_h67=standard,,True,True,sec_stan_001,False,,exclude_informational_standard_duplicate,low,No RPO standard-equipment disclosure appears informational rather than a selectable/source option row.,deferred,False,,,,exclude_informational_standard_duplicate: No RPO standard-equipment disclosure appears informational rather than a selectable/source option row.
z06,opt_288,46,,,,"Wipers, front intermittent",z06_intextmec_raw,z06_intextmec_raw:516-516,needs_section_review,False,sec_stan_001,Standard Equipment,,sec_stan_001,,,,,1lz_h07=standard; 2lz_h07=standard; 3lz_h07=standard; 1lz_h67=standard; 2lz_h67=standard; 3lz_h67=standard,,True,True,sec_stan_001,False,,exclude_informational_standard_duplicate,low,No RPO standard-equipment disclosure appears informational rather than a selectable/source option row.,deferred,False,,,,exclude_informational_standard_duplicate: No RPO standard-equipment disclosure appears informational rather than a selectable/source option row.
z06,opt_289,47,,,,"Active handling stability control, improves traction and enhances vehicle stability",z06_intextmec_raw,z06_intextmec_raw:517-517,needs_section_review,False,sec_safe_001,Safety Features,,sec_safe_001,,,,,1lz_h07=standard; 2lz_h07=standard; 3lz_h07=standard; 1lz_h67=standard; 2lz_h67=standard; 3lz_h67=standard,,True,True,sec_safe_001,False,,exclude_informational_standard_duplicate,low,No RPO tech/safety/included disclosure appears informational; keep out of option emission unless a standard-equipment summary path needs it.,deferred,False,,,,exclude_informational_standard_duplicate: No RPO tech/safety/included disclosure appears informational; keep out of option emission unless a standard-equipment summary path needs it.
z06,opt_295,48,,,,NEW!Intersection Automatic Emergency Braking,z06_intextmec_raw,z06_intextmec_raw:526-526,needs_section_review,False,sec_safe_001,Safety Features,,sec_safe_001,,,,,1lz_h07=standard; 2lz_h07=standard; 3lz_h07=standard; 1lz_h67=standard; 2lz_h67=standard; 3lz_h67=standard,,True,True,sec_safe_001,False,,exclude_informational_standard_duplicate,low,No RPO tech/safety/included disclosure appears informational; keep out of option emission unless a standard-equipment summary path needs it.,deferred,False,,,,exclude_informational_standard_duplicate: No RPO tech/safety/included disclosure appears informational; keep out of option emission unless a standard-equipment summary path needs it.
z06,opt_319,49,,,,"Frame, aluminum structure",z06_intextmec_raw,z06_intextmec_raw:572-572,needs_section_review,False,sec_stan_001,Standard Equipment,,sec_stan_001,,,,,1lz_h07=standard; 2lz_h07=standard; 3lz_h07=standard; 1lz_h67=standard; 2lz_h67=standard; 3lz_h67=standard,,True,True,sec_stan_001,False,,exclude_informational_standard_duplicate,low,No RPO standard-equipment disclosure appears informational rather than a selectable/source option row.,deferred,False,,,,exclude_informational_standard_duplicate: No RPO standard-equipment disclosure appears informational rather than a selectable/source option row.
z06,opt_326,50,,,,Oil life monitoring system,z06_intextmec_raw,z06_intextmec_raw:585-585,needs_section_review,False,sec_stan_001,Standard Equipment,,sec_stan_001,,,,,1lz_h07=standard; 2lz_h07=standard; 3lz_h07=standard; 1lz_h67=standard; 2lz_h67=standard; 3lz_h67=standard,,True,True,sec_stan_001,False,,exclude_informational_standard_duplicate,low,No RPO standard-equipment disclosure appears informational rather than a selectable/source option row.,deferred,False,,,,exclude_informational_standard_duplicate: No RPO standard-equipment disclosure appears informational rather than a selectable/source option row.
z06,opt_329,51,,,,"Steering, power, electric, speed-sensitive, rack-and-pinion, variable ratio",z06_intextmec_raw,z06_intextmec_raw:588-588,needs_section_review,False,sec_stan_001,Standard Equipment,,sec_stan_001,,,,,1lz_h07=standard; 2lz_h07=standard; 3lz_h07=standard; 1lz_h67=standard; 2lz_h67=standard; 3lz_h67=standard,,True,True,sec_stan_001,False,,exclude_informational_standard_duplicate,low,No RPO standard-equipment disclosure appears informational rather than a selectable/source option row.,deferred,False,,,,exclude_informational_standard_duplicate: No RPO standard-equipment disclosure appears informational rather than a selectable/source option row.
z06,opt_332,52,,,,"Traction control, all-speed",z06_intextmec_raw,z06_intextmec_raw:594-594,needs_section_review,False,sec_stan_001,Standard Equipment,,sec_stan_001,,,,,1lz_h07=standard; 2lz_h07=standard; 3lz_h07=standard; 1lz_h67=standard; 2lz_h67=standard; 3lz_h67=standard,,True,True,sec_stan_001,False,,exclude_informational_standard_duplicate,low,No RPO standard-equipment disclosure appears informational rather than a selectable/source option row.,deferred,False,,,,exclude_informational_standard_duplicate: No RPO standard-equipment disclosure appears informational rather than a selectable/source option row.
z06,opt_36s_001,68,36S,36S,,"Competition Yellow custom leather stitch, includes seats, instrument panel, doors and console",z06_intextmec_raw,z06_intextmec_raw:203-207,needs_section_review,False,sec_cust_002,Custom Stitch,,sec_cust_002,,,,,1lz_h07=unavailable; 2lz_h07=available; 3lz_h07=available; 1lz_h67=unavailable; 2lz_h67=available; 3lz_h67=available,,True,True,sec_cust_002,True,,defer_interior_structure,high,"Interior/custom trim/stitching semantics should be closed in the interiors pass, not mass-approved during option closure.",deferred,False,,,,"defer_interior_structure: Interior/custom trim/stitching semantics should be closed in the interiors pass, not mass-approved during option closure."
z06,opt_37s_001,76,37S,37S,,"Santorini Blue custom leather stitch, includes seats, instrument panel, doors and console",z06_intextmec_raw,z06_intextmec_raw:193-197,needs_section_review,False,sec_cust_002,Custom Stitch,,sec_cust_002,,,,,1lz_h07=unavailable; 2lz_h07=available; 3lz_h07=available; 1lz_h67=unavailable; 2lz_h67=available; 3lz_h67=available,,True,True,sec_cust_002,True,,defer_interior_structure,high,"Interior/custom trim/stitching semantics should be closed in the interiors pass, not mass-approved during option closure.",deferred,False,,,,"defer_interior_structure: Interior/custom trim/stitching semantics should be closed in the interiors pass, not mass-approved during option closure."
z06,opt_38s_001,82,38S,38S,,"Adrenaline Red custom leather stitch, includes seats, instrument panel, doors and console",z06_intextmec_raw,z06_intextmec_raw:198-202,needs_section_review,False,sec_cust_002,Custom Stitch,,sec_cust_002,,,,,1lz_h07=unavailable; 2lz_h07=available; 3lz_h07=available; 1lz_h67=unavailable; 2lz_h67=available; 3lz_h67=available,,True,True,sec_cust_002,True,,defer_interior_structure,high,"Interior/custom trim/stitching semantics should be closed in the interiors pass, not mass-approved during option closure.",deferred,False,,,,"defer_interior_structure: Interior/custom trim/stitching semantics should be closed in the interiors pass, not mass-approved during option closure."
z06,opt_5dh_001,143,5DH,5DH,,"LPO, 20"" x 10"" (50.8 cm x 25.4 cm) front and 21"" x 13"" (53.3 cm x 33 cm) rear Spider design, Satin Graphite forged aluminum with Red stripe wheels. Includes Black lug nuts and Black wheel locks. Accessory LPO wheels are a second set of wheels. Please ensure customer desires 2 sets of wheels before ordering. Accessory wheels do not include additional wheels caps, factory wheels caps may be reused, or additional wheel caps may be purchased. Genuine Corvette Accessory",z06_intextmec_raw,z06_intextmec_raw:409-412,needs_section_review,False,sec_lpow_001,LPO Wheels,,sec_lpow_001,,,,,1lz_h07=available; 2lz_h07=available; 3lz_h07=available; 1lz_h67=available; 2lz_h67=available; 3lz_h67=available,,True,True,sec_lpow_001,True,,defer_rules_or_pricing_evidence,high,Z-specific performance/wheel/suspension/aero/engine-cover/ground-effects logic needs rule/pricing evidence before approval.,deferred,False,,,,defer_rules_or_pricing_evidence: Z-specific performance/wheel/suspension/aero/engine-cover/ground-effects logic needs rule/pricing evidence before approval.
z06,opt_5dk_001,144,5DK,5DK,,"LPO, 20"" x 10"" (50.8 cm x 25.4 cm) front and 21"" x 13"" (53.3 cm x 33 cm) rear Spider design, Tech Bronze forged aluminum wheels. Includes Black lug nuts, Black wheel locks, and Tech Bronze wheel center caps. Accessory LPO wheels are a second set of wheels. Please ensure customer desires 2 sets of wheels before ordering. Genuine Corvette Accessory",z06_intextmec_raw,z06_intextmec_raw:413-416,needs_section_review,False,sec_lpow_001,LPO Wheels,,sec_lpow_001,,,,,1lz_h07=available; 2lz_h07=available; 3lz_h07=available; 1lz_h67=available; 2lz_h67=available; 3lz_h67=available,,True,True,sec_lpow_001,True,,defer_rules_or_pricing_evidence,high,Z-specific performance/wheel/suspension/aero/engine-cover/ground-effects logic needs rule/pricing evidence before approval.,deferred,False,,,,defer_rules_or_pricing_evidence: Z-specific performance/wheel/suspension/aero/engine-cover/ground-effects logic needs rule/pricing evidence before approval.
z06,opt_5v5_001,148,5V5,5V5,,"LPO, Spoiler, Visible Carbon Fiber, Genuine Corvette Accessory",z06_intextmec_raw,z06_intextmec_raw:363-366,needs_section_review,False,sec_perf_aero_001,Aero Packages,,sec_perf_aero_001,,,,,1lz_h07=unavailable; 2lz_h07=unavailable; 3lz_h07=available; 1lz_h67=unavailable; 2lz_h67=unavailable; 3lz_h67=available,,True,True,sec_perf_aero_001,True,,defer_rules_or_pricing_evidence,high,Z-specific performance/wheel/suspension/aero/engine-cover/ground-effects logic needs rule/pricing evidence before approval.,deferred,False,,,,defer_rules_or_pricing_evidence: Z-specific performance/wheel/suspension/aero/engine-cover/ground-effects logic needs rule/pricing evidence before approval.
z06,opt_bcw_001,261,BCW,BCW,,"Engine intake, Red",z06_intextmec_raw,z06_intextmec_raw:559-563,needs_section_review,False,sec_engi_001,Engine Appearance,,sec_engi_001,20,,,,1lz_h07=available; 2lz_h07=available; 3lz_h07=available; 1lz_h67=available; 2lz_h67=available; 3lz_h67=available,,True,True,sec_engi_001,True,,defer_rules_or_pricing_evidence,high,Z-specific performance/wheel/suspension/aero/engine-cover/ground-effects logic needs rule/pricing evidence before approval.,deferred,False,,,,defer_rules_or_pricing_evidence: Z-specific performance/wheel/suspension/aero/engine-cover/ground-effects logic needs rule/pricing evidence before approval.
z06,opt_cfv_002,287,CFV,CFV,,"Ground effects, visible carbon fiber",z06_intextmec_raw,z06_intextmec_raw:289-292,needs_section_review,False,sec_perf_ground_001,Ground Effects,,sec_perf_ground_001,,,,,1lz_h07=available; 2lz_h07=available; 3lz_h07=available; 1lz_h67=available; 2lz_h67=available; 3lz_h67=available,,True,True,sec_perf_ground_001,True,,defer_rules_or_pricing_evidence,high,Z-specific performance/wheel/suspension/aero/engine-cover/ground-effects logic needs rule/pricing evidence before approval.,deferred,False,,,,defer_rules_or_pricing_evidence: Z-specific performance/wheel/suspension/aero/engine-cover/ground-effects logic needs rule/pricing evidence before approval.
z06,opt_dy0_002,371,DY0,DY0,,"Display hood, Carbon Fiber, located above the Driver Information Center display",z06_intextmec_raw,z06_intextmec_raw:39-39,needs_section_review,False,sec_inte_001,Interior Trim,,sec_inte_001,,,,,1lz_h07=unavailable; 2lz_h07=unavailable; 3lz_h07=available; 1lz_h67=unavailable; 2lz_h67=unavailable; 3lz_h67=available,,True,True,sec_inte_001,True,,defer_interior_structure,medium,"Interior/custom trim/stitching semantics should be closed in the interiors pass, not mass-approved during option closure.",deferred,False,,,,"defer_interior_structure: Interior/custom trim/stitching semantics should be closed in the interiors pass, not mass-approved during option closure."
z06,opt_efy_001,390,EFY,EFY,,"Exterior accents, body-color, side vents, rockers, splitter and front/rear grille accents",z06_intextmec_raw,z06_intextmec_raw:264-268,needs_section_review,False,sec_exte_001,Exterior Accents,,sec_exte_001,,,,,1lz_h07=available; 2lz_h07=available; 3lz_h07=available; 1lz_h67=available; 2lz_h67=available; 3lz_h67=available,,True,True,sec_exte_001,True,,defer_exterior_paint_or_color,high,Color/paint/stripe-like row should wait for exterior color or stripe-specific closure.,deferred,False,,,,defer_exterior_paint_or_color: Color/paint/stripe-like row should wait for exterior color or stripe-specific closure.
z06,opt_fa6_001,408,FA6,FA6,,"Trim, interior, level 2, carbon fiber instrument panel trim, cluster-surround and console/door inserts",z06_intextmec_raw,z06_intextmec_raw:215-218,needs_section_review,False,sec_inte_001,Interior Trim,,sec_inte_001,,,,,1lz_h07=unavailable; 2lz_h07=unavailable; 3lz_h07=available; 1lz_h67=unavailable; 2lz_h67=unavailable; 3lz_h67=available,,True,True,sec_inte_001,True,,defer_interior_structure,medium,"Interior/custom trim/stitching semantics should be closed in the interiors pass, not mass-approved during option closure.",deferred,False,,,,"defer_interior_structure: Interior/custom trim/stitching semantics should be closed in the interiors pass, not mass-approved during option closure."
z06,opt_fe6_002,412,FE6,,FE6,"Suspension, performance with Magnetic Selective Ride Control",z06_intextmec_raw,z06_intextmec_raw:589-589,needs_section_review,False,sec_susp_001,Suspension,,sec_susp_001,,,,,1lz_h07=standard; 2lz_h07=standard; 3lz_h07=standard; 1lz_h67=standard; 2lz_h67=standard; 3lz_h67=standard,,True,True,sec_susp_001,False,,defer_rules_or_pricing_evidence,high,Z-specific performance/wheel/suspension/aero/engine-cover/ground-effects logic needs rule/pricing evidence before approval.,deferred,False,,,,defer_rules_or_pricing_evidence: Z-specific performance/wheel/suspension/aero/engine-cover/ground-effects logic needs rule/pricing evidence before approval.
z06,opt_fe7_001,413,FE7,,FE7,"Suspension, Z07 with Magnetic Selective Ride Control",z06_intextmec_raw,z06_intextmec_raw:590-593,needs_section_review,False,sec_susp_001,Suspension,,sec_susp_001,,,,,1lz_h07=available; 2lz_h07=available; 3lz_h07=available; 1lz_h67=available; 2lz_h67=available; 3lz_h67=available,,True,True,sec_susp_001,False,,defer_rules_or_pricing_evidence,high,Z-specific performance/wheel/suspension/aero/engine-cover/ground-effects logic needs rule/pricing evidence before approval.,deferred,False,,,,defer_rules_or_pricing_evidence: Z-specific performance/wheel/suspension/aero/engine-cover/ground-effects logic needs rule/pricing evidence before approval.
z06,opt_lt6_002,495,LT6,,LT6,"Engine, 5.5L V8 DI, high-output, Variable Valve Timing (VVT), (670 hp [499.6 kW] @ 8400 rpm, 460 lb-ft of torque [623.8 N-m] @ 6300 rpm)",z06_intextmec_raw,z06_intextmec_raw:555-555,needs_section_review,False,sec_stan_001,Standard Equipment,,sec_stan_001,,,,,1lz_h07=standard; 2lz_h07=standard; 3lz_h07=standard; 1lz_h67=standard; 2lz_h67=standard; 3lz_h67=standard,,True,True,sec_stan_001,False,,defer_rules_or_pricing_evidence,high,Z-specific performance/wheel/suspension/aero/engine-cover/ground-effects logic needs rule/pricing evidence before approval.,deferred,False,,,,defer_rules_or_pricing_evidence: Z-specific performance/wheel/suspension/aero/engine-cover/ground-effects logic needs rule/pricing evidence before approval.
z06,opt_m1m_002,504,M1M,,M1M,"Transmission, 8-speed dual clutch, includes manual and auto modes",z06_intextmec_raw,z06_intextmec_raw:595-595,needs_section_review,False,sec_stan_001,Standard Equipment,,sec_stan_001,,,,,1lz_h07=standard; 2lz_h07=standard; 3lz_h07=standard; 1lz_h67=standard; 2lz_h67=standard; 3lz_h67=standard,,True,True,sec_stan_001,False,,defer_rules_or_pricing_evidence,high,Z-specific performance/wheel/suspension/aero/engine-cover/ground-effects logic needs rule/pricing evidence before approval.,deferred,False,,,,defer_rules_or_pricing_evidence: Z-specific performance/wheel/suspension/aero/engine-cover/ground-effects logic needs rule/pricing evidence before approval.
z06,opt_n26_001,508,N26,N26,,"Steering wheel, sueded microfiber-wrapped",z06_intextmec_raw,z06_intextmec_raw:182-186,needs_section_review,False,sec_inte_001,Interior Trim,,sec_inte_001,,,,,1lz_h07=available; 2lz_h07=available; 3lz_h07=unavailable; 1lz_h67=available; 2lz_h67=available; 3lz_h67=unavailable,,True,True,sec_inte_001,True,,defer_interior_structure,medium,"Interior/custom trim/stitching semantics should be closed in the interiors pass, not mass-approved during option closure.",deferred,False,,,,"defer_interior_structure: Interior/custom trim/stitching semantics should be closed in the interiors pass, not mass-approved during option closure."
z06,opt_n2z_001,511,N2Z,N2Z,,"Steering wheel, carbon fiber and sueded microfiber-wrapped",z06_intextmec_raw,z06_intextmec_raw:187-190,needs_section_review,False,sec_inte_001,Interior Trim,,sec_inte_001,,,,,1lz_h07=unavailable; 2lz_h07=unavailable; 3lz_h07=available; 1lz_h67=unavailable; 2lz_h67=unavailable; 3lz_h67=available,,True,True,sec_inte_001,True,,defer_interior_structure,medium,"Interior/custom trim/stitching semantics should be closed in the interiors pass, not mass-approved during option closure.",deferred,False,,,,"defer_interior_structure: Interior/custom trim/stitching semantics should be closed in the interiors pass, not mass-approved during option closure."
z06,opt_n3w_002,523,N3W,,N3W,"Steering wheel, carbon fiber and leather-wrapped",z06_intextmec_raw,z06_intextmec_raw:181-181,needs_section_review,False,sec_inte_001,Interior Trim,,sec_inte_001,,,,,1lz_h07=unavailable; 2lz_h07=unavailable; 3lz_h07=standard; 1lz_h67=unavailable; 2lz_h67=unavailable; 3lz_h67=standard,,True,True,sec_inte_001,False,,defer_interior_structure,medium,"Interior/custom trim/stitching semantics should be closed in the interiors pass, not mass-approved during option closure.",deferred,False,,,,"defer_interior_structure: Interior/custom trim/stitching semantics should be closed in the interiors pass, not mass-approved during option closure."
z06,opt_pbc_001,547,PBC,PBC,,Customer Engine Build Program,z06_intextmec_raw,z06_intextmec_raw:556-556,needs_section_review,False,sec_cust_001,Custom Delivery,,sec_cust_001,,,,,1lz_h07=available; 2lz_h07=available; 3lz_h07=available; 1lz_h67=available; 2lz_h67=available; 3lz_h67=available,,True,True,sec_cust_001,True,,defer_interior_structure,medium,"Interior/custom trim/stitching semantics should be closed in the interiors pass, not mass-approved during option closure.",deferred,False,,,,"defer_interior_structure: Interior/custom trim/stitching semantics should be closed in the interiors pass, not mass-approved during option closure."
z06,opt_pcz_001,553,PCZ,PCZ,,"LPO, Tech Bronze Accent Package, includes (5DK) 20"" front/21"" rear Spider design, Tech Bronze forged aluminum wheels LPO, (SFZ) Dark Stealth crossed flags emblem LPO, (SHT) Jake hood graphic with Tech Bronze accent LPO and (VPO) Jake C8.R rear hash graphic with Tech Bronze accent LPO , Genuine Corvette Accessories",z06_intextmec_raw,z06_intextmec_raw:311-314,needs_section_review,False,sec_lpoe_001,LPO Exterior,,sec_lpoe_001,,,,,1lz_h07=available; 2lz_h07=available; 3lz_h07=available; 1lz_h67=available; 2lz_h67=available; 3lz_h67=available,,True,True,sec_lpoe_001,True,,defer_rules_or_pricing_evidence,high,Z-specific performance/wheel/suspension/aero/engine-cover/ground-effects logic needs rule/pricing evidence before approval.,deferred,False,,,,defer_rules_or_pricing_evidence: Z-specific performance/wheel/suspension/aero/engine-cover/ground-effects logic needs rule/pricing evidence before approval.
z06,opt_pda_001,554,PDA,PDA,,"LPO, Jake C8.R Graphics Package, includes (SNE) Jake hood graphic, LPO and (VPW) Jake C8.R rear hash graphic, LPO, Genuine Corvette Accessories",z06_intextmec_raw,z06_intextmec_raw:307-310,needs_section_review,False,sec_stri_001,Stripes,,sec_stri_001,,,,,1lz_h07=available; 2lz_h07=available; 3lz_h07=available; 1lz_h67=available; 2lz_h67=available; 3lz_h67=available,,True,True,sec_stri_001,True,,defer_rules_or_pricing_evidence,high,Z-specific performance/wheel/suspension/aero/engine-cover/ground-effects logic needs rule/pricing evidence before approval.,deferred,False,,,,defer_rules_or_pricing_evidence: Z-specific performance/wheel/suspension/aero/engine-cover/ground-effects logic needs rule/pricing evidence before approval.
z06,opt_pdb_001,555,PDB,PDB,,"Carbon Fiber Wheel and Brake Package, includes (J57) carbon ceramic brakes with (J6D) Dark Gray Metallic-painted calipers and choice of one of the following wheels set: (ROY) 20"" front/21"" rear Carbon Flash-painted carbon fiber wheels, (ROZ) 20"" front/21"" rear visible carbon fiber wheels, or (STZ) 20"" front/21"" rear visible carbon fiber wheels with Red stripe",z06_intextmec_raw,z06_intextmec_raw:232-232,needs_section_review,False,sec_perf_z52_001,Z52 Packages,,sec_perf_z52_001,,,,,1lz_h07=available; 2lz_h07=available; 3lz_h07=available; 1lz_h67=available; 2lz_h67=available; 3lz_h67=available,,True,True,sec_perf_z52_001,True,,defer_rules_or_pricing_evidence,high,Z-specific performance/wheel/suspension/aero/engine-cover/ground-effects logic needs rule/pricing evidence before approval.,deferred,False,,,,defer_rules_or_pricing_evidence: Z-specific performance/wheel/suspension/aero/engine-cover/ground-effects logic needs rule/pricing evidence before approval.
z06,opt_pdd_001,556,PDD,PDD,,"Z07 Carbon Flash Aero and Wheel Package, includes (Z07) Z07 Performance Package, (T0F) Carbon Flash-painted Carbon Fiber Aero Package, (CFZ) Carbon Flash-painted carbon fiber ground effects, and choice of one of the following wheels set: (ROY) 20"" front/21"" rear Carbon Flash-painted carbon fiber wheels, (ROZ) 20"" front/21"" rear visible carbon fiber wheels, or (STZ) 20"" front/21"" rear visible carbon fiber wheels with Red stripe",z06_intextmec_raw,z06_intextmec_raw:233-233,needs_section_review,False,sec_perf_z52_001,Z52 Packages,,sec_perf_z52_001,,,,,1lz_h07=available; 2lz_h07=available; 3lz_h07=available; 1lz_h67=available; 2lz_h67=available; 3lz_h67=available,,True,True,sec_perf_z52_001,True,,defer_rules_or_pricing_evidence,high,Z-specific performance/wheel/suspension/aero/engine-cover/ground-effects logic needs rule/pricing evidence before approval.,deferred,False,,,,defer_rules_or_pricing_evidence: Z-specific performance/wheel/suspension/aero/engine-cover/ground-effects logic needs rule/pricing evidence before approval.
z06,opt_pdf_001,557,PDF,PDF,,"Z07 Visible Carbon Aero and Wheel Package, includes (Z07) Z07 Performance Package, (T0G) Visible Carbon Fiber Aero Package, (CFV) visible carbon fiber ground effects, and choice of one of the following wheels set: (ROY) 20"" front/21"" rear Carbon Flash-painted carbon fiber wheels, (ROZ) 20"" front/21"" rear visible carbon fiber wheels, or (STZ) 20"" front/21"" rear visible carbon fiber wheels with Red stripe",z06_intextmec_raw,z06_intextmec_raw:234-234,needs_section_review,False,sec_perf_z52_001,Z52 Packages,,sec_perf_z52_001,,,,,1lz_h07=available; 2lz_h07=available; 3lz_h07=available; 1lz_h67=available; 2lz_h67=available; 3lz_h67=available,,True,True,sec_perf_z52_001,True,,defer_rules_or_pricing_evidence,high,Z-specific performance/wheel/suspension/aero/engine-cover/ground-effects logic needs rule/pricing evidence before approval.,deferred,False,,,,defer_rules_or_pricing_evidence: Z-specific performance/wheel/suspension/aero/engine-cover/ground-effects logic needs rule/pricing evidence before approval.
z06,opt_r8e_002,585,R8E,,R8E,"Gas guzzler tax, mandatory federal tax added to price of vehicle",z06_intextmec_raw,z06_intextmec_raw:573-573,needs_section_review,False,sec_incl_001,Included,,sec_incl_001,,,,,1lz_h07=standard; 2lz_h07=standard; 3lz_h07=standard; 1lz_h67=standard; 2lz_h67=standard; 3lz_h67=standard,,True,True,sec_incl_001,False,,needs_human_decision,medium,"Has an RPO and a candidate section, but source evidence needs human confirmation before approval.",deferred,False,,,,"needs_human_decision_phase_2b: Has an RPO and a candidate section, but source evidence needs human confirmation before approval."
z06,opt_rou_001,597,ROU,ROU,,"Wheels, 20"" x 10"" (50.8 cm x 25.4 cm) front and 21"" x 13"" (53.3 cm x 33 cm) rear Pearl Nickel forged aluminum",z06_intextmec_raw,z06_intextmec_raw:514-514,needs_section_review,False,sec_whee_002,Wheels,,sec_whee_002,,,,,1lz_h07=available; 2lz_h07=available; 3lz_h07=available; 1lz_h67=available; 2lz_h67=available; 3lz_h67=available,,True,True,sec_whee_002,True,,defer_rules_or_pricing_evidence,high,Z-specific performance/wheel/suspension/aero/engine-cover/ground-effects logic needs rule/pricing evidence before approval.,deferred,False,,,,defer_rules_or_pricing_evidence: Z-specific performance/wheel/suspension/aero/engine-cover/ground-effects logic needs rule/pricing evidence before approval.
z06,opt_rox_001,598,ROX,ROX,,"Wheels, 20"" x 10"" (50.8 cm x 25.4 cm) front and 21"" x 13"" (53.3 cm x 33 cm) rear Carbon Flash with machined edge forged aluminum",z06_intextmec_raw,z06_intextmec_raw:515-515,needs_section_review,False,sec_whee_002,Wheels,,sec_whee_002,,,,,1lz_h07=available; 2lz_h07=available; 3lz_h07=available; 1lz_h67=available; 2lz_h67=available; 3lz_h67=available,,True,True,sec_whee_002,True,,defer_rules_or_pricing_evidence,high,Z-specific performance/wheel/suspension/aero/engine-cover/ground-effects logic needs rule/pricing evidence before approval.,deferred,False,,,,defer_rules_or_pricing_evidence: Z-specific performance/wheel/suspension/aero/engine-cover/ground-effects logic needs rule/pricing evidence before approval.
z06,opt_rxi_001,610,RXI,RXI,,"LPO, LT6 engine cover in visible carbon fiber, Genuine Corvette Accessory",z06_intextmec_raw,z06_intextmec_raw:574-574,needs_section_review,False,sec_engi_001,Engine Appearance,,sec_engi_001,,,,,1lz_h07=available; 2lz_h07=available; 3lz_h07=available; 1lz_h67=unavailable; 2lz_h67=unavailable; 3lz_h67=unavailable,,True,True,sec_engi_001,True,,defer_rules_or_pricing_evidence,high,Z-specific performance/wheel/suspension/aero/engine-cover/ground-effects logic needs rule/pricing evidence before approval.,deferred,False,,,,defer_rules_or_pricing_evidence: Z-specific performance/wheel/suspension/aero/engine-cover/ground-effects logic needs rule/pricing evidence before approval.
z06,opt_ryq_001,611,RYQ,RYQ,,"LPO, Visible Carbon Fiber door intake trim, Genuine Corvette Accessory",z06_intextmec_raw,z06_intextmec_raw:324-327,needs_section_review,False,sec_lpoe_001,LPO Exterior,,sec_lpoe_001,,,,,1lz_h07=unavailable; 2lz_h07=unavailable; 3lz_h07=available; 1lz_h67=unavailable; 2lz_h67=unavailable; 3lz_h67=available,,True,True,sec_lpoe_001,False,,defer_rules_or_pricing_evidence,high,Z-specific performance/wheel/suspension/aero/engine-cover/ground-effects logic needs rule/pricing evidence before approval.,deferred,False,,,,defer_rules_or_pricing_evidence: Z-specific performance/wheel/suspension/aero/engine-cover/ground-effects logic needs rule/pricing evidence before approval.
z06,opt_sg1_001,641,SG1,SG1,,"LPO, Z06 badges in Edge Red, Genuine Corvette Accessory",z06_intextmec_raw,z06_intextmec_raw:316-316,needs_section_review,False,sec_lpoe_001,LPO Exterior,,sec_lpoe_001,,,,,1lz_h07=available; 2lz_h07=available; 3lz_h07=available; 1lz_h67=available; 2lz_h67=available; 3lz_h67=available,,True,True,sec_lpoe_001,True,,defer_rules_or_pricing_evidence,high,Z-specific performance/wheel/suspension/aero/engine-cover/ground-effects logic needs rule/pricing evidence before approval.,deferred,False,,,,defer_rules_or_pricing_evidence: Z-specific performance/wheel/suspension/aero/engine-cover/ground-effects logic needs rule/pricing evidence before approval.
z06,opt_sne_001,661,SNE,SNE,,"LPO, Jake hood graphic",z06_intextmec_raw,z06_intextmec_raw:383-386,needs_section_review,False,sec_stri_001,Stripes,,sec_stri_001,,,,,1lz_h07=available; 2lz_h07=available; 3lz_h07=available; 1lz_h67=available; 2lz_h67=available; 3lz_h67=available,,True,True,sec_stri_001,True,,defer_rules_or_pricing_evidence,high,Z-specific performance/wheel/suspension/aero/engine-cover/ground-effects logic needs rule/pricing evidence before approval.,deferred,False,,,,defer_rules_or_pricing_evidence: Z-specific performance/wheel/suspension/aero/engine-cover/ground-effects logic needs rule/pricing evidence before approval.
z06,opt_soa_001,662,SOA,SOA,,"Wheels, 20"" x 10"" (50.8 cm x 25.4 cm) front and 21"" x 13"" (53.3 cm x 33 cm) rear Spider design, Black forged aluminum",z06_intextmec_raw,z06_intextmec_raw:496-496,needs_section_review,False,sec_whee_002,Wheels,,sec_whee_002,,,,,1lz_h07=available; 2lz_h07=available; 3lz_h07=available; 1lz_h67=available; 2lz_h67=available; 3lz_h67=available,,True,True,sec_whee_002,True,,defer_rules_or_pricing_evidence,high,Z-specific performance/wheel/suspension/aero/engine-cover/ground-effects logic needs rule/pricing evidence before approval.,deferred,False,,,,defer_rules_or_pricing_evidence: Z-specific performance/wheel/suspension/aero/engine-cover/ground-effects logic needs rule/pricing evidence before approval.
z06,opt_soe_002,664,SOE,,SOE,"Wheels, 20"" x 10"" (50.8 cm x 25.4 cm) front and 21"" x 13"" (53.3 cm x 33 cm) rear Spider design, Titanium Satin forged aluminum",z06_intextmec_raw,z06_intextmec_raw:495-495,needs_section_review,False,sec_whee_002,Wheels,,sec_whee_002,,,,,1lz_h07=standard; 2lz_h07=standard; 3lz_h07=standard; 1lz_h67=standard; 2lz_h67=standard; 3lz_h67=standard,,True,True,sec_whee_002,True,default_selected,defer_rules_or_pricing_evidence,high,Z-specific performance/wheel/suspension/aero/engine-cover/ground-effects logic needs rule/pricing evidence before approval.,deferred,False,,,,defer_rules_or_pricing_evidence: Z-specific performance/wheel/suspension/aero/engine-cover/ground-effects logic needs rule/pricing evidence before approval.
z06,opt_som_001,675,SOM,SOM,,"Wheels, 20"" x 10"" (50.8 cm x 25.4 cm) front and 21"" x 13"" (53.3 cm x 33 cm) rear bright polished forged aluminum",z06_intextmec_raw,z06_intextmec_raw:512-512,needs_section_review,False,sec_whee_002,Wheels,,sec_whee_002,,,,,1lz_h07=available; 2lz_h07=available; 3lz_h07=available; 1lz_h67=available; 2lz_h67=available; 3lz_h67=available,,True,True,sec_whee_002,True,,defer_rules_or_pricing_evidence,high,Z-specific performance/wheel/suspension/aero/engine-cover/ground-effects logic needs rule/pricing evidence before approval.,deferred,False,,,,defer_rules_or_pricing_evidence: Z-specific performance/wheel/suspension/aero/engine-cover/ground-effects logic needs rule/pricing evidence before approval.
z06,opt_son_001,676,SON,SON,,"Wheels, 20"" x 10"" (50.8 cm x 25.4 cm) front and 21"" x 13"" (53.3 cm x 33 cm) rear Gloss Black forged aluminum",z06_intextmec_raw,z06_intextmec_raw:513-513,needs_section_review,False,sec_whee_002,Wheels,,sec_whee_002,,,,,1lz_h07=available; 2lz_h07=available; 3lz_h07=available; 1lz_h67=available; 2lz_h67=available; 3lz_h67=available,,True,True,sec_whee_002,True,,defer_rules_or_pricing_evidence,high,Z-specific performance/wheel/suspension/aero/engine-cover/ground-effects logic needs rule/pricing evidence before approval.,deferred,False,,,,defer_rules_or_pricing_evidence: Z-specific performance/wheel/suspension/aero/engine-cover/ground-effects logic needs rule/pricing evidence before approval.
z06,opt_srk_001,683,SRK,SRK,,"Wheels, 20"" x 10"" (50.8 cm x 25.4 cm) front and 21"" x 13"" (53.3 cm x 33 cm) rear 10-spoke, Pearl Nickel forged aluminum",z06_intextmec_raw,z06_intextmec_raw:497-497,needs_section_review,False,sec_whee_002,Wheels,,sec_whee_002,,,,,1lz_h07=available; 2lz_h07=available; 3lz_h07=available; 1lz_h67=available; 2lz_h67=available; 3lz_h67=available,,True,True,sec_whee_002,True,,defer_rules_or_pricing_evidence,high,Z-specific performance/wheel/suspension/aero/engine-cover/ground-effects logic needs rule/pricing evidence before approval.,deferred,False,,,,defer_rules_or_pricing_evidence: Z-specific performance/wheel/suspension/aero/engine-cover/ground-effects logic needs rule/pricing evidence before approval.
z06,opt_srn_001,684,SRN,SRN,,"Wheels, 20"" x 10"" (50.8 cm x 25.4 cm) front and 21"" x 13"" (53.3 cm x 33 cm) rear 10-spoke, Gloss Black forged aluminum",z06_intextmec_raw,z06_intextmec_raw:498-498,needs_section_review,False,sec_whee_002,Wheels,,sec_whee_002,,,,,1lz_h07=available; 2lz_h07=available; 3lz_h07=available; 1lz_h67=available; 2lz_h67=available; 3lz_h67=available,,True,True,sec_whee_002,True,,defer_rules_or_pricing_evidence,high,Z-specific performance/wheel/suspension/aero/engine-cover/ground-effects logic needs rule/pricing evidence before approval.,deferred,False,,,,defer_rules_or_pricing_evidence: Z-specific performance/wheel/suspension/aero/engine-cover/ground-effects logic needs rule/pricing evidence before approval.
z06,opt_stx_001,685,STX,STX,,"Wheels, 20"" x 10"" (50.8 cm x 25.4 cm) front and 21"" x 13"" (53.3 cm x 33 cm) rear 10-spoke, Bright Polished forged aluminum with Carbon Flash-painted pockets",z06_intextmec_raw,z06_intextmec_raw:499-499,needs_section_review,False,sec_whee_002,Wheels,,sec_whee_002,,,,,1lz_h07=available; 2lz_h07=available; 3lz_h07=available; 1lz_h67=available; 2lz_h67=available; 3lz_h67=available,,True,True,sec_whee_002,True,,defer_rules_or_pricing_evidence,high,Z-specific performance/wheel/suspension/aero/engine-cover/ground-effects logic needs rule/pricing evidence before approval.,deferred,False,,,,defer_rules_or_pricing_evidence: Z-specific performance/wheel/suspension/aero/engine-cover/ground-effects logic needs rule/pricing evidence before approval.
z06,opt_t0g_001,705,T0G,T0G,,"Carbon Fiber Aero Package, visible, includes high-wing, dive planes and (CFV) visible carbon fiber ground effects",z06_intextmec_raw,z06_intextmec_raw:240-243,needs_section_review,False,sec_perf_aero_001,Aero Packages,,sec_perf_aero_001,,,,,1lz_h07=available; 2lz_h07=available; 3lz_h07=available; 1lz_h67=available; 2lz_h67=available; 3lz_h67=available,,True,True,sec_perf_aero_001,True,,defer_rules_or_pricing_evidence,high,Z-specific performance/wheel/suspension/aero/engine-cover/ground-effects logic needs rule/pricing evidence before approval.,deferred,False,,,,defer_rules_or_pricing_evidence: Z-specific performance/wheel/suspension/aero/engine-cover/ground-effects logic needs rule/pricing evidence before approval.
z06,opt_tu7_001,729,TU7,TU7,,"Seats, two-tone",z06_intextmec_raw,z06_intextmec_raw:167-171,needs_section_review,False,sec_inte_001,Interior Trim,,sec_inte_001,,,,,1lz_h07=unavailable; 2lz_h07=available; 3lz_h07=available; 1lz_h67=unavailable; 2lz_h67=available; 3lz_h67=available,,True,True,sec_inte_001,True,,defer_interior_structure,medium,"Interior/custom trim/stitching semantics should be closed in the interiors pass, not mass-approved during option closure.",deferred,False,,,,"defer_interior_structure: Interior/custom trim/stitching semantics should be closed in the interiors pass, not mass-approved during option closure."
z06,opt_u2k_002,735,U2K,,U2K,SiriusXM with 360L Trial Subscription. SiriusXM with 360L transforms your customers' ride with our most extensive and personalized radio experience on the road.,z06_intextmec_raw,z06_intextmec_raw:19-22,needs_section_review,False,sec_tech_001,Technology,,sec_tech_001,,,,,1lz_h07=standard; 2lz_h07=standard; 3lz_h07=standard; 1lz_h67=standard; 2lz_h67=standard; 3lz_h67=standard,,True,True,sec_tech_001,False,,needs_human_decision,medium,"Has an RPO and a candidate section, but source evidence needs human confirmation before approval.",deferred,False,,,,"needs_human_decision_phase_2b: Has an RPO and a candidate section, but source evidence needs human confirmation before approval."
z06,opt_u5g_002,741,U5G,,U5G,5G vehicle connectivity,z06_intextmec_raw,z06_intextmec_raw:103-106,needs_section_review,False,sec_tech_001,Technology,,sec_tech_001,,,,,1lz_h07=standard; 2lz_h07=standard; 3lz_h07=standard; 1lz_h67=standard; 2lz_h67=standard; 3lz_h67=standard,,True,True,sec_tech_001,False,,needs_human_decision,medium,"Has an RPO and a candidate section, but source evidence needs human confirmation before approval.",deferred,False,,,,"needs_human_decision_phase_2b: Has an RPO and a candidate section, but source evidence needs human confirmation before approval."
z06,opt_ue1_002,759,UE1,,UE1,OnStar services capable,z06_intextmec_raw,z06_intextmec_raw:95-98,needs_section_review,False,sec_tech_001,Technology,,sec_tech_001,,,,,1lz_h07=standard; 2lz_h07=standard; 3lz_h07=standard; 1lz_h67=standard; 2lz_h67=standard; 3lz_h67=standard,,True,True,sec_tech_001,False,,needs_human_decision,medium,"Has an RPO and a candidate section, but source evidence needs human confirmation before approval.",deferred,False,,,,"needs_human_decision_phase_2b: Has an RPO and a candidate section, but source evidence needs human confirmation before approval."
z06,opt_v8x_001,834,V8X,V8X,,"LPO, Visible Carbon Fiber sill plates Genuine Corvette Accessory",z06_intextmec_raw,z06_intextmec_raw:77-80,needs_section_review,False,sec_lpoi_001,LPO Interior,,sec_lpoi_001,,,,,1lz_h07=unavailable; 2lz_h07=unavailable; 3lz_h07=available; 1lz_h67=unavailable; 2lz_h67=unavailable; 3lz_h67=available,,True,True,sec_lpoi_001,False,,defer_rules_or_pricing_evidence,high,Z-specific performance/wheel/suspension/aero/engine-cover/ground-effects logic needs rule/pricing evidence before approval.,deferred,False,,,,defer_rules_or_pricing_evidence: Z-specific performance/wheel/suspension/aero/engine-cover/ground-effects logic needs rule/pricing evidence before approval.
z06,opt_vk3_001,843,VK3,VK3,,"License plate bracket, front",z06_intextmec_raw,z06_intextmec_raw:303-306,needs_section_review,False,sec_cust_001,Custom Delivery,,sec_cust_001,,,,,1lz_h07=available; 2lz_h07=available; 3lz_h07=available; 1lz_h67=available; 2lz_h67=available; 3lz_h67=available,,True,True,sec_cust_001,True,,defer_interior_structure,medium,"Interior/custom trim/stitching semantics should be closed in the interiors pass, not mass-approved during option closure.",deferred,False,,,,"defer_interior_structure: Interior/custom trim/stitching semantics should be closed in the interiors pass, not mass-approved during option closure."
z06,opt_vpw_001,847,VPW,VPW,,"LPO, Jake C8.R rear hash graphic, Genuine Corvette Accessory",z06_intextmec_raw,z06_intextmec_raw:375-378,needs_section_review,False,sec_stri_001,Stripes,,sec_stri_001,,,,,1lz_h07=available; 2lz_h07=available; 3lz_h07=available; 1lz_h67=available; 2lz_h67=available; 3lz_h67=available,,True,True,sec_stri_001,True,,defer_rules_or_pricing_evidence,high,Z-specific performance/wheel/suspension/aero/engine-cover/ground-effects logic needs rule/pricing evidence before approval.,deferred,False,,,,defer_rules_or_pricing_evidence: Z-specific performance/wheel/suspension/aero/engine-cover/ground-effects logic needs rule/pricing evidence before approval.
z06,opt_vv4_002,855,VV4,,VV4,Wi-Fi Hotspot capable,z06_intextmec_raw,z06_intextmec_raw:99-102,needs_section_review,False,sec_tech_001,Technology,,sec_tech_001,,,,,1lz_h07=standard; 2lz_h07=standard; 3lz_h07=standard; 1lz_h67=standard; 2lz_h67=standard; 3lz_h67=standard,,True,True,sec_tech_001,False,,needs_human_decision,medium,"Has an RPO and a candidate section, but source evidence needs human confirmation before approval.",deferred,False,,,,"needs_human_decision_phase_2b: Has an RPO and a candidate section, but source evidence needs human confirmation before approval."
z06,opt_wks_001,873,WKS,WKS,,"LPO, Premium indoor car cover, Galvanized Cool with Z06 logo, Genuine Corvette Accessory",z06_intextmec_raw,z06_intextmec_raw:318-318,needs_section_review,False,sec_lpoe_001,LPO Exterior,,sec_lpoe_001,,,,,1lz_h07=available; 2lz_h07=available; 3lz_h07=available; 1lz_h67=available; 2lz_h67=available; 3lz_h67=available,,True,True,sec_lpoe_001,True,,defer_rules_or_pricing_evidence,high,Z-specific performance/wheel/suspension/aero/engine-cover/ground-effects logic needs rule/pricing evidence before approval.,deferred,False,,,,defer_rules_or_pricing_evidence: Z-specific performance/wheel/suspension/aero/engine-cover/ground-effects logic needs rule/pricing evidence before approval.
z06,opt_z07_001,889,Z07,Z07,,"Z07 Performance Package, includes (J57) 4-wheel antilock, 4-wheel disc, carbon ceramic brakes with (J6D) Dark Gray Metallic-painted calipers, (FE7) Z07 suspension with Magnetic Selective Ride Control and (XFS) 275/30ZR20 front and 345/25ZR21 rear Michelin Pilot Sport Cup 2 R ultra performance tires; (J6D) Dark Gray Metallic-painted calipers can be upgraded at additional cost to one of the following painted caliper colors: (J6B) Blue, (J6F) Bright Red, (J6N) Edge Red, (J6L) Orange, or (J6E) Velocity Yellow",z06_intextmec_raw,z06_intextmec_raw:596-599,needs_section_review,False,sec_perf_z52_001,Z52 Packages,,sec_perf_z52_001,10,,,,1lz_h07=available; 2lz_h07=available; 3lz_h07=available; 1lz_h67=available; 2lz_h67=available; 3lz_h67=available,,True,True,sec_perf_z52_001,True,,defer_rules_or_pricing_evidence,high,Z-specific performance/wheel/suspension/aero/engine-cover/ground-effects logic needs rule/pricing evidence before approval.,deferred,False,,,,defer_rules_or_pricing_evidence: Z-specific performance/wheel/suspension/aero/engine-cover/ground-effects logic needs rule/pricing evidence before approval.
zr1,opt_36s_001,69,36S,36S,,"Competition Yellow custom leather stitch, includes seats, instrument panel, doors and console",zr1_zr1x_intextmec_raw,zr1_zr1x_intextmec_raw:198-201,needs_section_review,False,sec_cust_002,Custom Stitch,,sec_cust_002,,,,,1lz_r07=unavailable; 3lz_r07=available; 1lz_r67=unavailable; 3lz_r67=available,,True,True,sec_cust_002,True,,defer_interior_structure,high,"Interior/custom trim/stitching semantics should be closed in the interiors pass, not mass-approved during option closure.",deferred,False,,,,"defer_interior_structure: Interior/custom trim/stitching semantics should be closed in the interiors pass, not mass-approved during option closure."
zr1,opt_37s_001,77,37S,37S,,"Santorini Blue custom leather stitch, includes seats, instrument panel, doors and console",zr1_zr1x_intextmec_raw,zr1_zr1x_intextmec_raw:190-193,needs_section_review,False,sec_cust_002,Custom Stitch,,sec_cust_002,,,,,1lz_r07=unavailable; 3lz_r07=available; 1lz_r67=unavailable; 3lz_r67=available,,True,True,sec_cust_002,True,,defer_interior_structure,high,"Interior/custom trim/stitching semantics should be closed in the interiors pass, not mass-approved during option closure.",deferred,False,,,,"defer_interior_structure: Interior/custom trim/stitching semantics should be closed in the interiors pass, not mass-approved during option closure."
zr1,opt_38s_001,83,38S,38S,,"Adrenaline Red custom leather stitch, includes seats, instrument panel, doors and console",zr1_zr1x_intextmec_raw,zr1_zr1x_intextmec_raw:194-197,needs_section_review,False,sec_cust_002,Custom Stitch,,sec_cust_002,,,,,1lz_r07=unavailable; 3lz_r07=available; 1lz_r67=unavailable; 3lz_r67=available,,True,True,sec_cust_002,True,,defer_interior_structure,high,"Interior/custom trim/stitching semantics should be closed in the interiors pass, not mass-approved during option closure.",deferred,False,,,,"defer_interior_structure: Interior/custom trim/stitching semantics should be closed in the interiors pass, not mass-approved during option closure."
zr1,opt_509,127,,,,Air filtration system with pollen filter,zr1_zr1x_intextmec_raw,zr1_zr1x_intextmec_raw:15-15,needs_section_review,False,sec_stan_001,Standard Equipment,,sec_stan_001,,,,,1lz_r07=standard; 3lz_r07=standard; 1lz_r67=standard; 3lz_r67=standard,,True,True,sec_stan_001,False,,exclude_informational_standard_duplicate,low,No RPO standard-equipment disclosure appears informational rather than a selectable/source option row.,deferred,False,,,,exclude_informational_standard_duplicate: No RPO standard-equipment disclosure appears informational rather than a selectable/source option row.
zr1,opt_529,129,,,,"Console, floor, 2 cup holders, auxiliary power outlet, 3 USB ports (2 type-C, 1 type-A), passenger grab handle and lockable storage",zr1_zr1x_intextmec_raw,zr1_zr1x_intextmec_raw:37-37,needs_section_review,False,sec_stan_001,Standard Equipment,,sec_stan_001,,,,,1lz_r07=standard; 3lz_r07=standard; 1lz_r67=standard; 3lz_r67=standard,,True,True,sec_stan_001,False,,exclude_informational_standard_duplicate,low,No RPO standard-equipment disclosure appears informational rather than a selectable/source option row.,deferred,False,,,,exclude_informational_standard_duplicate: No RPO standard-equipment disclosure appears informational rather than a selectable/source option row.
zr1,opt_531,131,,,,"Cruise control, electronic with set and resume speed",zr1_zr1x_intextmec_raw,zr1_zr1x_intextmec_raw:38-38,needs_section_review,False,sec_stan_001,Standard Equipment,,sec_stan_001,,,,,1lz_r07=standard; 3lz_r07=standard; 1lz_r67=standard; 3lz_r67=standard,,True,True,sec_stan_001,False,,exclude_informational_standard_duplicate,low,No RPO standard-equipment disclosure appears informational rather than a selectable/source option row.,deferred,False,,,,exclude_informational_standard_duplicate: No RPO standard-equipment disclosure appears informational rather than a selectable/source option row.
zr1,opt_535,133,,,,"Door locks, power programmable with lockout protection",zr1_zr1x_intextmec_raw,zr1_zr1x_intextmec_raw:40-40,needs_section_review,False,sec_stan_001,Standard Equipment,,sec_stan_001,,,,,1lz_r07=standard; 3lz_r07=standard; 1lz_r67=standard; 3lz_r67=standard,,True,True,sec_stan_001,False,,exclude_informational_standard_duplicate,low,No RPO standard-equipment disclosure appears informational rather than a selectable/source option row.,deferred,False,,,,exclude_informational_standard_duplicate: No RPO standard-equipment disclosure appears informational rather than a selectable/source option row.
zr1,opt_537,135,,,,"Floor mats, carpeted",zr1_zr1x_intextmec_raw,zr1_zr1x_intextmec_raw:41-41,needs_section_review,False,sec_stan_001,Standard Equipment,,sec_stan_001,,,,,1lz_r07=standard; 3lz_r07=standard; 1lz_r67=standard; 3lz_r67=standard,,True,True,sec_stan_001,False,,exclude_informational_standard_duplicate,low,No RPO standard-equipment disclosure appears informational rather than a selectable/source option row.,deferred,False,,,,exclude_informational_standard_duplicate: No RPO standard-equipment disclosure appears informational rather than a selectable/source option row.
zr1,opt_541,137,,,,"Hatch release, push button open",zr1_zr1x_intextmec_raw,zr1_zr1x_intextmec_raw:43-43,needs_section_review,False,sec_stan_001,Standard Equipment,,sec_stan_001,,,,,1lz_r07=standard; 3lz_r07=standard; 1lz_r67=unavailable; 3lz_r67=unavailable,,True,True,sec_stan_001,False,,exclude_informational_standard_duplicate,low,No RPO standard-equipment disclosure appears informational rather than a selectable/source option row.,deferred,False,,,,exclude_informational_standard_duplicate: No RPO standard-equipment disclosure appears informational rather than a selectable/source option row.
zr1,opt_545,139,,,,"Keyless Open and Start, includes 2 remote transmitters that enable automatic door unlock and open by touching door switch",zr1_zr1x_intextmec_raw,zr1_zr1x_intextmec_raw:45-45,needs_section_review,False,sec_stan_001,Standard Equipment,,sec_stan_001,,,,,1lz_r07=standard; 3lz_r07=standard; 1lz_r67=standard; 3lz_r67=standard,,True,True,sec_stan_001,False,,exclude_informational_standard_duplicate,low,No RPO standard-equipment disclosure appears informational rather than a selectable/source option row.,deferred,False,,,,exclude_informational_standard_duplicate: No RPO standard-equipment disclosure appears informational rather than a selectable/source option row.
zr1,opt_549,141,,,,"Lighting, interior, theater dimming",zr1_zr1x_intextmec_raw,zr1_zr1x_intextmec_raw:47-47,needs_section_review,False,sec_stan_001,Standard Equipment,,sec_stan_001,,,,,1lz_r07=standard; 3lz_r07=standard; 1lz_r67=standard; 3lz_r67=standard,,True,True,sec_stan_001,False,,defer_interior_structure,medium,"Interior/custom trim/stitching semantics should be closed in the interiors pass, not mass-approved during option closure.",deferred,False,,,,"defer_interior_structure: Interior/custom trim/stitching semantics should be closed in the interiors pass, not mass-approved during option closure."
zr1,opt_613,156,,,,Remote vehicle starter system,zr1_zr1x_intextmec_raw,zr1_zr1x_intextmec_raw:130-130,needs_section_review,False,sec_stan_001,Standard Equipment,,sec_stan_001,,,,,1lz_r07=standard; 3lz_r07=standard; 1lz_r67=standard; 3lz_r67=standard,,True,True,sec_stan_001,False,,exclude_informational_standard_duplicate,low,No RPO standard-equipment disclosure appears informational rather than a selectable/source option row.,deferred,False,,,,exclude_informational_standard_duplicate: No RPO standard-equipment disclosure appears informational rather than a selectable/source option row.
zr1,opt_663,158,,,,"Steering wheel controls, audio, voice recognition, cruise and Driver Information Center",zr1_zr1x_intextmec_raw,zr1_zr1x_intextmec_raw:189-189,needs_section_review,False,sec_stan_001,Standard Equipment,,sec_stan_001,,,,,1lz_r07=standard; 3lz_r07=standard; 1lz_r67=standard; 3lz_r67=standard,,True,True,sec_stan_001,False,,exclude_informational_standard_duplicate,low,No RPO standard-equipment disclosure appears informational rather than a selectable/source option row.,deferred,False,,,,exclude_informational_standard_duplicate: No RPO standard-equipment disclosure appears informational rather than a selectable/source option row.
zr1,opt_673,160,,,,"Custom Leather Wrapped Interior Package, features leather-wrapped upper instrument panel, door trim panels and console",zr1_zr1x_intextmec_raw,zr1_zr1x_intextmec_raw:203-206,needs_section_review,False,sec_3lte_001,3LT Equipment,,sec_3lte_001,,,,,1lz_r07=unavailable; 3lz_r07=standard; 1lz_r67=unavailable; 3lz_r67=standard,,True,True,sec_3lte_001,False,,defer_interior_structure,medium,"Interior/custom trim/stitching semantics should be closed in the interiors pass, not mass-approved during option closure.",deferred,False,,,,"defer_interior_structure: Interior/custom trim/stitching semantics should be closed in the interiors pass, not mass-approved during option closure."
zr1,opt_683,162,,,,"Theft-deterrent system, vehicle, push button start, immobilizer and audible visual alarm",zr1_zr1x_intextmec_raw,zr1_zr1x_intextmec_raw:214-214,needs_section_review,False,sec_stan_001,Standard Equipment,,sec_stan_001,,,,,1lz_r07=standard; 3lz_r07=standard; 1lz_r67=standard; 3lz_r67=standard,,True,True,sec_stan_001,False,,exclude_informational_standard_duplicate,low,No RPO standard-equipment disclosure appears informational rather than a selectable/source option row.,deferred,False,,,,exclude_informational_standard_duplicate: No RPO standard-equipment disclosure appears informational rather than a selectable/source option row.
zr1,opt_691,164,,,,"Trunk release, push button open",zr1_zr1x_intextmec_raw,zr1_zr1x_intextmec_raw:218-218,needs_section_review,False,sec_stan_001,Standard Equipment,,sec_stan_001,,,,,1lz_r07=unavailable; 3lz_r07=unavailable; 1lz_r67=standard; 3lz_r67=standard,,True,True,sec_stan_001,False,,exclude_informational_standard_duplicate,low,No RPO standard-equipment disclosure appears informational rather than a selectable/source option row.,deferred,False,,,,exclude_informational_standard_duplicate: No RPO standard-equipment disclosure appears informational rather than a selectable/source option row.
zr1,opt_697,166,,,,"Visors, driver and passenger illuminated vanity mirrors, covered",zr1_zr1x_intextmec_raw,zr1_zr1x_intextmec_raw:221-221,needs_section_review,False,sec_stan_001,Standard Equipment,,sec_stan_001,,,,,1lz_r07=standard; 3lz_r07=standard; 1lz_r67=standard; 3lz_r67=standard,,True,True,sec_stan_001,False,,exclude_informational_standard_duplicate,low,No RPO standard-equipment disclosure appears informational rather than a selectable/source option row.,deferred,False,,,,exclude_informational_standard_duplicate: No RPO standard-equipment disclosure appears informational rather than a selectable/source option row.
zr1,opt_699,168,,,,"Windows, power with driver and passenger Express-Down/Up",zr1_zr1x_intextmec_raw,zr1_zr1x_intextmec_raw:222-222,needs_section_review,False,sec_stan_001,Standard Equipment,,sec_stan_001,,,,,1lz_r07=standard; 3lz_r07=standard; 1lz_r67=standard; 3lz_r67=standard,,True,True,sec_stan_001,False,,exclude_informational_standard_duplicate,low,No RPO standard-equipment disclosure appears informational rather than a selectable/source option row.,deferred,False,,,,exclude_informational_standard_duplicate: No RPO standard-equipment disclosure appears informational rather than a selectable/source option row.
zr1,opt_707,170,,,,"Antenna, integral front and rear",zr1_zr1x_intextmec_raw,zr1_zr1x_intextmec_raw:226-226,needs_section_review,False,sec_stan_001,Standard Equipment,,sec_stan_001,,,,,1lz_r07=standard; 3lz_r07=standard; 1lz_r67=standard; 3lz_r67=standard,,True,True,sec_stan_001,False,,exclude_informational_standard_duplicate,low,No RPO standard-equipment disclosure appears informational rather than a selectable/source option row.,deferred,False,,,,exclude_informational_standard_duplicate: No RPO standard-equipment disclosure appears informational rather than a selectable/source option row.
zr1,opt_723,178,,,,Daytime running lamps,zr1_zr1x_intextmec_raw,zr1_zr1x_intextmec_raw:240-240,needs_section_review,False,sec_stan_001,Standard Equipment,,sec_stan_001,,,,,1lz_r07=standard; 3lz_r07=standard; 1lz_r67=standard; 3lz_r67=standard,,True,True,sec_stan_001,False,,exclude_informational_standard_duplicate,low,No RPO standard-equipment disclosure appears informational rather than a selectable/source option row.,deferred,False,,,,exclude_informational_standard_duplicate: No RPO standard-equipment disclosure appears informational rather than a selectable/source option row.
zr1,opt_731,180,,,,"Glass, Solar-Ray light-tinted",zr1_zr1x_intextmec_raw,zr1_zr1x_intextmec_raw:247-247,needs_section_review,False,sec_stan_001,Standard Equipment,,sec_stan_001,,,,,1lz_r07=standard; 3lz_r07=standard; 1lz_r67=standard; 3lz_r67=standard,,True,True,sec_stan_001,False,,exclude_informational_standard_duplicate,low,No RPO standard-equipment disclosure appears informational rather than a selectable/source option row.,deferred,False,,,,exclude_informational_standard_duplicate: No RPO standard-equipment disclosure appears informational rather than a selectable/source option row.
zr1,opt_849,182,,,,"Wipers, front intermittent",zr1_zr1x_intextmec_raw,zr1_zr1x_intextmec_raw:401-401,needs_section_review,False,sec_stan_001,Standard Equipment,,sec_stan_001,,,,,1lz_r07=standard; 3lz_r07=standard; 1lz_r67=standard; 3lz_r67=standard,,True,True,sec_stan_001,False,,exclude_informational_standard_duplicate,low,No RPO standard-equipment disclosure appears informational rather than a selectable/source option row.,deferred,False,,,,exclude_informational_standard_duplicate: No RPO standard-equipment disclosure appears informational rather than a selectable/source option row.
zr1,opt_851,184,,,,"Active handling stability control, improves traction and enhances vehicle stability",zr1_zr1x_intextmec_raw,zr1_zr1x_intextmec_raw:402-402,needs_section_review,False,sec_stan_001,Standard Equipment,,sec_stan_001,,,,,1lz_r07=standard; 3lz_r07=standard; 1lz_r67=standard; 3lz_r67=standard,,True,True,sec_stan_001,False,,exclude_informational_standard_duplicate,low,No RPO standard-equipment disclosure appears informational rather than a selectable/source option row.,deferred,False,,,,exclude_informational_standard_duplicate: No RPO standard-equipment disclosure appears informational rather than a selectable/source option row.
zr1,opt_863,186,,,,NEW!Intersection Automatic Emergency Braking,zr1_zr1x_intextmec_raw,zr1_zr1x_intextmec_raw:414-414,needs_section_review,False,sec_stan_001,Standard Equipment,,sec_stan_001,,,,,1lz_r07=standard; 3lz_r07=standard; 1lz_r67=standard; 3lz_r67=standard,,True,True,sec_stan_001,False,,exclude_informational_standard_duplicate,low,No RPO standard-equipment disclosure appears informational rather than a selectable/source option row.,deferred,False,,,,exclude_informational_standard_duplicate: No RPO standard-equipment disclosure appears informational rather than a selectable/source option row.
zr1,opt_911,188,,,,"Frame, aluminum structure",zr1_zr1x_intextmec_raw,zr1_zr1x_intextmec_raw:447-447,needs_section_review,False,sec_stan_001,Standard Equipment,,sec_stan_001,,,,,1lz_r07=standard; 3lz_r07=standard; 1lz_r67=standard; 3lz_r67=standard,,True,True,sec_stan_001,False,,exclude_informational_standard_duplicate,low,No RPO standard-equipment disclosure appears informational rather than a selectable/source option row.,deferred,False,,,,exclude_informational_standard_duplicate: No RPO standard-equipment disclosure appears informational rather than a selectable/source option row.
zr1,opt_921,190,,,,Oil life monitoring system,zr1_zr1x_intextmec_raw,zr1_zr1x_intextmec_raw:455-455,needs_section_review,False,sec_stan_001,Standard Equipment,,sec_stan_001,,,,,1lz_r07=standard; 3lz_r07=standard; 1lz_r67=standard; 3lz_r67=standard,,True,True,sec_stan_001,False,,exclude_informational_standard_duplicate,low,No RPO standard-equipment disclosure appears informational rather than a selectable/source option row.,deferred,False,,,,exclude_informational_standard_duplicate: No RPO standard-equipment disclosure appears informational rather than a selectable/source option row.
zr1,opt_927,192,,,,"Steering, power, electric, speed-sensitive, rack-and-pinion, variable ratio",zr1_zr1x_intextmec_raw,zr1_zr1x_intextmec_raw:458-458,needs_section_review,False,sec_stan_001,Standard Equipment,,sec_stan_001,,,,,1lz_r07=standard; 3lz_r07=standard; 1lz_r67=standard; 3lz_r67=standard,,True,True,sec_stan_001,False,,exclude_informational_standard_duplicate,low,No RPO standard-equipment disclosure appears informational rather than a selectable/source option row.,deferred,False,,,,exclude_informational_standard_duplicate: No RPO standard-equipment disclosure appears informational rather than a selectable/source option row.
zr1,opt_937,194,,,,"Traction control, all-speed",zr1_zr1x_intextmec_raw,zr1_zr1x_intextmec_raw:469-469,needs_section_review,False,sec_stan_001,Standard Equipment,,sec_stan_001,,,,,1lz_r07=standard; 3lz_r07=standard; 1lz_r67=standard; 3lz_r67=standard,,True,True,sec_stan_001,False,,exclude_informational_standard_duplicate,low,No RPO standard-equipment disclosure appears informational rather than a selectable/source option row.,deferred,False,,,,exclude_informational_standard_duplicate: No RPO standard-equipment disclosure appears informational rather than a selectable/source option row.
zr1,opt_cfc_002,281,CFC,,CFC,"Convertible top, retractable, power-folding hard top, visible carbon fiber, remote control (down only), includes power glass rear window with integral defogger; Nacelles, A-pillars, and header are Carbon-Flash painted (body-color when (GBA) Black exterior color is selected)",zr1_zr1x_intextmec_raw,zr1_zr1x_intextmec_raw:231-231,needs_section_review,False,sec_stan_001,Standard Equipment,,sec_stan_001,,,,,1lz_r07=unavailable; 3lz_r07=unavailable; 1lz_r67=standard; 3lz_r67=standard,,True,True,sec_stan_001,False,,needs_human_decision,medium,"Has an RPO and a candidate section, but source evidence needs human confirmation before approval.",deferred,False,,,,"needs_human_decision_phase_2b: Has an RPO and a candidate section, but source evidence needs human confirmation before approval."
zr1,opt_cfv_002,288,CFV,,CFV,"Ground effects, visible carbon fiber",zr1_zr1x_intextmec_raw,zr1_zr1x_intextmec_raw:248-248,needs_section_review,False,sec_stan_001,Standard Equipment,,sec_stan_001,,,,,1lz_r07=standard; 3lz_r07=standard; 1lz_r67=standard; 3lz_r67=standard,,True,True,sec_stan_001,False,,needs_human_decision,medium,"Has an RPO and a candidate section, but source evidence needs human confirmation before approval.",deferred,False,,,,"needs_human_decision_phase_2b: Has an RPO and a candidate section, but source evidence needs human confirmation before approval."
zr1,opt_dy0_002,372,DY0,,DY0,"Display hood, Carbon Fiber, located above the Driver Information Center display",zr1_zr1x_intextmec_raw,zr1_zr1x_intextmec_raw:39-39,needs_section_review,False,sec_stan_001,Standard Equipment,,sec_stan_001,,,,,1lz_r07=standard; 3lz_r07=standard; 1lz_r67=standard; 3lz_r67=standard,,True,True,sec_stan_001,False,,needs_human_decision,medium,"Has an RPO and a candidate section, but source evidence needs human confirmation before approval.",deferred,False,,,,"needs_human_decision_phase_2b: Has an RPO and a candidate section, but source evidence needs human confirmation before approval."
zr1,opt_etv_001,394,ETV,ETV,,"Exterior trim, carbon fiber split window trim, painted body-color",zr1_zr1x_intextmec_raw,zr1_zr1x_intextmec_raw:245-245,needs_section_review,False,sec_engi_001,Engine Appearance,,sec_engi_001,,,,,1lz_r07=available; 3lz_r07=available; 1lz_r67=unavailable; 3lz_r67=unavailable,,True,True,sec_engi_001,True,,defer_rules_or_pricing_evidence,high,Z-specific performance/wheel/suspension/aero/engine-cover/ground-effects logic needs rule/pricing evidence before approval.,deferred,False,,,,defer_rules_or_pricing_evidence: Z-specific performance/wheel/suspension/aero/engine-cover/ground-effects logic needs rule/pricing evidence before approval.
zr1,opt_fa6_001,409,FA6,FA6,,"Trim, interior, level 2, carbon fiber instrument panel trim, cluster-surround and console/door inserts",zr1_zr1x_intextmec_raw,zr1_zr1x_intextmec_raw:209-212,needs_section_review,False,sec_inte_001,Interior Trim,,sec_inte_001,,,,,1lz_r07=unavailable; 3lz_r07=available; 1lz_r67=unavailable; 3lz_r67=available,,True,True,sec_inte_001,True,,defer_interior_structure,medium,"Interior/custom trim/stitching semantics should be closed in the interiors pass, not mass-approved during option closure.",deferred,False,,,,"defer_interior_structure: Interior/custom trim/stitching semantics should be closed in the interiors pass, not mass-approved during option closure."
zr1,opt_fe8_002,416,FE8,,FE8,"Suspension, performance with Magnetic Selective Ride Control",zr1_zr1x_intextmec_raw,zr1_zr1x_intextmec_raw:459-459,needs_section_review,False,sec_susp_001,Suspension,,sec_susp_001,,,,,1lz_r07=standard; 3lz_r07=standard; 1lz_r67=standard; 3lz_r67=standard,,True,True,sec_susp_001,False,,defer_rules_or_pricing_evidence,high,Z-specific performance/wheel/suspension/aero/engine-cover/ground-effects logic needs rule/pricing evidence before approval.,deferred,False,,,,defer_rules_or_pricing_evidence: Z-specific performance/wheel/suspension/aero/engine-cover/ground-effects logic needs rule/pricing evidence before approval.
zr1,opt_fej_001,422,FEJ,,FEJ,"Suspension, ZTK with Magnetic Selective Ride Control",zr1_zr1x_intextmec_raw,zr1_zr1x_intextmec_raw:460-463,needs_section_review,False,sec_susp_001,Suspension,,sec_susp_001,,,,,1lz_r07=available; 3lz_r07=available; 1lz_r67=available; 3lz_r67=available,,True,True,sec_susp_001,False,,defer_rules_or_pricing_evidence,high,Z-specific performance/wheel/suspension/aero/engine-cover/ground-effects logic needs rule/pricing evidence before approval.,deferred,False,,,,defer_rules_or_pricing_evidence: Z-specific performance/wheel/suspension/aero/engine-cover/ground-effects logic needs rule/pricing evidence before approval.
zr1,opt_j58_002,449,J58,,J58,"Brakes, 4-wheel antilock, 4-wheel disc, carbon ceramic, ZR1-specific",zr1_zr1x_intextmec_raw,zr1_zr1x_intextmec_raw:407-407,needs_section_review,False,sec_perf_brake_001,Performance Brakes,,sec_perf_brake_001,,,,,1lz_r07=standard; 3lz_r07=standard; 1lz_r67=standard; 3lz_r67=standard,,True,True,sec_perf_brake_001,False,,defer_rules_or_pricing_evidence,high,Z-specific performance/wheel/suspension/aero/engine-cover/ground-effects logic needs rule/pricing evidence before approval.,deferred,False,,,,defer_rules_or_pricing_evidence: Z-specific performance/wheel/suspension/aero/engine-cover/ground-effects logic needs rule/pricing evidence before approval.
zr1,opt_j59_002,452,J59,,J59,"Brakes, 4-wheel antilock, 4-wheel disc, carbon ceramic, 10-piston front, 6-piston rear",zr1_zr1x_intextmec_raw,zr1_zr1x_intextmec_raw:408-411,needs_section_review,False,sec_perf_brake_001,Performance Brakes,,sec_perf_brake_001,,,,,1lz_r07=available; 3lz_r07=available; 1lz_r67=available; 3lz_r67=available,,True,True,sec_perf_brake_001,False,auto_added,defer_rules_or_pricing_evidence,high,Z-specific performance/wheel/suspension/aero/engine-cover/ground-effects logic needs rule/pricing evidence before approval.,deferred,False,,,,defer_rules_or_pricing_evidence: Z-specific performance/wheel/suspension/aero/engine-cover/ground-effects logic needs rule/pricing evidence before approval.
zr1,opt_j6o_001,477,J6O,J6O,,"Calipers, Bronze-painted",zr1_zr1x_intextmec_raw,zr1_zr1x_intextmec_raw:421-421,needs_section_review,False,sec_cali_001,Caliper Color,,sec_cali_001,,,,,1lz_r07=available; 3lz_r07=available; 1lz_r67=available; 3lz_r67=available,,True,True,sec_cali_001,True,,defer_interior_structure,medium,"Interior/custom trim/stitching semantics should be closed in the interiors pass, not mass-approved during option closure.",deferred,False,,,,"defer_interior_structure: Interior/custom trim/stitching semantics should be closed in the interiors pass, not mass-approved during option closure."
zr1,opt_lt7_002,498,LT7,,LT7,"Engine, 5.5L V8 Twin Turbo, TPI, DI, high-output, Variable Valve Timing (VVT) (1064 hp [793 kW] @ 7000 rpm, 828 lb-ft of torque [1123 N-m] @ 6000 rpm)",zr1_zr1x_intextmec_raw,zr1_zr1x_intextmec_raw:437-437,needs_section_review,False,sec_stan_001,Standard Equipment,,sec_stan_001,,,,,1lz_r07=standard; 3lz_r07=standard; 1lz_r67=standard; 3lz_r67=standard,,True,True,sec_stan_001,False,,defer_rules_or_pricing_evidence,high,Z-specific performance/wheel/suspension/aero/engine-cover/ground-effects logic needs rule/pricing evidence before approval.,deferred,False,,,,defer_rules_or_pricing_evidence: Z-specific performance/wheel/suspension/aero/engine-cover/ground-effects logic needs rule/pricing evidence before approval.
zr1,opt_m1k_002,502,M1K,,M1K,"Transmission, 8-speed dual clutch, includes manual and auto modes",zr1_zr1x_intextmec_raw,zr1_zr1x_intextmec_raw:470-470,needs_section_review,False,sec_stan_001,Standard Equipment,,sec_stan_001,,,,,1lz_r07=standard; 3lz_r07=standard; 1lz_r67=standard; 3lz_r67=standard,,True,True,sec_stan_001,False,,defer_rules_or_pricing_evidence,high,Z-specific performance/wheel/suspension/aero/engine-cover/ground-effects logic needs rule/pricing evidence before approval.,deferred,False,,,,defer_rules_or_pricing_evidence: Z-specific performance/wheel/suspension/aero/engine-cover/ground-effects logic needs rule/pricing evidence before approval.
zr1,opt_n26_001,509,N26,N26,,"Steering wheel, sueded microfiber-wrapped",zr1_zr1x_intextmec_raw,zr1_zr1x_intextmec_raw:180-183,needs_section_review,False,sec_inte_001,Interior Trim,,sec_inte_001,,,,,1lz_r07=available; 3lz_r07=unavailable; 1lz_r67=available; 3lz_r67=unavailable,,True,True,sec_inte_001,True,,defer_interior_structure,medium,"Interior/custom trim/stitching semantics should be closed in the interiors pass, not mass-approved during option closure.",deferred,False,,,,"defer_interior_structure: Interior/custom trim/stitching semantics should be closed in the interiors pass, not mass-approved during option closure."
zr1,opt_n2z_001,512,N2Z,N2Z,,"Steering wheel, carbon fiber and sueded microfiber-wrapped",zr1_zr1x_intextmec_raw,zr1_zr1x_intextmec_raw:184-187,needs_section_review,False,sec_inte_001,Interior Trim,,sec_inte_001,,,,,1lz_r07=unavailable; 3lz_r07=available; 1lz_r67=unavailable; 3lz_r67=available,,True,True,sec_inte_001,True,,defer_interior_structure,medium,"Interior/custom trim/stitching semantics should be closed in the interiors pass, not mass-approved during option closure.",deferred,False,,,,"defer_interior_structure: Interior/custom trim/stitching semantics should be closed in the interiors pass, not mass-approved during option closure."
zr1,opt_n3w_002,524,N3W,,N3W,"Steering wheel, carbon fiber and leather-wrapped",zr1_zr1x_intextmec_raw,zr1_zr1x_intextmec_raw:179-179,needs_section_review,False,sec_inte_001,Interior Trim,,sec_inte_001,,,,,1lz_r07=unavailable; 3lz_r07=standard; 1lz_r67=unavailable; 3lz_r67=standard,,True,True,sec_inte_001,False,,defer_interior_structure,medium,"Interior/custom trim/stitching semantics should be closed in the interiors pass, not mass-approved during option closure.",deferred,False,,,,"defer_interior_structure: Interior/custom trim/stitching semantics should be closed in the interiors pass, not mass-approved during option closure."
zr1,opt_pbc_001,548,PBC,PBC,,Customer Engine Build Program,zr1_zr1x_intextmec_raw,zr1_zr1x_intextmec_raw:439-439,needs_section_review,False,sec_cust_001,Custom Delivery,,sec_cust_001,,,,,1lz_r07=available; 3lz_r07=available; 1lz_r67=available; 3lz_r67=available,,True,True,sec_cust_001,True,,defer_interior_structure,medium,"Interior/custom trim/stitching semantics should be closed in the interiors pass, not mass-approved during option closure.",deferred,False,,,,"defer_interior_structure: Interior/custom trim/stitching semantics should be closed in the interiors pass, not mass-approved during option closure."
zr1,opt_r8e_002,586,R8E,,R8E,"Gas guzzler tax, mandatory federal tax added to price of vehicle",zr1_zr1x_intextmec_raw,zr1_zr1x_intextmec_raw:448-448,needs_section_review,False,sec_incl_001,Included,,sec_incl_001,,,,,1lz_r07=standard; 3lz_r07=standard; 1lz_r67=standard; 3lz_r67=standard,,True,True,sec_incl_001,False,auto_added,needs_human_decision,medium,"Has an RPO and a candidate section, but source evidence needs human confirmation before approval.",deferred,False,,,,"needs_human_decision_phase_2b: Has an RPO and a candidate section, but source evidence needs human confirmation before approval."
zr1,opt_sb9_001,624,SB9,SB9,,"NEW!LPO, Hood and Roof Decal Package, Genuine Corvette Accessory",zr1_zr1x_intextmec_raw,zr1_zr1x_intextmec_raw:271-274,needs_section_review,False,sec_stri_001,Stripes,,sec_stri_001,,,,,1lz_r07=available; 3lz_r07=available; 1lz_r67=available; 3lz_r67=available,,True,True,sec_stri_001,True,,defer_rules_or_pricing_evidence,high,Z-specific performance/wheel/suspension/aero/engine-cover/ground-effects logic needs rule/pricing evidence before approval.,deferred,False,,,,defer_rules_or_pricing_evidence: Z-specific performance/wheel/suspension/aero/engine-cover/ground-effects logic needs rule/pricing evidence before approval.
zr1,opt_sof_001,665,SOF,SOF,,"Wheels, 20"" x 10"" (50.8 cm x 25.4 cm) front and 21"" x 13"" (53.3 cm x 33 cm) rear 20-spoke, Edge Blue-painted forged aluminum",zr1_zr1x_intextmec_raw,zr1_zr1x_intextmec_raw:397-397,needs_section_review,False,sec_whee_002,Wheels,,sec_whee_002,,,,,1lz_r07=available; 3lz_r07=available; 1lz_r67=available; 3lz_r67=available,,True,True,sec_whee_002,True,,defer_rules_or_pricing_evidence,high,Z-specific performance/wheel/suspension/aero/engine-cover/ground-effects logic needs rule/pricing evidence before approval.,deferred,False,,,,defer_rules_or_pricing_evidence: Z-specific performance/wheel/suspension/aero/engine-cover/ground-effects logic needs rule/pricing evidence before approval.
zr1,opt_sog_001,667,SOG,SOG,,"Wheels, 20"" x 10"" (50.8 cm x 25.4 cm) front and 21"" x 13"" (53.3 cm x 33 cm) rear 20-spoke, Carbon Flash-painted forged aluminum",zr1_zr1x_intextmec_raw,zr1_zr1x_intextmec_raw:398-398,needs_section_review,False,sec_whee_002,Wheels,,sec_whee_002,,,,,1lz_r07=available; 3lz_r07=available; 1lz_r67=available; 3lz_r67=available,,True,True,sec_whee_002,True,,defer_rules_or_pricing_evidence,high,Z-specific performance/wheel/suspension/aero/engine-cover/ground-effects logic needs rule/pricing evidence before approval.,deferred,False,,,,defer_rules_or_pricing_evidence: Z-specific performance/wheel/suspension/aero/engine-cover/ground-effects logic needs rule/pricing evidence before approval.
zr1,opt_soh_001,669,SOH,SOH,,"Wheels, 20"" x 10"" (50.8 cm x 25.4 cm) front and 21"" x 13"" (53.3 cm x 33 cm) rear 20-spoke, Bright machined forged aluminum",zr1_zr1x_intextmec_raw,zr1_zr1x_intextmec_raw:399-399,needs_section_review,False,sec_whee_002,Wheels,,sec_whee_002,,,,,1lz_r07=available; 3lz_r07=available; 1lz_r67=available; 3lz_r67=available,,True,True,sec_whee_002,True,,defer_rules_or_pricing_evidence,high,Z-specific performance/wheel/suspension/aero/engine-cover/ground-effects logic needs rule/pricing evidence before approval.,deferred,False,,,,defer_rules_or_pricing_evidence: Z-specific performance/wheel/suspension/aero/engine-cover/ground-effects logic needs rule/pricing evidence before approval.
zr1,opt_soj_002,673,SOJ,,SOJ,"Wheels, 20"" x 10"" (50.8 cm x 25.4 cm) front and 21"" x 13"" (53.3 cm x 33 cm) rear 20-spoke, Sterling Silver-painted forged aluminum",zr1_zr1x_intextmec_raw,zr1_zr1x_intextmec_raw:396-396,needs_section_review,False,sec_whee_002,Wheels,,sec_whee_002,,,,,1lz_r07=standard; 3lz_r07=standard; 1lz_r67=standard; 3lz_r67=standard,,True,True,sec_whee_002,True,,defer_rules_or_pricing_evidence,high,Z-specific performance/wheel/suspension/aero/engine-cover/ground-effects logic needs rule/pricing evidence before approval.,deferred,False,,,,defer_rules_or_pricing_evidence: Z-specific performance/wheel/suspension/aero/engine-cover/ground-effects logic needs rule/pricing evidence before approval.
zr1,opt_su1_001,687,SU1,SU1,,"Wheels, 20"" x 10"" (50.8 cm x 25.4 cm) front and 21"" x 13"" (53.3 cm x 33 cm) rear 10-spoke, visible carbon fiber",zr1_zr1x_intextmec_raw,zr1_zr1x_intextmec_raw:400-400,needs_section_review,False,sec_whee_002,Wheels,,sec_whee_002,,,,,1lz_r07=available; 3lz_r07=available; 1lz_r67=available; 3lz_r67=available,,True,True,sec_whee_002,True,,defer_rules_or_pricing_evidence,high,Z-specific performance/wheel/suspension/aero/engine-cover/ground-effects logic needs rule/pricing evidence before approval.,deferred,False,,,,defer_rules_or_pricing_evidence: Z-specific performance/wheel/suspension/aero/engine-cover/ground-effects logic needs rule/pricing evidence before approval.
zr1,opt_tom_001,718,TOM,TOM,,"ZR1 Carbon Fiber Aero Package, visible carbon fiber, includes carbon fiber high-wing spoiler, dive planes, and tall hood spoiler",zr1_zr1x_intextmec_raw,zr1_zr1x_intextmec_raw:227-227,needs_section_review,False,sec_perf_aero_001,Aero Packages,,sec_perf_aero_001,,,,,1lz_r07=available; 3lz_r07=available; 1lz_r67=available; 3lz_r67=available,,True,True,sec_perf_aero_001,True,,defer_rules_or_pricing_evidence,high,Z-specific performance/wheel/suspension/aero/engine-cover/ground-effects logic needs rule/pricing evidence before approval.,deferred,False,,,,defer_rules_or_pricing_evidence: Z-specific performance/wheel/suspension/aero/engine-cover/ground-effects logic needs rule/pricing evidence before approval.
zr1,opt_tu7_001,730,TU7,TU7,,"Seats, two-tone",zr1_zr1x_intextmec_raw,zr1_zr1x_intextmec_raw:166-169,needs_section_review,False,sec_inte_001,Interior Trim,,sec_inte_001,,,,,1lz_r07=unavailable; 3lz_r07=available; 1lz_r67=unavailable; 3lz_r67=available,,True,True,sec_inte_001,True,,defer_interior_structure,medium,"Interior/custom trim/stitching semantics should be closed in the interiors pass, not mass-approved during option closure.",deferred,False,,,,"defer_interior_structure: Interior/custom trim/stitching semantics should be closed in the interiors pass, not mass-approved during option closure."
zr1,opt_u2k_002,736,U2K,,U2K,SiriusXM with 360L Trial Subscription. SiriusXM with 360L transforms your customers' ride with our most extensive and personalized radio experience on the road.,zr1_zr1x_intextmec_raw,zr1_zr1x_intextmec_raw:19-22,needs_section_review,False,sec_tech_001,Technology,,sec_tech_001,,,,,1lz_r07=standard; 3lz_r07=standard; 1lz_r67=standard; 3lz_r67=standard,,True,True,sec_tech_001,False,,needs_human_decision,medium,"Has an RPO and a candidate section, but source evidence needs human confirmation before approval.",deferred,False,,,,"needs_human_decision_phase_2b: Has an RPO and a candidate section, but source evidence needs human confirmation before approval."
zr1,opt_u5g_002,742,U5G,,U5G,5G vehicle connectivity,zr1_zr1x_intextmec_raw,zr1_zr1x_intextmec_raw:103-106,needs_section_review,False,sec_tech_001,Technology,,sec_tech_001,,,,,1lz_r07=standard; 3lz_r07=standard; 1lz_r67=standard; 3lz_r67=standard,,True,True,sec_tech_001,False,,needs_human_decision,medium,"Has an RPO and a candidate section, but source evidence needs human confirmation before approval.",deferred,False,,,,"needs_human_decision_phase_2b: Has an RPO and a candidate section, but source evidence needs human confirmation before approval."
zr1,opt_ue1_002,760,UE1,,UE1,OnStar services capable,zr1_zr1x_intextmec_raw,zr1_zr1x_intextmec_raw:95-98,needs_section_review,False,sec_tech_001,Technology,,sec_tech_001,,,,,1lz_r07=standard; 3lz_r07=standard; 1lz_r67=standard; 3lz_r67=standard,,True,True,sec_tech_001,False,,needs_human_decision,medium,"Has an RPO and a candidate section, but source evidence needs human confirmation before approval.",deferred,False,,,,"needs_human_decision_phase_2b: Has an RPO and a candidate section, but source evidence needs human confirmation before approval."
zr1,opt_v8x_001,835,V8X,V8X,,"LPO, Visible Carbon Fiber sill plates, with car silhouette logo, replaces factory sill plates, Genuine Corvette Accessory",zr1_zr1x_intextmec_raw,zr1_zr1x_intextmec_raw:77-80,needs_section_review,False,sec_lpoi_001,LPO Interior,,sec_lpoi_001,,,,,1lz_r07=unavailable; 3lz_r07=available; 1lz_r67=unavailable; 3lz_r67=available,,True,True,sec_lpoi_001,True,,defer_rules_or_pricing_evidence,high,Z-specific performance/wheel/suspension/aero/engine-cover/ground-effects logic needs rule/pricing evidence before approval.,deferred,False,,,,defer_rules_or_pricing_evidence: Z-specific performance/wheel/suspension/aero/engine-cover/ground-effects logic needs rule/pricing evidence before approval.
zr1,opt_vk3_001,844,VK3,VK3,,"License plate bracket, front",zr1_zr1x_intextmec_raw,zr1_zr1x_intextmec_raw:255-258,needs_section_review,False,sec_cust_001,Custom Delivery,,sec_cust_001,,,,,1lz_r07=available; 3lz_r07=available; 1lz_r67=available; 3lz_r67=available,,True,True,sec_cust_001,True,,defer_interior_structure,medium,"Interior/custom trim/stitching semantics should be closed in the interiors pass, not mass-approved during option closure.",deferred,False,,,,"defer_interior_structure: Interior/custom trim/stitching semantics should be closed in the interiors pass, not mass-approved during option closure."
zr1,opt_vv4_002,856,VV4,,VV4,Wi-Fi Hotspot capable,zr1_zr1x_intextmec_raw,zr1_zr1x_intextmec_raw:99-102,needs_section_review,False,sec_tech_001,Technology,,sec_tech_001,,,,,1lz_r07=standard; 3lz_r07=standard; 1lz_r67=standard; 3lz_r67=standard,,True,True,sec_tech_001,False,,needs_human_decision,medium,"Has an RPO and a candidate section, but source evidence needs human confirmation before approval.",deferred,False,,,,"needs_human_decision_phase_2b: Has an RPO and a candidate section, but source evidence needs human confirmation before approval."
zr1,opt_ztk_001,890,ZTK,ZTK,,"ZTK Track Performance Package, includes (FEJ/FEZ) ZTK suspension with Magnetic Selective Ride Control and (XFS) 275/30ZR20 front and 345/25ZR21 rear Michelin Pilot Sport Cup 2 R ultra performance tires",zr1_zr1x_intextmec_raw,zr1_zr1x_intextmec_raw:472-476,needs_section_review,False,sec_perf_z52_001,Z52 Packages,,sec_perf_z52_001,10,,,,1lz_r07=available; 3lz_r07=available; 1lz_r67=available; 3lz_r67=available,,True,True,sec_perf_z52_001,True,,defer_rules_or_pricing_evidence,high,Z-specific performance/wheel/suspension/aero/engine-cover/ground-effects logic needs rule/pricing evidence before approval.,deferred,False,,,,defer_rules_or_pricing_evidence: Z-specific performance/wheel/suspension/aero/engine-cover/ground-effects logic needs rule/pricing evidence before approval.
zr1x,opt_36s_001,70,36S,36S,,"Competition Yellow custom leather stitch, includes seats, instrument panel, doors and console",zr1_zr1x_intextmec_raw,zr1_zr1x_intextmec_raw:198-201,needs_section_review,False,sec_cust_002,Custom Stitch,,sec_cust_002,,,,,1lz_s07=unavailable; 3lz_s07=available; 1lz_s67=unavailable; 3lz_s67=available,,True,True,sec_cust_002,True,,defer_interior_structure,high,"Interior/custom trim/stitching semantics should be closed in the interiors pass, not mass-approved during option closure.",deferred,False,,,,"defer_interior_structure: Interior/custom trim/stitching semantics should be closed in the interiors pass, not mass-approved during option closure."
zr1x,opt_37s_001,78,37S,37S,,"Santorini Blue custom leather stitch, includes seats, instrument panel, doors and console",zr1_zr1x_intextmec_raw,zr1_zr1x_intextmec_raw:190-193,needs_section_review,False,sec_cust_002,Custom Stitch,,sec_cust_002,,,,,1lz_s07=unavailable; 3lz_s07=available; 1lz_s67=unavailable; 3lz_s67=available,,True,True,sec_cust_002,True,,defer_interior_structure,high,"Interior/custom trim/stitching semantics should be closed in the interiors pass, not mass-approved during option closure.",deferred,False,,,,"defer_interior_structure: Interior/custom trim/stitching semantics should be closed in the interiors pass, not mass-approved during option closure."
zr1x,opt_38s_001,84,38S,38S,,"Adrenaline Red custom leather stitch, includes seats, instrument panel, doors and console",zr1_zr1x_intextmec_raw,zr1_zr1x_intextmec_raw:194-197,needs_section_review,False,sec_cust_002,Custom Stitch,,sec_cust_002,,,,,1lz_s07=unavailable; 3lz_s07=available; 1lz_s67=unavailable; 3lz_s67=available,,True,True,sec_cust_002,True,,defer_interior_structure,high,"Interior/custom trim/stitching semantics should be closed in the interiors pass, not mass-approved during option closure.",deferred,False,,,,"defer_interior_structure: Interior/custom trim/stitching semantics should be closed in the interiors pass, not mass-approved during option closure."
zr1x,opt_510,128,,,,Air filtration system with pollen filter,zr1_zr1x_intextmec_raw,zr1_zr1x_intextmec_raw:15-15,needs_section_review,False,sec_stan_001,Standard Equipment,,sec_stan_001,,,,,1lz_s07=standard; 3lz_s07=standard; 1lz_s67=standard; 3lz_s67=standard,,True,True,sec_stan_001,False,,exclude_informational_standard_duplicate,low,No RPO standard-equipment disclosure appears informational rather than a selectable/source option row.,deferred,False,,,,exclude_informational_standard_duplicate: No RPO standard-equipment disclosure appears informational rather than a selectable/source option row.
zr1x,opt_530,130,,,,"Console, floor, 2 cup holders, auxiliary power outlet, 3 USB ports (2 type-C, 1 type-A), passenger grab handle and lockable storage",zr1_zr1x_intextmec_raw,zr1_zr1x_intextmec_raw:37-37,needs_section_review,False,sec_stan_001,Standard Equipment,,sec_stan_001,,,,,1lz_s07=standard; 3lz_s07=standard; 1lz_s67=standard; 3lz_s67=standard,,True,True,sec_stan_001,False,,exclude_informational_standard_duplicate,low,No RPO standard-equipment disclosure appears informational rather than a selectable/source option row.,deferred,False,,,,exclude_informational_standard_duplicate: No RPO standard-equipment disclosure appears informational rather than a selectable/source option row.
zr1x,opt_532,132,,,,"Cruise control, electronic with set and resume speed",zr1_zr1x_intextmec_raw,zr1_zr1x_intextmec_raw:38-38,needs_section_review,False,sec_stan_001,Standard Equipment,,sec_stan_001,,,,,1lz_s07=standard; 3lz_s07=standard; 1lz_s67=standard; 3lz_s67=standard,,True,True,sec_stan_001,False,,exclude_informational_standard_duplicate,low,No RPO standard-equipment disclosure appears informational rather than a selectable/source option row.,deferred,False,,,,exclude_informational_standard_duplicate: No RPO standard-equipment disclosure appears informational rather than a selectable/source option row.
zr1x,opt_536,134,,,,"Door locks, power programmable with lockout protection",zr1_zr1x_intextmec_raw,zr1_zr1x_intextmec_raw:40-40,needs_section_review,False,sec_stan_001,Standard Equipment,,sec_stan_001,,,,,1lz_s07=standard; 3lz_s07=standard; 1lz_s67=standard; 3lz_s67=standard,,True,True,sec_stan_001,False,,exclude_informational_standard_duplicate,low,No RPO standard-equipment disclosure appears informational rather than a selectable/source option row.,deferred,False,,,,exclude_informational_standard_duplicate: No RPO standard-equipment disclosure appears informational rather than a selectable/source option row.
zr1x,opt_538,136,,,,"Floor mats, carpeted",zr1_zr1x_intextmec_raw,zr1_zr1x_intextmec_raw:41-41,needs_section_review,False,sec_stan_001,Standard Equipment,,sec_stan_001,,,,,1lz_s07=standard; 3lz_s07=standard; 1lz_s67=standard; 3lz_s67=standard,,True,True,sec_stan_001,False,,exclude_informational_standard_duplicate,low,No RPO standard-equipment disclosure appears informational rather than a selectable/source option row.,deferred,False,,,,exclude_informational_standard_duplicate: No RPO standard-equipment disclosure appears informational rather than a selectable/source option row.
zr1x,opt_542,138,,,,"Hatch release, push button open",zr1_zr1x_intextmec_raw,zr1_zr1x_intextmec_raw:43-43,needs_section_review,False,sec_stan_001,Standard Equipment,,sec_stan_001,,,,,1lz_s07=standard; 3lz_s07=standard; 1lz_s67=unavailable; 3lz_s67=unavailable,,True,True,sec_stan_001,False,,exclude_informational_standard_duplicate,low,No RPO standard-equipment disclosure appears informational rather than a selectable/source option row.,deferred,False,,,,exclude_informational_standard_duplicate: No RPO standard-equipment disclosure appears informational rather than a selectable/source option row.
zr1x,opt_546,140,,,,"Keyless Open and Start, includes 2 remote transmitters that enable automatic door unlock and open by touching door switch",zr1_zr1x_intextmec_raw,zr1_zr1x_intextmec_raw:45-45,needs_section_review,False,sec_stan_001,Standard Equipment,,sec_stan_001,,,,,1lz_s07=standard; 3lz_s07=standard; 1lz_s67=standard; 3lz_s67=standard,,True,True,sec_stan_001,False,,exclude_informational_standard_duplicate,low,No RPO standard-equipment disclosure appears informational rather than a selectable/source option row.,deferred,False,,,,exclude_informational_standard_duplicate: No RPO standard-equipment disclosure appears informational rather than a selectable/source option row.
zr1x,opt_550,142,,,,"Lighting, interior, theater dimming",zr1_zr1x_intextmec_raw,zr1_zr1x_intextmec_raw:47-47,needs_section_review,False,sec_stan_001,Standard Equipment,,sec_stan_001,,,,,1lz_s07=standard; 3lz_s07=standard; 1lz_s67=standard; 3lz_s67=standard,,True,True,sec_stan_001,False,,defer_interior_structure,medium,"Interior/custom trim/stitching semantics should be closed in the interiors pass, not mass-approved during option closure.",deferred,False,,,,"defer_interior_structure: Interior/custom trim/stitching semantics should be closed in the interiors pass, not mass-approved during option closure."
zr1x,opt_614,157,,,,Remote vehicle starter system,zr1_zr1x_intextmec_raw,zr1_zr1x_intextmec_raw:130-130,needs_section_review,False,sec_stan_001,Standard Equipment,,sec_stan_001,,,,,1lz_s07=standard; 3lz_s07=standard; 1lz_s67=standard; 3lz_s67=standard,,True,True,sec_stan_001,False,,exclude_informational_standard_duplicate,low,No RPO standard-equipment disclosure appears informational rather than a selectable/source option row.,deferred,False,,,,exclude_informational_standard_duplicate: No RPO standard-equipment disclosure appears informational rather than a selectable/source option row.
zr1x,opt_664,159,,,,"Steering wheel controls, audio, voice recognition, cruise and Driver Information Center",zr1_zr1x_intextmec_raw,zr1_zr1x_intextmec_raw:189-189,needs_section_review,False,sec_stan_001,Standard Equipment,,sec_stan_001,,,,,1lz_s07=standard; 3lz_s07=standard; 1lz_s67=standard; 3lz_s67=standard,,True,True,sec_stan_001,False,,exclude_informational_standard_duplicate,low,No RPO standard-equipment disclosure appears informational rather than a selectable/source option row.,deferred,False,,,,exclude_informational_standard_duplicate: No RPO standard-equipment disclosure appears informational rather than a selectable/source option row.
zr1x,opt_674,161,,,,"Custom Leather Wrapped Interior Package, features leather-wrapped upper instrument panel, door trim panels and console",zr1_zr1x_intextmec_raw,zr1_zr1x_intextmec_raw:203-206,needs_section_review,False,sec_3lte_001,3LT Equipment,,sec_3lte_001,,,,,1lz_s07=unavailable; 3lz_s07=standard; 1lz_s67=unavailable; 3lz_s67=standard,,True,True,sec_3lte_001,False,,defer_interior_structure,medium,"Interior/custom trim/stitching semantics should be closed in the interiors pass, not mass-approved during option closure.",deferred,False,,,,"defer_interior_structure: Interior/custom trim/stitching semantics should be closed in the interiors pass, not mass-approved during option closure."
zr1x,opt_684,163,,,,"Theft-deterrent system, vehicle, push button start, immobilizer and audible visual alarm",zr1_zr1x_intextmec_raw,zr1_zr1x_intextmec_raw:214-214,needs_section_review,False,sec_stan_001,Standard Equipment,,sec_stan_001,,,,,1lz_s07=standard; 3lz_s07=standard; 1lz_s67=standard; 3lz_s67=standard,,True,True,sec_stan_001,False,,exclude_informational_standard_duplicate,low,No RPO standard-equipment disclosure appears informational rather than a selectable/source option row.,deferred,False,,,,exclude_informational_standard_duplicate: No RPO standard-equipment disclosure appears informational rather than a selectable/source option row.
zr1x,opt_692,165,,,,"Trunk release, push button open",zr1_zr1x_intextmec_raw,zr1_zr1x_intextmec_raw:218-218,needs_section_review,False,sec_stan_001,Standard Equipment,,sec_stan_001,,,,,1lz_s07=unavailable; 3lz_s07=unavailable; 1lz_s67=standard; 3lz_s67=standard,,True,True,sec_stan_001,False,,exclude_informational_standard_duplicate,low,No RPO standard-equipment disclosure appears informational rather than a selectable/source option row.,deferred,False,,,,exclude_informational_standard_duplicate: No RPO standard-equipment disclosure appears informational rather than a selectable/source option row.
zr1x,opt_698,167,,,,"Visors, driver and passenger illuminated vanity mirrors, covered",zr1_zr1x_intextmec_raw,zr1_zr1x_intextmec_raw:221-221,needs_section_review,False,sec_stan_001,Standard Equipment,,sec_stan_001,,,,,1lz_s07=standard; 3lz_s07=standard; 1lz_s67=standard; 3lz_s67=standard,,True,True,sec_stan_001,False,,exclude_informational_standard_duplicate,low,No RPO standard-equipment disclosure appears informational rather than a selectable/source option row.,deferred,False,,,,exclude_informational_standard_duplicate: No RPO standard-equipment disclosure appears informational rather than a selectable/source option row.
zr1x,opt_700,169,,,,"Windows, power with driver and passenger Express-Down/Up",zr1_zr1x_intextmec_raw,zr1_zr1x_intextmec_raw:222-222,needs_section_review,False,sec_stan_001,Standard Equipment,,sec_stan_001,,,,,1lz_s07=standard; 3lz_s07=standard; 1lz_s67=standard; 3lz_s67=standard,,True,True,sec_stan_001,False,,exclude_informational_standard_duplicate,low,No RPO standard-equipment disclosure appears informational rather than a selectable/source option row.,deferred,False,,,,exclude_informational_standard_duplicate: No RPO standard-equipment disclosure appears informational rather than a selectable/source option row.
zr1x,opt_708,171,,,,"Antenna, integral front and rear",zr1_zr1x_intextmec_raw,zr1_zr1x_intextmec_raw:226-226,needs_section_review,False,sec_stan_001,Standard Equipment,,sec_stan_001,,,,,1lz_s07=standard; 3lz_s07=standard; 1lz_s67=standard; 3lz_s67=standard,,True,True,sec_stan_001,False,,exclude_informational_standard_duplicate,low,No RPO standard-equipment disclosure appears informational rather than a selectable/source option row.,deferred,False,,,,exclude_informational_standard_duplicate: No RPO standard-equipment disclosure appears informational rather than a selectable/source option row.
zr1x,opt_724,179,,,,Daytime running lamps,zr1_zr1x_intextmec_raw,zr1_zr1x_intextmec_raw:240-240,needs_section_review,False,sec_stan_001,Standard Equipment,,sec_stan_001,,,,,1lz_s07=standard; 3lz_s07=standard; 1lz_s67=standard; 3lz_s67=standard,,True,True,sec_stan_001,False,,exclude_informational_standard_duplicate,low,No RPO standard-equipment disclosure appears informational rather than a selectable/source option row.,deferred,False,,,,exclude_informational_standard_duplicate: No RPO standard-equipment disclosure appears informational rather than a selectable/source option row.
zr1x,opt_732,181,,,,"Glass, Solar-Ray light-tinted",zr1_zr1x_intextmec_raw,zr1_zr1x_intextmec_raw:247-247,needs_section_review,False,sec_stan_001,Standard Equipment,,sec_stan_001,,,,,1lz_s07=standard; 3lz_s07=standard; 1lz_s67=standard; 3lz_s67=standard,,True,True,sec_stan_001,False,,exclude_informational_standard_duplicate,low,No RPO standard-equipment disclosure appears informational rather than a selectable/source option row.,deferred,False,,,,exclude_informational_standard_duplicate: No RPO standard-equipment disclosure appears informational rather than a selectable/source option row.
zr1x,opt_850,183,,,,"Wipers, front intermittent",zr1_zr1x_intextmec_raw,zr1_zr1x_intextmec_raw:401-401,needs_section_review,False,sec_stan_001,Standard Equipment,,sec_stan_001,,,,,1lz_s07=standard; 3lz_s07=standard; 1lz_s67=standard; 3lz_s67=standard,,True,True,sec_stan_001,False,,exclude_informational_standard_duplicate,low,No RPO standard-equipment disclosure appears informational rather than a selectable/source option row.,deferred,False,,,,exclude_informational_standard_duplicate: No RPO standard-equipment disclosure appears informational rather than a selectable/source option row.
zr1x,opt_852,185,,,,"Active handling stability control, improves traction and enhances vehicle stability",zr1_zr1x_intextmec_raw,zr1_zr1x_intextmec_raw:402-402,needs_section_review,False,sec_stan_001,Standard Equipment,,sec_stan_001,,,,,1lz_s07=standard; 3lz_s07=standard; 1lz_s67=standard; 3lz_s67=standard,,True,True,sec_stan_001,False,,exclude_informational_standard_duplicate,low,No RPO standard-equipment disclosure appears informational rather than a selectable/source option row.,deferred,False,,,,exclude_informational_standard_duplicate: No RPO standard-equipment disclosure appears informational rather than a selectable/source option row.
zr1x,opt_864,187,,,,NEW!Intersection Automatic Emergency Braking,zr1_zr1x_intextmec_raw,zr1_zr1x_intextmec_raw:414-414,needs_section_review,False,sec_stan_001,Standard Equipment,,sec_stan_001,,,,,1lz_s07=standard; 3lz_s07=standard; 1lz_s67=standard; 3lz_s67=standard,,True,True,sec_stan_001,False,,exclude_informational_standard_duplicate,low,No RPO standard-equipment disclosure appears informational rather than a selectable/source option row.,deferred,False,,,,exclude_informational_standard_duplicate: No RPO standard-equipment disclosure appears informational rather than a selectable/source option row.
zr1x,opt_912,189,,,,"Frame, aluminum structure",zr1_zr1x_intextmec_raw,zr1_zr1x_intextmec_raw:447-447,needs_section_review,False,sec_stan_001,Standard Equipment,,sec_stan_001,,,,,1lz_s07=standard; 3lz_s07=standard; 1lz_s67=standard; 3lz_s67=standard,,True,True,sec_stan_001,False,,exclude_informational_standard_duplicate,low,No RPO standard-equipment disclosure appears informational rather than a selectable/source option row.,deferred,False,,,,exclude_informational_standard_duplicate: No RPO standard-equipment disclosure appears informational rather than a selectable/source option row.
zr1x,opt_922,191,,,,Oil life monitoring system,zr1_zr1x_intextmec_raw,zr1_zr1x_intextmec_raw:455-455,needs_section_review,False,sec_stan_001,Standard Equipment,,sec_stan_001,,,,,1lz_s07=standard; 3lz_s07=standard; 1lz_s67=standard; 3lz_s67=standard,,True,True,sec_stan_001,False,,exclude_informational_standard_duplicate,low,No RPO standard-equipment disclosure appears informational rather than a selectable/source option row.,deferred,False,,,,exclude_informational_standard_duplicate: No RPO standard-equipment disclosure appears informational rather than a selectable/source option row.
zr1x,opt_928,193,,,,"Steering, power, electric, speed-sensitive, rack-and-pinion, variable ratio",zr1_zr1x_intextmec_raw,zr1_zr1x_intextmec_raw:458-458,needs_section_review,False,sec_stan_001,Standard Equipment,,sec_stan_001,,,,,1lz_s07=standard; 3lz_s07=standard; 1lz_s67=standard; 3lz_s67=standard,,True,True,sec_stan_001,False,,exclude_informational_standard_duplicate,low,No RPO standard-equipment disclosure appears informational rather than a selectable/source option row.,deferred,False,,,,exclude_informational_standard_duplicate: No RPO standard-equipment disclosure appears informational rather than a selectable/source option row.
zr1x,opt_938,195,,,,"Traction control, all-speed",zr1_zr1x_intextmec_raw,zr1_zr1x_intextmec_raw:469-469,needs_section_review,False,sec_stan_001,Standard Equipment,,sec_stan_001,,,,,1lz_s07=standard; 3lz_s07=standard; 1lz_s67=standard; 3lz_s67=standard,,True,True,sec_stan_001,False,,exclude_informational_standard_duplicate,low,No RPO standard-equipment disclosure appears informational rather than a selectable/source option row.,deferred,False,,,,exclude_informational_standard_duplicate: No RPO standard-equipment disclosure appears informational rather than a selectable/source option row.
zr1x,opt_cfc_002,282,CFC,,CFC,"Convertible top, retractable, power-folding hard top, visible carbon fiber, remote control (down only), includes power glass rear window with integral defogger; Nacelles, A-pillars, and header are Carbon-Flash painted (body-color when (GBA) Black exterior color is selected)",zr1_zr1x_intextmec_raw,zr1_zr1x_intextmec_raw:231-231,needs_section_review,False,sec_stan_001,Standard Equipment,,sec_stan_001,,,,,1lz_s07=unavailable; 3lz_s07=unavailable; 1lz_s67=standard; 3lz_s67=standard,,True,True,sec_stan_001,False,,needs_human_decision,medium,"Has an RPO and a candidate section, but source evidence needs human confirmation before approval.",deferred,False,,,,"needs_human_decision_phase_2b: Has an RPO and a candidate section, but source evidence needs human confirmation before approval."
zr1x,opt_cfv_002,289,CFV,,CFV,"Ground effects, visible carbon fiber",zr1_zr1x_intextmec_raw,zr1_zr1x_intextmec_raw:248-248,needs_section_review,False,sec_stan_001,Standard Equipment,,sec_stan_001,,,,,1lz_s07=standard; 3lz_s07=standard; 1lz_s67=standard; 3lz_s67=standard,,True,True,sec_stan_001,False,,needs_human_decision,medium,"Has an RPO and a candidate section, but source evidence needs human confirmation before approval.",deferred,False,,,,"needs_human_decision_phase_2b: Has an RPO and a candidate section, but source evidence needs human confirmation before approval."
zr1x,opt_dtb_001,346,DTB,DTB,,Electric Blue Full Length Dual Racing Stripes,zr1_zr1x_intextmec_raw,zr1_zr1x_intextmec_raw:373-376,needs_section_review,False,sec_stri_001,Stripes,,sec_stri_001,,,,,1lz_s07=available; 3lz_s07=available; 1lz_s67=available; 3lz_s67=available,,True,True,sec_stri_001,True,,defer_rules_or_pricing_evidence,high,Z-specific performance/wheel/suspension/aero/engine-cover/ground-effects logic needs rule/pricing evidence before approval.,deferred,False,,,,defer_rules_or_pricing_evidence: Z-specific performance/wheel/suspension/aero/engine-cover/ground-effects logic needs rule/pricing evidence before approval.
zr1x,opt_dy0_002,373,DY0,,DY0,"Display hood, Carbon Fiber, located above the Driver Information Center display",zr1_zr1x_intextmec_raw,zr1_zr1x_intextmec_raw:39-39,needs_section_review,False,sec_stan_001,Standard Equipment,,sec_stan_001,,,,,1lz_s07=standard; 3lz_s07=standard; 1lz_s67=standard; 3lz_s67=standard,,True,True,sec_stan_001,False,,needs_human_decision,medium,"Has an RPO and a candidate section, but source evidence needs human confirmation before approval.",deferred,False,,,,"needs_human_decision_phase_2b: Has an RPO and a candidate section, but source evidence needs human confirmation before approval."
zr1x,opt_etv_001,395,ETV,ETV,,"Exterior trim, carbon fiber split window trim, painted body-color",zr1_zr1x_intextmec_raw,zr1_zr1x_intextmec_raw:245-245,needs_section_review,False,sec_engi_001,Engine Appearance,,sec_engi_001,,,,,1lz_s07=available; 3lz_s07=available; 1lz_s67=unavailable; 3lz_s67=unavailable,,True,True,sec_engi_001,True,,defer_rules_or_pricing_evidence,high,Z-specific performance/wheel/suspension/aero/engine-cover/ground-effects logic needs rule/pricing evidence before approval.,deferred,False,,,,defer_rules_or_pricing_evidence: Z-specific performance/wheel/suspension/aero/engine-cover/ground-effects logic needs rule/pricing evidence before approval.
zr1x,opt_fa6_001,410,FA6,FA6,,"Trim, interior, level 2, carbon fiber instrument panel trim, cluster-surround and console/door inserts",zr1_zr1x_intextmec_raw,zr1_zr1x_intextmec_raw:209-212,needs_section_review,False,sec_inte_001,Interior Trim,,sec_inte_001,,,,,1lz_s07=unavailable; 3lz_s07=available; 1lz_s67=unavailable; 3lz_s67=available,,True,True,sec_inte_001,True,,defer_interior_structure,medium,"Interior/custom trim/stitching semantics should be closed in the interiors pass, not mass-approved during option closure.",deferred,False,,,,"defer_interior_structure: Interior/custom trim/stitching semantics should be closed in the interiors pass, not mass-approved during option closure."
zr1x,opt_feh_002,421,FEH,,FEH,"Suspension, performance with Magnetic Selective Ride Control",zr1_zr1x_intextmec_raw,zr1_zr1x_intextmec_raw:464-464,needs_section_review,False,sec_susp_001,Suspension,,sec_susp_001,,,,,1lz_s07=standard; 3lz_s07=standard; 1lz_s67=standard; 3lz_s67=standard,,True,True,sec_susp_001,False,,defer_rules_or_pricing_evidence,high,Z-specific performance/wheel/suspension/aero/engine-cover/ground-effects logic needs rule/pricing evidence before approval.,deferred,False,,,,defer_rules_or_pricing_evidence: Z-specific performance/wheel/suspension/aero/engine-cover/ground-effects logic needs rule/pricing evidence before approval.
zr1x,opt_fez_001,425,FEZ,,FEZ,"Suspension, ZTK with Magnetic Selective Ride Control",zr1_zr1x_intextmec_raw,zr1_zr1x_intextmec_raw:465-468,needs_section_review,False,sec_susp_001,Suspension,,sec_susp_001,,,,,1lz_s07=available; 3lz_s07=available; 1lz_s67=available; 3lz_s67=available,,True,True,sec_susp_001,False,,defer_rules_or_pricing_evidence,high,Z-specific performance/wheel/suspension/aero/engine-cover/ground-effects logic needs rule/pricing evidence before approval.,deferred,False,,,,defer_rules_or_pricing_evidence: Z-specific performance/wheel/suspension/aero/engine-cover/ground-effects logic needs rule/pricing evidence before approval.
zr1x,opt_hp1_002,434,HP1,,HP1,"Front axle, electrified propulsion (186 hp [138.7 kW], 145 lb-ft of front torque [196.6 N-m]). 1250 (932.1 kW) total combined hp with LT7 engine",zr1_zr1x_intextmec_raw,zr1_zr1x_intextmec_raw:438-438,needs_section_review,False,sec_stan_001,Standard Equipment,,sec_stan_001,,,,,1lz_s07=standard; 3lz_s07=standard; 1lz_s67=standard; 3lz_s67=standard,,True,True,sec_stan_001,False,,defer_rules_or_pricing_evidence,high,Z-specific performance/wheel/suspension/aero/engine-cover/ground-effects logic needs rule/pricing evidence before approval.,deferred,False,,,,defer_rules_or_pricing_evidence: Z-specific performance/wheel/suspension/aero/engine-cover/ground-effects logic needs rule/pricing evidence before approval.
zr1x,opt_j59_002,453,J59,,J59,"Brakes, 4-wheel antilock, 4-wheel disc, carbon ceramic, 10-piston front, 6-piston rear",zr1_zr1x_intextmec_raw,zr1_zr1x_intextmec_raw:408-411,needs_section_review,False,sec_stan_001,Standard Equipment,,sec_stan_001,,,,,1lz_s07=standard; 3lz_s07=standard; 1lz_s67=standard; 3lz_s67=standard,,True,True,sec_stan_001,False,,defer_rules_or_pricing_evidence,high,Z-specific performance/wheel/suspension/aero/engine-cover/ground-effects logic needs rule/pricing evidence before approval.,deferred,False,,,,defer_rules_or_pricing_evidence: Z-specific performance/wheel/suspension/aero/engine-cover/ground-effects logic needs rule/pricing evidence before approval.
zr1x,opt_j6o_001,478,J6O,J6O,,"Calipers, Bronze-painted",zr1_zr1x_intextmec_raw,zr1_zr1x_intextmec_raw:421-421,needs_section_review,False,sec_cali_001,Caliper Color,,sec_cali_001,,,,,1lz_s07=available; 3lz_s07=available; 1lz_s67=available; 3lz_s67=available,,True,True,sec_cali_001,True,,defer_interior_structure,medium,"Interior/custom trim/stitching semantics should be closed in the interiors pass, not mass-approved during option closure.",deferred,False,,,,"defer_interior_structure: Interior/custom trim/stitching semantics should be closed in the interiors pass, not mass-approved during option closure."
zr1x,opt_lt7_002,499,LT7,,LT7,"Engine, 5.5L V8 Twin Turbo, TPI, DI, high-output, Variable Valve Timing (VVT) (1064 hp [793 kW] @ 7000 rpm, 828 lb-ft of torque [1123 N-m] @ 6000 rpm)",zr1_zr1x_intextmec_raw,zr1_zr1x_intextmec_raw:437-437,needs_section_review,False,sec_stan_001,Standard Equipment,,sec_stan_001,,,,,1lz_s07=standard; 3lz_s07=standard; 1lz_s67=standard; 3lz_s67=standard,,True,True,sec_stan_001,False,,defer_rules_or_pricing_evidence,high,Z-specific performance/wheel/suspension/aero/engine-cover/ground-effects logic needs rule/pricing evidence before approval.,deferred,False,,,,defer_rules_or_pricing_evidence: Z-specific performance/wheel/suspension/aero/engine-cover/ground-effects logic needs rule/pricing evidence before approval.
zr1x,opt_mlp_002,507,MLP,,MLP,"Transmission, 8-speed dual clutch, includes manual and auto modes",zr1_zr1x_intextmec_raw,zr1_zr1x_intextmec_raw:471-471,needs_section_review,False,sec_stan_001,Standard Equipment,,sec_stan_001,,,,,1lz_s07=standard; 3lz_s07=standard; 1lz_s67=standard; 3lz_s67=standard,,True,True,sec_stan_001,False,,defer_rules_or_pricing_evidence,high,Z-specific performance/wheel/suspension/aero/engine-cover/ground-effects logic needs rule/pricing evidence before approval.,deferred,False,,,,defer_rules_or_pricing_evidence: Z-specific performance/wheel/suspension/aero/engine-cover/ground-effects logic needs rule/pricing evidence before approval.
zr1x,opt_n26_001,510,N26,N26,,"Steering wheel, sueded microfiber-wrapped",zr1_zr1x_intextmec_raw,zr1_zr1x_intextmec_raw:180-183,needs_section_review,False,sec_inte_001,Interior Trim,,sec_inte_001,,,,,1lz_s07=available; 3lz_s07=unavailable; 1lz_s67=available; 3lz_s67=unavailable,,True,True,sec_inte_001,True,,defer_interior_structure,medium,"Interior/custom trim/stitching semantics should be closed in the interiors pass, not mass-approved during option closure.",deferred,False,,,,"defer_interior_structure: Interior/custom trim/stitching semantics should be closed in the interiors pass, not mass-approved during option closure."
zr1x,opt_n2z_001,513,N2Z,N2Z,,"Steering wheel, carbon fiber and sueded microfiber-wrapped",zr1_zr1x_intextmec_raw,zr1_zr1x_intextmec_raw:184-187,needs_section_review,False,sec_inte_001,Interior Trim,,sec_inte_001,,,,,1lz_s07=unavailable; 3lz_s07=available; 1lz_s67=unavailable; 3lz_s67=available,,True,True,sec_inte_001,True,,defer_interior_structure,medium,"Interior/custom trim/stitching semantics should be closed in the interiors pass, not mass-approved during option closure.",deferred,False,,,,"defer_interior_structure: Interior/custom trim/stitching semantics should be closed in the interiors pass, not mass-approved during option closure."
zr1x,opt_n3w_002,525,N3W,,N3W,"Steering wheel, carbon fiber and leather-wrapped",zr1_zr1x_intextmec_raw,zr1_zr1x_intextmec_raw:179-179,needs_section_review,False,sec_inte_001,Interior Trim,,sec_inte_001,,,,,1lz_s07=unavailable; 3lz_s07=standard; 1lz_s67=unavailable; 3lz_s67=standard,,True,True,sec_inte_001,False,,defer_interior_structure,medium,"Interior/custom trim/stitching semantics should be closed in the interiors pass, not mass-approved during option closure.",deferred,False,,,,"defer_interior_structure: Interior/custom trim/stitching semantics should be closed in the interiors pass, not mass-approved during option closure."
zr1x,opt_pbc_001,549,PBC,PBC,,Customer Engine Build Program,zr1_zr1x_intextmec_raw,zr1_zr1x_intextmec_raw:439-439,needs_section_review,False,sec_cust_001,Custom Delivery,,sec_cust_001,,,,,1lz_s07=available; 3lz_s07=available; 1lz_s67=available; 3lz_s67=available,,True,True,sec_cust_001,True,,defer_interior_structure,medium,"Interior/custom trim/stitching semantics should be closed in the interiors pass, not mass-approved during option closure.",deferred,False,,,,"defer_interior_structure: Interior/custom trim/stitching semantics should be closed in the interiors pass, not mass-approved during option closure."
zr1x,opt_r8e_002,587,R8E,,R8E,"Gas guzzler tax, mandatory federal tax added to price of vehicle",zr1_zr1x_intextmec_raw,zr1_zr1x_intextmec_raw:448-448,needs_section_review,False,sec_incl_001,Included,,sec_incl_001,,,,,1lz_s07=standard; 3lz_s07=standard; 1lz_s67=standard; 3lz_s67=standard,,True,True,sec_incl_001,False,,needs_human_decision,medium,"Has an RPO and a candidate section, but source evidence needs human confirmation before approval.",deferred,False,,,,"needs_human_decision_phase_2b: Has an RPO and a candidate section, but source evidence needs human confirmation before approval."
zr1x,opt_sb9_001,625,SB9,SB9,,"NEW!LPO, Hood and Roof Decal Package, Genuine Corvette Accessory",zr1_zr1x_intextmec_raw,zr1_zr1x_intextmec_raw:271-274,needs_section_review,False,sec_stri_001,Stripes,,sec_stri_001,,,,,1lz_s07=available; 3lz_s07=available; 1lz_s67=available; 3lz_s67=available,,True,True,sec_stri_001,True,,defer_rules_or_pricing_evidence,high,Z-specific performance/wheel/suspension/aero/engine-cover/ground-effects logic needs rule/pricing evidence before approval.,deferred,False,,,,defer_rules_or_pricing_evidence: Z-specific performance/wheel/suspension/aero/engine-cover/ground-effects logic needs rule/pricing evidence before approval.
zr1x,opt_sof_001,666,SOF,SOF,,"Wheels, 20"" x 10"" (50.8 cm x 25.4 cm) front and 21"" x 13"" (53.3 cm x 33 cm) rear 20-spoke, Edge Blue-painted forged aluminum",zr1_zr1x_intextmec_raw,zr1_zr1x_intextmec_raw:397-397,needs_section_review,False,sec_whee_002,Wheels,,sec_whee_002,,,,,1lz_s07=available; 3lz_s07=available; 1lz_s67=available; 3lz_s67=available,,True,True,sec_whee_002,True,,defer_rules_or_pricing_evidence,high,Z-specific performance/wheel/suspension/aero/engine-cover/ground-effects logic needs rule/pricing evidence before approval.,deferred,False,,,,defer_rules_or_pricing_evidence: Z-specific performance/wheel/suspension/aero/engine-cover/ground-effects logic needs rule/pricing evidence before approval.
zr1x,opt_sog_001,668,SOG,SOG,,"Wheels, 20"" x 10"" (50.8 cm x 25.4 cm) front and 21"" x 13"" (53.3 cm x 33 cm) rear 20-spoke, Carbon Flash-painted forged aluminum",zr1_zr1x_intextmec_raw,zr1_zr1x_intextmec_raw:398-398,needs_section_review,False,sec_whee_002,Wheels,,sec_whee_002,,,,,1lz_s07=available; 3lz_s07=available; 1lz_s67=available; 3lz_s67=available,,True,True,sec_whee_002,True,,defer_rules_or_pricing_evidence,high,Z-specific performance/wheel/suspension/aero/engine-cover/ground-effects logic needs rule/pricing evidence before approval.,deferred,False,,,,defer_rules_or_pricing_evidence: Z-specific performance/wheel/suspension/aero/engine-cover/ground-effects logic needs rule/pricing evidence before approval.
zr1x,opt_soh_001,670,SOH,SOH,,"Wheels, 20"" x 10"" (50.8 cm x 25.4 cm) front and 21"" x 13"" (53.3 cm x 33 cm) rear 20-spoke, Bright machined forged aluminum",zr1_zr1x_intextmec_raw,zr1_zr1x_intextmec_raw:399-399,needs_section_review,False,sec_whee_002,Wheels,,sec_whee_002,,,,,1lz_s07=available; 3lz_s07=available; 1lz_s67=available; 3lz_s67=available,,True,True,sec_whee_002,True,,defer_rules_or_pricing_evidence,high,Z-specific performance/wheel/suspension/aero/engine-cover/ground-effects logic needs rule/pricing evidence before approval.,deferred,False,,,,defer_rules_or_pricing_evidence: Z-specific performance/wheel/suspension/aero/engine-cover/ground-effects logic needs rule/pricing evidence before approval.
zr1x,opt_soj_002,674,SOJ,,SOJ,"Wheels, 20"" x 10"" (50.8 cm x 25.4 cm) front and 21"" x 13"" (53.3 cm x 33 cm) rear 20-spoke, Sterling Silver-painted forged aluminum",zr1_zr1x_intextmec_raw,zr1_zr1x_intextmec_raw:396-396,needs_section_review,False,sec_whee_002,Wheels,,sec_whee_002,,,,,1lz_s07=standard; 3lz_s07=standard; 1lz_s67=standard; 3lz_s67=standard,,True,True,sec_whee_002,True,default_selected,defer_rules_or_pricing_evidence,high,Z-specific performance/wheel/suspension/aero/engine-cover/ground-effects logic needs rule/pricing evidence before approval.,deferred,False,,,,defer_rules_or_pricing_evidence: Z-specific performance/wheel/suspension/aero/engine-cover/ground-effects logic needs rule/pricing evidence before approval.
zr1x,opt_su1_001,688,SU1,SU1,,"Wheels, 20"" x 10"" (50.8 cm x 25.4 cm) front and 21"" x 13"" (53.3 cm x 33 cm) rear 10-spoke, visible carbon fiber",zr1_zr1x_intextmec_raw,zr1_zr1x_intextmec_raw:400-400,needs_section_review,False,sec_whee_002,Wheels,,sec_whee_002,,,,,1lz_s07=available; 3lz_s07=available; 1lz_s67=available; 3lz_s67=available,,True,True,sec_whee_002,True,,defer_rules_or_pricing_evidence,high,Z-specific performance/wheel/suspension/aero/engine-cover/ground-effects logic needs rule/pricing evidence before approval.,deferred,False,,,,defer_rules_or_pricing_evidence: Z-specific performance/wheel/suspension/aero/engine-cover/ground-effects logic needs rule/pricing evidence before approval.
zr1x,opt_tom_002,719,TOM,TOM,,"ZR1X Carbon Fiber Aero Package, visible carbon fiber, includes carbon fiber high-wing spoiler, dive planes, and tall hood spoiler",zr1_zr1x_intextmec_raw,zr1_zr1x_intextmec_raw:228-228,needs_section_review,False,sec_perf_aero_001,Aero Packages,,sec_perf_aero_001,,,,,1lz_s07=available; 3lz_s07=available; 1lz_s67=available; 3lz_s67=available,,True,True,sec_perf_aero_001,True,,defer_rules_or_pricing_evidence,high,Z-specific performance/wheel/suspension/aero/engine-cover/ground-effects logic needs rule/pricing evidence before approval.,deferred,False,,,,defer_rules_or_pricing_evidence: Z-specific performance/wheel/suspension/aero/engine-cover/ground-effects logic needs rule/pricing evidence before approval.
zr1x,opt_tu7_001,731,TU7,TU7,,"Seats, two-tone",zr1_zr1x_intextmec_raw,zr1_zr1x_intextmec_raw:166-169,needs_section_review,False,sec_inte_001,Interior Trim,,sec_inte_001,,,,,1lz_s07=unavailable; 3lz_s07=available; 1lz_s67=unavailable; 3lz_s67=available,,True,True,sec_inte_001,True,,defer_interior_structure,medium,"Interior/custom trim/stitching semantics should be closed in the interiors pass, not mass-approved during option closure.",deferred,False,,,,"defer_interior_structure: Interior/custom trim/stitching semantics should be closed in the interiors pass, not mass-approved during option closure."
zr1x,opt_u2k_002,737,U2K,,U2K,SiriusXM with 360L Trial Subscription. SiriusXM with 360L transforms your customers' ride with our most extensive and personalized radio experience on the road.,zr1_zr1x_intextmec_raw,zr1_zr1x_intextmec_raw:19-22,needs_section_review,False,sec_tech_001,Technology,,sec_tech_001,,,,,1lz_s07=standard; 3lz_s07=standard; 1lz_s67=standard; 3lz_s67=standard,,True,True,sec_tech_001,False,,needs_human_decision,medium,"Has an RPO and a candidate section, but source evidence needs human confirmation before approval.",deferred,False,,,,"needs_human_decision_phase_2b: Has an RPO and a candidate section, but source evidence needs human confirmation before approval."
zr1x,opt_u5g_002,743,U5G,,U5G,5G vehicle connectivity,zr1_zr1x_intextmec_raw,zr1_zr1x_intextmec_raw:103-106,needs_section_review,False,sec_tech_001,Technology,,sec_tech_001,,,,,1lz_s07=standard; 3lz_s07=standard; 1lz_s67=standard; 3lz_s67=standard,,True,True,sec_tech_001,False,,needs_human_decision,medium,"Has an RPO and a candidate section, but source evidence needs human confirmation before approval.",deferred,False,,,,"needs_human_decision_phase_2b: Has an RPO and a candidate section, but source evidence needs human confirmation before approval."
zr1x,opt_ue1_002,761,UE1,,UE1,OnStar services capable,zr1_zr1x_intextmec_raw,zr1_zr1x_intextmec_raw:95-98,needs_section_review,False,sec_tech_001,Technology,,sec_tech_001,,,,,1lz_s07=standard; 3lz_s07=standard; 1lz_s67=standard; 3lz_s67=standard,,True,True,sec_tech_001,False,,needs_human_decision,medium,"Has an RPO and a candidate section, but source evidence needs human confirmation before approval.",deferred,False,,,,"needs_human_decision_phase_2b: Has an RPO and a candidate section, but source evidence needs human confirmation before approval."
zr1x,opt_v8x_001,836,V8X,V8X,,"LPO, Visible Carbon Fiber sill plates, with car silhouette logo, replaces factory sill plates, Genuine Corvette Accessory",zr1_zr1x_intextmec_raw,zr1_zr1x_intextmec_raw:77-80,needs_section_review,False,sec_lpoi_001,LPO Interior,,sec_lpoi_001,,,,,1lz_s07=unavailable; 3lz_s07=available; 1lz_s67=unavailable; 3lz_s67=available,,True,True,sec_lpoi_001,True,,defer_rules_or_pricing_evidence,high,Z-specific performance/wheel/suspension/aero/engine-cover/ground-effects logic needs rule/pricing evidence before approval.,deferred,False,,,,defer_rules_or_pricing_evidence: Z-specific performance/wheel/suspension/aero/engine-cover/ground-effects logic needs rule/pricing evidence before approval.
zr1x,opt_vk3_001,845,VK3,VK3,,"License plate bracket, front",zr1_zr1x_intextmec_raw,zr1_zr1x_intextmec_raw:255-258,needs_section_review,False,sec_cust_001,Custom Delivery,,sec_cust_001,,,,,1lz_s07=available; 3lz_s07=available; 1lz_s67=available; 3lz_s67=available,,True,True,sec_cust_001,True,,defer_interior_structure,medium,"Interior/custom trim/stitching semantics should be closed in the interiors pass, not mass-approved during option closure.",deferred,False,,,,"defer_interior_structure: Interior/custom trim/stitching semantics should be closed in the interiors pass, not mass-approved during option closure."
zr1x,opt_vv4_002,857,VV4,,VV4,Wi-Fi Hotspot capable,zr1_zr1x_intextmec_raw,zr1_zr1x_intextmec_raw:99-102,needs_section_review,False,sec_tech_001,Technology,,sec_tech_001,,,,,1lz_s07=standard; 3lz_s07=standard; 1lz_s67=standard; 3lz_s67=standard,,True,True,sec_tech_001,False,,needs_human_decision,medium,"Has an RPO and a candidate section, but source evidence needs human confirmation before approval.",deferred,False,,,,"needs_human_decision_phase_2b: Has an RPO and a candidate section, but source evidence needs human confirmation before approval."
zr1x,opt_ztk_001,891,ZTK,ZTK,,"ZTK Track Performance Package, includes (FEJ/FEZ) ZTK suspension with Magnetic Selective Ride Control and (XFS) 275/30ZR20 front and 345/25ZR21 rear Michelin Pilot Sport Cup 2 R ultra performance tires",zr1_zr1x_intextmec_raw,zr1_zr1x_intextmec_raw:472-476,needs_section_review,False,sec_perf_z52_001,Z52 Packages,,sec_perf_z52_001,10,,,,1lz_s07=available; 3lz_s07=available; 1lz_s67=available; 3lz_s67=available,,True,True,sec_perf_z52_001,True,,defer_rules_or_pricing_evidence,high,Z-specific performance/wheel/suspension/aero/engine-cover/ground-effects logic needs rule/pricing evidence before approval.,deferred,False,,,,defer_rules_or_pricing_evidence: Z-specific performance/wheel/suspension/aero/engine-cover/ground-effects logic needs rule/pricing evidence before approval.
