artifact_schema_version,source_workbook_sha256,model_key,group_type,group_id,current_fallback_label,source_sheet_row,active,customer_visible,audience,resolved_step_section,selection_behavior,member_count,members_ordered,notes,proposed_display_label,review_status,reviewer_note
1,b2df4eddc96b7f6e5cb2b55f57818d50bf285cb8c1b4641495595cb0b43f8a91,grand_sport,exclusive,gs_excl_ls6_engine_covers,Gs Excl Ls6 Engine Covers,grandSport_exclusive_groups!2,TRUE,TRUE,customer,sec_engi_001,single_within_group,4,BC7 Black LS6 Engine Cover; BCP Edge Red LS6 Engine Cover; BCS Sterling Silver LS6 Engine Cover; BC4 Blue LS6 Engine Cover,Grand Sport LS6 engine covers are mutually exclusive radio peers; Engine Appearance is not an open required section because selected packages provide covers through workbook rules.,LS6 Engine Covers,approved,
1,b2df4eddc96b7f6e5cb2b55f57818d50bf285cb8c1b4641495595cb0b43f8a91,grand_sport,exclusive,gs_excl_center_caps,Gs Excl Center Caps,grandSport_exclusive_groups!3,TRUE,TRUE,customer,sec_whee_001,single_within_group,3,5ZB Grand Sport Logo Wheel Center Caps; 5ZC Jake Logo Wheel Center Caps; 5ZD Carbon Flash Crossed Flags Wheel Center Caps,Grand Sport wheel center cap choices are mutually exclusive within the Wheel Accessory section.,Wheel Center Caps,approved,
1,b2df4eddc96b7f6e5cb2b55f57818d50bf285cb8c1b4641495595cb0b43f8a91,grand_sport,exclusive,gs_excl_indoor_car_covers,Gs Excl Indoor Car Covers,grandSport_exclusive_groups!4,TRUE,TRUE,customer,sec_lpoe_001,single_within_group,2,RWH Black Premium Indoor Car Cover; WKR GT3.R Premium Indoor Car Cover,Grand Sport indoor car cover choices are mutually exclusive within the LPO Exterior section.,Indoor Car Covers,approved,
1,b2df4eddc96b7f6e5cb2b55f57818d50bf285cb8c1b4641495595cb0b43f8a91,grand_sport,exclusive,gs_excl_rear_script_badges,Gs Excl Rear Script Badges,grandSport_exclusive_groups!5,TRUE,TRUE,customer,sec_lpoe_001,single_within_group,3,RIK Torch Red Rear Corvette Script Badge; RIN Arctic White Rear Corvette Script Badge; SL8 Edge Red Rear Corvette Script Badge,Rear Corvette script badge color choices are mutually exclusive within the LPO Exterior section.,Rear Corvette Script Badge Color,approved,
1,b2df4eddc96b7f6e5cb2b55f57818d50bf285cb8c1b4641495595cb0b43f8a91,grand_sport,exclusive,gs_excl_suede_compartment_liners,Gs Excl Suede Compartment Liners,grandSport_exclusive_groups!6,TRUE,TRUE,customer,sec_lpoi_001,single_within_group,3,SXB Black Suede Frunk and Trunk Liner; SXR Adrenaline Red Suede Frunk and Trunk Liner; SXT Natural Suede Frunk and Trunk Liner,Grand Sport suede frunk/trunk compartment liner choices are mutually exclusive within the LPO Interior section.,Suede Frunk and Trunk Liners,approved,
1,b2df4eddc96b7f6e5cb2b55f57818d50bf285cb8c1b4641495595cb0b43f8a91,grand_sport,exclusive,gs_excl_ground_effects,Gs Excl Ground Effects,grandSport_exclusive_groups!7,TRUE,TRUE,customer,sec_perf_ground_001,single_within_group,3,"CFL Extended Front Splitter, Carbon Flash; CFZ Carbon Flash Carbon Fiber Ground Effects; CFV Visible Carbon Fiber Ground Effects",Grand Sport ground effects choices are mutually exclusive; inactive members stay in the source for reactivation without appearing in draft output.,Ground Effects,approved,
1,b2df4eddc96b7f6e5cb2b55f57818d50bf285cb8c1b4641495595cb0b43f8a91,grand_sport,exclusive,gs_excl_z52_packages,Gs Excl Z52 Packages,grandSport_exclusive_groups!8,TRUE,TRUE,customer,sec_perf_z52_001,single_within_group,2,FEB Z52 Sport Performance Package; FEY Z52 Track Performance Package,Grand Sport Z52 Sport and Track Performance packages are mutually exclusive.,Z52 Performance Package,approved,
1,b2df4eddc96b7f6e5cb2b55f57818d50bf285cb8c1b4641495595cb0b43f8a91,grand_sport,exclusive,gs_excl_exterior_accents,Gs Excl Exterior Accents,grandSport_exclusive_groups!9,TRUE,TRUE,customer,sec_exte_001,required_single_within_group,2,EFR Carbon Flash Painted Accents; EDU Body-Color and Carbon Flash Accents,Grand Sport exterior accent choices require either EFR or EDU; selected default cannot be cleared without choosing the alternate accent package.,Exterior Accents,approved,
1,b2df4eddc96b7f6e5cb2b55f57818d50bf285cb8c1b4641495595cb0b43f8a91,grand_sport,exclusive,gs_excl_performance_brakes,Gs Excl Performance Brakes,grandSport_exclusive_groups!10,TRUE,TRUE,customer,sec_perf_brake_001,required_single_within_group,3,JX6 Low-Dust Touring Brakes; J56 Performance Disc Brakes; J57 Carbon Ceramic Brakes,Grand Sport brake choices require one active brake selection; selected default cannot be cleared without choosing another brake package.,Performance Brakes,approved,
1,b2df4eddc96b7f6e5cb2b55f57818d50bf285cb8c1b4641495595cb0b43f8a91,grand_sport,exclusive,gs_excl_exhaust_path,Gs Excl Exhaust Path,grandSport_exclusive_groups!11,TRUE,TRUE,customer,sec_exha_001,required_single_within_group,2,NGA Black Exhaust Tips; NWI Bright Chrome Exhaust Tips,NGA and NWI are mutually exclusive required exhaust-tip choices. NWI separately requires WUB; WUB is not an exhaust-tip peer.,Exhaust Tips,approved,
1,b2df4eddc96b7f6e5cb2b55f57818d50bf285cb8c1b4641495595cb0b43f8a91,grand_sport,exclusive,gs_excl_seat_belts,Gs Excl Seat Belts,grandSport_exclusive_groups!12,TRUE,TRUE,customer,sec_seat_001,single_within_group,6,719 Black Seat Belt Color; 3N9 Natural Seat Belt Color; 379 Orange Seat Belt Color; 3A9 Santorini Blue Seat Belt Color; 3F9 Torch Red Seat Belt Color; 3M9 Yellow Seat Belt Color,Grand Sport seatbelt colors are mutually exclusive; included 3LT interior seatbelts lock peers.,Seat Belt Color,approved,
1,b2df4eddc96b7f6e5cb2b55f57818d50bf285cb8c1b4641495595cb0b43f8a91,grand_sport,exclusive,gs_excl_performance_aero,Gs Excl Performance Aero,grandSport_exclusive_groups!13,TRUE,TRUE,customer,sec_perf_aero_001,required_single_within_group,3,T0E Low Rear Spoiler; T0F Carbon Flash-Painted Carbon Fiber Aero Package; 5ZV Carbon Flash Metallic Three-Stanchion High Wing Spoiler,"Grand Sport aero choices require one active aero selection; T0E, T0F, and 5ZV are alternate aero choices, while FEY-included T0F replaces the T0E default through generic group metadata.",Performance Aero,approved,
1,b2df4eddc96b7f6e5cb2b55f57818d50bf285cb8c1b4641495595cb0b43f8a91,grand_sport,rule,gs_group_z15_excludes_non_center_stripes,Z15 Grand Sport Heritage Graphics: excludes_any,grandSport_rule_groups!2,TRUE,FALSE,manager,sec_hash_001; sec_jake_001; sec_stri_001,excludes_any,21,source Z15 Grand Sport Heritage Graphics; targets DPB Carbon Flash/Blue Racing Stripes; DPC Carbon Flash/Yellow Racing Stripes; DPG Carbon Flash/Orange Racing Stripes; DPL Carbon Flash/Red Racing Stripes; DPT Carbon Flash/Silver Racing Stripes; DSY Edge Orange Racing Stripes; DSZ Edge Red Racing Stripes; DT0 Competition Yellow Racing Stripes; DTH Carbon Flash Metallic Racing Stripes; DUB Sterling Silver Racing Stripes; DUE Santorini Blue/Carbon Flash Racing Stripes; DUK Edge Red/Carbon Flash Racing Stripes; DUW Edge Blue Racing Stripes; DZU Carbon Flash/Competition Yellow Stinger Stripe; DZV Carbon Flash/Midnight Silver Stinger Stripe; DZX Carbon Flash/Edge Red Stinger Stripe; SHT Tech Bronze Jake Hood Graphic; VPO Tech Bronze Jake C8.R Rear Hash Graphic; PDA Jake C8.R Graphics Package; SNE Jake Hood Graphic; VPW Jake C8.R Rear Hash Graphic,Replaces repeated hash-mark conflict rows after grouped exclusions are wired in runtime.,Z15 Grand Sport Heritage Graphics — Stripe and Graphic Exclusions,approved,
1,b2df4eddc96b7f6e5cb2b55f57818d50bf285cb8c1b4641495595cb0b43f8a91,grand_sport,rule,gs_group_t0f_z52_requirement,T0F Carbon Flash-Painted Carbon Fiber Aero Package: requires_any,grandSport_rule_groups!3,TRUE,FALSE,manager,sec_perf_z52_001,requires_any,2,source T0F Carbon Flash-Painted Carbon Fiber Aero Package; targets FEB Z52 Sport Performance Package; FEY Z52 Track Performance Package,"T0F is available with FEB plus required J57, or included by FEY.",T0F Carbon Flash-Painted Carbon Fiber Aero Package — Z52 Requirements,approved,
1,b2df4eddc96b7f6e5cb2b55f57818d50bf285cb8c1b4641495595cb0b43f8a91,grand_sport,rule,gs_group_r88_excludes_badge_and_stripe_choices,R88 Front Illuminated Crossed Flags Emblem: excludes_any,grandSport_rule_groups!4,TRUE,FALSE,manager,sec_badg_001; sec_gsce_001; sec_lpoe_001; sec_stri_001,excludes_any,20,source R88 Front Illuminated Crossed Flags Emblem; targets EYK Chrome Exterior Badge Package; DMU Carbon Flash Center Stripe; DMV Blade Silver Center Stripe; DMW Arctic White Center Stripe; DMX Admiral Blue Center Stripe; DMY Red Mist Center Stripe; SFZ Dark Stealth Crossed Flags Emblems; DPB Carbon Flash/Blue Racing Stripes; DPC Carbon Flash/Yellow Racing Stripes; DPG Carbon Flash/Orange Racing Stripes; DPL Carbon Flash/Red Racing Stripes; DPT Carbon Flash/Silver Racing Stripes; DSY Edge Orange Racing Stripes; DSZ Edge Red Racing Stripes; DT0 Competition Yellow Racing Stripes; DTH Carbon Flash Metallic Racing Stripes; DUB Sterling Silver Racing Stripes; DUE Santorini Blue/Carbon Flash Racing Stripes; DUK Edge Red/Carbon Flash Racing Stripes; DUW Edge Blue Racing Stripes,Workbook-owned grouped exclusion metadata.,R88 Front Illuminated Crossed Flags Emblem — Badge and Stripe Exclusions,approved,
1,b2df4eddc96b7f6e5cb2b55f57818d50bf285cb8c1b4641495595cb0b43f8a91,grand_sport,rule,gs_group_sfz_excludes_badge_and_stripe_choices,SFZ Dark Stealth Crossed Flags Emblems: excludes_any,grandSport_rule_groups!5,TRUE,FALSE,manager,sec_badg_001; sec_gsce_001; sec_stri_001,excludes_any,19,source SFZ Dark Stealth Crossed Flags Emblems; targets EYK Chrome Exterior Badge Package; DMU Carbon Flash Center Stripe; DMV Blade Silver Center Stripe; DMW Arctic White Center Stripe; DMX Admiral Blue Center Stripe; DMY Red Mist Center Stripe; DPB Carbon Flash/Blue Racing Stripes; DPC Carbon Flash/Yellow Racing Stripes; DPG Carbon Flash/Orange Racing Stripes; DPL Carbon Flash/Red Racing Stripes; DPT Carbon Flash/Silver Racing Stripes; DSY Edge Orange Racing Stripes; DSZ Edge Red Racing Stripes; DT0 Competition Yellow Racing Stripes; DTH Carbon Flash Metallic Racing Stripes; DUB Sterling Silver Racing Stripes; DUE Santorini Blue/Carbon Flash Racing Stripes; DUK Edge Red/Carbon Flash Racing Stripes; DUW Edge Blue Racing Stripes,Workbook-owned grouped exclusion metadata.,SFZ Dark Stealth Crossed Flags Emblems — Badge and Stripe Exclusions,approved,
1,b2df4eddc96b7f6e5cb2b55f57818d50bf285cb8c1b4641495595cb0b43f8a91,grand_sport,rule,gs_group_cf8_excludes_stripe_choices,CF8 Electrochromic Dimming Roof Panel: excludes_any,grandSport_rule_groups!6,TRUE,FALSE,manager,sec_gsce_001; sec_stri_001,excludes_any,18,source CF8 Electrochromic Dimming Roof Panel; targets DMU Carbon Flash Center Stripe; DMV Blade Silver Center Stripe; DMW Arctic White Center Stripe; DMX Admiral Blue Center Stripe; DMY Red Mist Center Stripe; DPB Carbon Flash/Blue Racing Stripes; DPC Carbon Flash/Yellow Racing Stripes; DPG Carbon Flash/Orange Racing Stripes; DPL Carbon Flash/Red Racing Stripes; DPT Carbon Flash/Silver Racing Stripes; DSY Edge Orange Racing Stripes; DSZ Edge Red Racing Stripes; DT0 Competition Yellow Racing Stripes; DTH Carbon Flash Metallic Racing Stripes; DUB Sterling Silver Racing Stripes; DUE Santorini Blue/Carbon Flash Racing Stripes; DUK Edge Red/Carbon Flash Racing Stripes; DUW Edge Blue Racing Stripes,Workbook-owned grouped exclusion metadata.,CF8 Electrochromic Dimming Roof Panel — Stripe Exclusions,approved,
1,b2df4eddc96b7f6e5cb2b55f57818d50bf285cb8c1b4641495595cb0b43f8a91,grand_sport,rule,gs_group_sht_excludes_full_length_stripes,SHT Tech Bronze Jake Hood Graphic: excludes_any,grandSport_rule_groups!7,TRUE,FALSE,manager,sec_hash_001; sec_jake_001; sec_stri_001,excludes_any,20,source SHT Tech Bronze Jake Hood Graphic; targets DPB Carbon Flash/Blue Racing Stripes; DPC Carbon Flash/Yellow Racing Stripes; DPG Carbon Flash/Orange Racing Stripes; DPL Carbon Flash/Red Racing Stripes; DPT Carbon Flash/Silver Racing Stripes; DSY Edge Orange Racing Stripes; DSZ Edge Red Racing Stripes; DT0 Competition Yellow Racing Stripes; DTH Carbon Flash Metallic Racing Stripes; DUB Sterling Silver Racing Stripes; DUE Santorini Blue/Carbon Flash Racing Stripes; DUK Edge Red/Carbon Flash Racing Stripes; DUW Edge Blue Racing Stripes; DZU Carbon Flash/Competition Yellow Stinger Stripe; DZV Carbon Flash/Midnight Silver Stinger Stripe; DZX Carbon Flash/Edge Red Stinger Stripe; Z15 Grand Sport Heritage Graphics; PDA Jake C8.R Graphics Package; SNE Jake Hood Graphic; VPW Jake C8.R Rear Hash Graphic,"Stripe cleanup: Tech Bronze Jake hood graphic conflicts with dual racing stripes, PDA/SNE, and VPW.",SHT Tech Bronze Jake Hood Graphic — Stripe and Graphic Exclusions,approved,
1,b2df4eddc96b7f6e5cb2b55f57818d50bf285cb8c1b4641495595cb0b43f8a91,grand_sport,rule,gs_group_pda_excludes_stripes_and_z15,PDA Jake C8.R Graphics Package: excludes_any,grandSport_rule_groups!8,TRUE,FALSE,manager,sec_stri_001,excludes_any,17,source PDA Jake C8.R Graphics Package; targets DPB Carbon Flash/Blue Racing Stripes; DPC Carbon Flash/Yellow Racing Stripes; DPG Carbon Flash/Orange Racing Stripes; DPL Carbon Flash/Red Racing Stripes; DPT Carbon Flash/Silver Racing Stripes; DSY Edge Orange Racing Stripes; DSZ Edge Red Racing Stripes; DT0 Competition Yellow Racing Stripes; DTH Carbon Flash Metallic Racing Stripes; DUB Sterling Silver Racing Stripes; DUE Santorini Blue/Carbon Flash Racing Stripes; DUK Edge Red/Carbon Flash Racing Stripes; DUW Edge Blue Racing Stripes; DZU Carbon Flash/Competition Yellow Stinger Stripe; DZV Carbon Flash/Midnight Silver Stinger Stripe; DZX Carbon Flash/Edge Red Stinger Stripe; Z15 Grand Sport Heritage Graphics,5/25 distribution update grouped blocker for Jake C8.R Graphics Package.,PDA Jake C8.R Graphics Package — Stripe and Z15 Exclusions,approved,
1,b2df4eddc96b7f6e5cb2b55f57818d50bf285cb8c1b4641495595cb0b43f8a91,grand_sport,rule,gs_group_sne_excludes_stripes_and_z15,SNE Jake Hood Graphic: excludes_any,grandSport_rule_groups!9,TRUE,FALSE,manager,sec_hash_001; sec_jake_001; sec_stri_001,excludes_any,19,source SNE Jake Hood Graphic; targets DPB Carbon Flash/Blue Racing Stripes; DPC Carbon Flash/Yellow Racing Stripes; DPG Carbon Flash/Orange Racing Stripes; DPL Carbon Flash/Red Racing Stripes; DPT Carbon Flash/Silver Racing Stripes; DSY Edge Orange Racing Stripes; DSZ Edge Red Racing Stripes; DT0 Competition Yellow Racing Stripes; DTH Carbon Flash Metallic Racing Stripes; DUB Sterling Silver Racing Stripes; DUE Santorini Blue/Carbon Flash Racing Stripes; DUK Edge Red/Carbon Flash Racing Stripes; DUW Edge Blue Racing Stripes; DZU Carbon Flash/Competition Yellow Stinger Stripe; DZV Carbon Flash/Midnight Silver Stinger Stripe; DZX Carbon Flash/Edge Red Stinger Stripe; Z15 Grand Sport Heritage Graphics; SHT Tech Bronze Jake Hood Graphic; VPO Tech Bronze Jake C8.R Rear Hash Graphic,"Stripe cleanup: Jake hood graphic conflicts with dual racing stripes, SHT, and VPO.",SNE Jake Hood Graphic — Stripe and Z15 Exclusions,approved,
1,b2df4eddc96b7f6e5cb2b55f57818d50bf285cb8c1b4641495595cb0b43f8a91,grand_sport,rule,gs_group_vpo_excludes_jake_and_z15,VPO Tech Bronze Jake C8.R Rear Hash Graphic: excludes_any,grandSport_rule_groups!10,TRUE,FALSE,manager,sec_hash_001; sec_jake_001; sec_stri_001,excludes_any,4,source VPO Tech Bronze Jake C8.R Rear Hash Graphic; targets Z15 Grand Sport Heritage Graphics; PDA Jake C8.R Graphics Package; SNE Jake Hood Graphic; VPW Jake C8.R Rear Hash Graphic,Stripe cleanup: VPO conflicts with SNE and VPW; retained PDA/Z15 blockers from source copy.,VPO Tech Bronze Jake C8.R Rear Hash Graphic — Jake Graphic and Z15 Exclusions,approved,
1,b2df4eddc96b7f6e5cb2b55f57818d50bf285cb8c1b4641495595cb0b43f8a91,grand_sport,rule,gs_group_vpw_excludes_jake_rear_hash_peers,VPW Jake C8.R Rear Hash Graphic: excludes_any,grandSport_rule_groups!11,TRUE,FALSE,manager,sec_hash_001; sec_jake_001,excludes_any,2,source VPW Jake C8.R Rear Hash Graphic; targets SHT Tech Bronze Jake Hood Graphic; VPO Tech Bronze Jake C8.R Rear Hash Graphic,Stripe cleanup: VPW conflicts with SHT and VPO.,VPW Jake C8.R Rear Hash Graphic — Jake Graphic Exclusions,approved,
1,b2df4eddc96b7f6e5cb2b55f57818d50bf285cb8c1b4641495595cb0b43f8a91,grand_sport,rule,gs_group_dpb_excludes_jake_hood_graphics,DPB Carbon Flash/Blue Racing Stripes: excludes_any,grandSport_rule_groups!12,TRUE,FALSE,manager,sec_jake_001,excludes_any,2,source DPB Carbon Flash/Blue Racing Stripes; targets SHT Tech Bronze Jake Hood Graphic; SNE Jake Hood Graphic,Stripe cleanup: selected dual racing stripes conflict with SHT and SNE hood graphics.,DPB Carbon Flash/Blue Racing Stripes — Jake Hood Graphic Exclusions,approved,
1,b2df4eddc96b7f6e5cb2b55f57818d50bf285cb8c1b4641495595cb0b43f8a91,grand_sport,rule,gs_group_dpc_excludes_jake_hood_graphics,DPC Carbon Flash/Yellow Racing Stripes: excludes_any,grandSport_rule_groups!13,TRUE,FALSE,manager,sec_jake_001,excludes_any,2,source DPC Carbon Flash/Yellow Racing Stripes; targets SHT Tech Bronze Jake Hood Graphic; SNE Jake Hood Graphic,Stripe cleanup: selected dual racing stripes conflict with SHT and SNE hood graphics.,DPC Carbon Flash/Yellow Racing Stripes — Jake Hood Graphic Exclusions,approved,
1,b2df4eddc96b7f6e5cb2b55f57818d50bf285cb8c1b4641495595cb0b43f8a91,grand_sport,rule,gs_group_dpg_excludes_jake_hood_graphics,DPG Carbon Flash/Orange Racing Stripes: excludes_any,grandSport_rule_groups!14,TRUE,FALSE,manager,sec_jake_001,excludes_any,2,source DPG Carbon Flash/Orange Racing Stripes; targets SHT Tech Bronze Jake Hood Graphic; SNE Jake Hood Graphic,Stripe cleanup: selected dual racing stripes conflict with SHT and SNE hood graphics.,DPG Carbon Flash/Orange Racing Stripes — Jake Hood Graphic Exclusions,approved,
1,b2df4eddc96b7f6e5cb2b55f57818d50bf285cb8c1b4641495595cb0b43f8a91,grand_sport,rule,gs_group_dpl_excludes_jake_hood_graphics,DPL Carbon Flash/Red Racing Stripes: excludes_any,grandSport_rule_groups!15,TRUE,FALSE,manager,sec_jake_001,excludes_any,2,source DPL Carbon Flash/Red Racing Stripes; targets SHT Tech Bronze Jake Hood Graphic; SNE Jake Hood Graphic,Stripe cleanup: selected dual racing stripes conflict with SHT and SNE hood graphics.,DPL Carbon Flash/Red Racing Stripes — Jake Hood Graphic Exclusions,approved,
1,b2df4eddc96b7f6e5cb2b55f57818d50bf285cb8c1b4641495595cb0b43f8a91,grand_sport,rule,gs_group_dpt_excludes_jake_hood_graphics,DPT Carbon Flash/Silver Racing Stripes: excludes_any,grandSport_rule_groups!16,TRUE,FALSE,manager,sec_jake_001,excludes_any,2,source DPT Carbon Flash/Silver Racing Stripes; targets SHT Tech Bronze Jake Hood Graphic; SNE Jake Hood Graphic,Stripe cleanup: selected dual racing stripes conflict with SHT and SNE hood graphics.,DPT Carbon Flash/Silver Racing Stripes — Jake Hood Graphic Exclusions,approved,
1,b2df4eddc96b7f6e5cb2b55f57818d50bf285cb8c1b4641495595cb0b43f8a91,grand_sport,rule,gs_group_dsy_excludes_jake_hood_graphics,DSY Edge Orange Racing Stripes: excludes_any,grandSport_rule_groups!17,TRUE,FALSE,manager,sec_jake_001,excludes_any,2,source DSY Edge Orange Racing Stripes; targets SHT Tech Bronze Jake Hood Graphic; SNE Jake Hood Graphic,Stripe cleanup: selected dual racing stripes conflict with SHT and SNE hood graphics.,DSY Edge Orange Racing Stripes — Jake Hood Graphic Exclusions,approved,
1,b2df4eddc96b7f6e5cb2b55f57818d50bf285cb8c1b4641495595cb0b43f8a91,grand_sport,rule,gs_group_dsz_excludes_jake_hood_graphics,DSZ Edge Red Racing Stripes: excludes_any,grandSport_rule_groups!18,TRUE,FALSE,manager,sec_jake_001,excludes_any,2,source DSZ Edge Red Racing Stripes; targets SHT Tech Bronze Jake Hood Graphic; SNE Jake Hood Graphic,Stripe cleanup: selected dual racing stripes conflict with SHT and SNE hood graphics.,DSZ Edge Red Racing Stripes — Jake Hood Graphic Exclusions,approved,
1,b2df4eddc96b7f6e5cb2b55f57818d50bf285cb8c1b4641495595cb0b43f8a91,grand_sport,rule,gs_group_dt0_excludes_jake_hood_graphics,DT0 Competition Yellow Racing Stripes: excludes_any,grandSport_rule_groups!19,TRUE,FALSE,manager,sec_jake_001,excludes_any,2,source DT0 Competition Yellow Racing Stripes; targets SHT Tech Bronze Jake Hood Graphic; SNE Jake Hood Graphic,Stripe cleanup: selected dual racing stripes conflict with SHT and SNE hood graphics.,DT0 Competition Yellow Racing Stripes — Jake Hood Graphic Exclusions,approved,
1,b2df4eddc96b7f6e5cb2b55f57818d50bf285cb8c1b4641495595cb0b43f8a91,grand_sport,rule,gs_group_dth_excludes_jake_hood_graphics,DTH Carbon Flash Metallic Racing Stripes: excludes_any,grandSport_rule_groups!20,TRUE,FALSE,manager,sec_jake_001,excludes_any,2,source DTH Carbon Flash Metallic Racing Stripes; targets SHT Tech Bronze Jake Hood Graphic; SNE Jake Hood Graphic,Stripe cleanup: selected dual racing stripes conflict with SHT and SNE hood graphics.,DTH Carbon Flash Metallic Racing Stripes — Jake Hood Graphic Exclusions,approved,
1,b2df4eddc96b7f6e5cb2b55f57818d50bf285cb8c1b4641495595cb0b43f8a91,grand_sport,rule,gs_group_dub_excludes_jake_hood_graphics,DUB Sterling Silver Racing Stripes: excludes_any,grandSport_rule_groups!21,TRUE,FALSE,manager,sec_jake_001,excludes_any,2,source DUB Sterling Silver Racing Stripes; targets SHT Tech Bronze Jake Hood Graphic; SNE Jake Hood Graphic,Stripe cleanup: selected dual racing stripes conflict with SHT and SNE hood graphics.,DUB Sterling Silver Racing Stripes — Jake Hood Graphic Exclusions,approved,
1,b2df4eddc96b7f6e5cb2b55f57818d50bf285cb8c1b4641495595cb0b43f8a91,grand_sport,rule,gs_group_due_excludes_jake_hood_graphics,DUE Santorini Blue/Carbon Flash Racing Stripes: excludes_any,grandSport_rule_groups!22,TRUE,FALSE,manager,sec_jake_001,excludes_any,2,source DUE Santorini Blue/Carbon Flash Racing Stripes; targets SHT Tech Bronze Jake Hood Graphic; SNE Jake Hood Graphic,Stripe cleanup: selected dual racing stripes conflict with SHT and SNE hood graphics.,DUE Santorini Blue/Carbon Flash Racing Stripes — Jake Hood Graphic Exclusions,approved,
1,b2df4eddc96b7f6e5cb2b55f57818d50bf285cb8c1b4641495595cb0b43f8a91,grand_sport,rule,gs_group_duk_excludes_jake_hood_graphics,DUK Edge Red/Carbon Flash Racing Stripes: excludes_any,grandSport_rule_groups!23,TRUE,FALSE,manager,sec_jake_001,excludes_any,2,source DUK Edge Red/Carbon Flash Racing Stripes; targets SHT Tech Bronze Jake Hood Graphic; SNE Jake Hood Graphic,Stripe cleanup: selected dual racing stripes conflict with SHT and SNE hood graphics.,DUK Edge Red/Carbon Flash Racing Stripes — Jake Hood Graphic Exclusions,approved,
1,b2df4eddc96b7f6e5cb2b55f57818d50bf285cb8c1b4641495595cb0b43f8a91,grand_sport,rule,gs_group_duw_excludes_jake_hood_graphics,DUW Edge Blue Racing Stripes: excludes_any,grandSport_rule_groups!24,TRUE,FALSE,manager,sec_jake_001,excludes_any,2,source DUW Edge Blue Racing Stripes; targets SHT Tech Bronze Jake Hood Graphic; SNE Jake Hood Graphic,Stripe cleanup: selected dual racing stripes conflict with SHT and SNE hood graphics.,DUW Edge Blue Racing Stripes — Jake Hood Graphic Exclusions,approved,
1,b2df4eddc96b7f6e5cb2b55f57818d50bf285cb8c1b4641495595cb0b43f8a91,grand_sport,rule,gs_group_dzu_excludes_jake_hood_graphics,DZU Carbon Flash/Competition Yellow Stinger Stripe: excludes_any,grandSport_rule_groups!25,TRUE,FALSE,manager,sec_jake_001,excludes_any,2,source DZU Carbon Flash/Competition Yellow Stinger Stripe; targets SHT Tech Bronze Jake Hood Graphic; SNE Jake Hood Graphic,Stripe cleanup: selected dual racing stripes conflict with SHT and SNE hood graphics.,DZU Carbon Flash/Competition Yellow Stinger Stripe — Jake Hood Graphic Exclusions,approved,
1,b2df4eddc96b7f6e5cb2b55f57818d50bf285cb8c1b4641495595cb0b43f8a91,grand_sport,rule,gs_group_dzv_excludes_jake_hood_graphics,DZV Carbon Flash/Midnight Silver Stinger Stripe: excludes_any,grandSport_rule_groups!26,TRUE,FALSE,manager,sec_jake_001,excludes_any,2,source DZV Carbon Flash/Midnight Silver Stinger Stripe; targets SHT Tech Bronze Jake Hood Graphic; SNE Jake Hood Graphic,Stripe cleanup: selected dual racing stripes conflict with SHT and SNE hood graphics.,DZV Carbon Flash/Midnight Silver Stinger Stripe — Jake Hood Graphic Exclusions,approved,
1,b2df4eddc96b7f6e5cb2b55f57818d50bf285cb8c1b4641495595cb0b43f8a91,grand_sport,rule,gs_group_dzx_excludes_jake_hood_graphics,DZX Carbon Flash/Edge Red Stinger Stripe: excludes_any,grandSport_rule_groups!27,TRUE,FALSE,manager,sec_jake_001,excludes_any,2,source DZX Carbon Flash/Edge Red Stinger Stripe; targets SHT Tech Bronze Jake Hood Graphic; SNE Jake Hood Graphic,Stripe cleanup: selected dual racing stripes conflict with SHT and SNE hood graphics.,DZX Carbon Flash/Edge Red Stinger Stripe — Jake Hood Graphic Exclusions,approved,
1,b2df4eddc96b7f6e5cb2b55f57818d50bf285cb8c1b4641495595cb0b43f8a91,grand_sport,rule,gs_group_j57_z52_requirement,J57 Carbon Ceramic Brakes: requires_any,grandSport_rule_groups!28,TRUE,FALSE,manager,sec_perf_z52_001,requires_any,2,source J57 Carbon Ceramic Brakes; targets FEB Z52 Sport Performance Package; FEY Z52 Track Performance Package,"J57 is selectable with FEB, or included by FEY.",J57 Carbon Ceramic Brakes — Z52 Requirements,approved,
1,b2df4eddc96b7f6e5cb2b55f57818d50bf285cb8c1b4641495595cb0b43f8a91,grand_sport,rule,gs_group_gba_excludes_edu,GBA Black: excludes_any,grandSport_rule_groups!29,TRUE,FALSE,manager,sec_exte_001,excludes_any,1,source GBA Black; targets EDU Body-Color and Carbon Flash Accents,Workbook-owned grouped exclusion metadata.,GBA Black — Exterior Accent Exclusions,approved,
1,b2df4eddc96b7f6e5cb2b55f57818d50bf285cb8c1b4641495595cb0b43f8a91,grand_sport,rule,gs_group_dpb_excludes_heritage_hash_and_z15,DPB Carbon Flash/Blue Racing Stripes: excludes_any,grandSport_rule_groups!30,TRUE,FALSE,manager,sec_gsha_001; sec_stri_001,excludes_any,7,source DPB Carbon Flash/Blue Racing Stripes; targets Z15 Grand Sport Heritage Graphics; 17A Blade Silver Hash Marks; 20A Admiral Blue Hash Marks; 55A Competition Yellow Hash Marks.; 75A Torch Red Hash Marks; 97A Carbon Flash Hash Marks; DX4 Red Mist Hash Marks,Reverse exclusion for stripe vs Z15/heritage hash conflict; mirrors gs_group_z15_excludes_non_center_stripes. Spec: .hermes/plans/grand-sport-stripe-heritage-reverse-exclusions-spec.md,DPB Carbon Flash/Blue Racing Stripes — Heritage Hash and Z15 Exclusions,approved,
1,b2df4eddc96b7f6e5cb2b55f57818d50bf285cb8c1b4641495595cb0b43f8a91,grand_sport,rule,gs_group_dpc_excludes_heritage_hash_and_z15,DPC Carbon Flash/Yellow Racing Stripes: excludes_any,grandSport_rule_groups!31,TRUE,FALSE,manager,sec_gsha_001; sec_stri_001,excludes_any,7,source DPC Carbon Flash/Yellow Racing Stripes; targets Z15 Grand Sport Heritage Graphics; 17A Blade Silver Hash Marks; 20A Admiral Blue Hash Marks; 55A Competition Yellow Hash Marks.; 75A Torch Red Hash Marks; 97A Carbon Flash Hash Marks; DX4 Red Mist Hash Marks,Reverse exclusion for stripe vs Z15/heritage hash conflict; mirrors gs_group_z15_excludes_non_center_stripes. Spec: .hermes/plans/grand-sport-stripe-heritage-reverse-exclusions-spec.md,DPC Carbon Flash/Yellow Racing Stripes — Heritage Hash and Z15 Exclusions,approved,
1,b2df4eddc96b7f6e5cb2b55f57818d50bf285cb8c1b4641495595cb0b43f8a91,grand_sport,rule,gs_group_dpg_excludes_heritage_hash_and_z15,DPG Carbon Flash/Orange Racing Stripes: excludes_any,grandSport_rule_groups!32,TRUE,FALSE,manager,sec_gsha_001; sec_stri_001,excludes_any,7,source DPG Carbon Flash/Orange Racing Stripes; targets Z15 Grand Sport Heritage Graphics; 17A Blade Silver Hash Marks; 20A Admiral Blue Hash Marks; 55A Competition Yellow Hash Marks.; 75A Torch Red Hash Marks; 97A Carbon Flash Hash Marks; DX4 Red Mist Hash Marks,Reverse exclusion for stripe vs Z15/heritage hash conflict; mirrors gs_group_z15_excludes_non_center_stripes. Spec: .hermes/plans/grand-sport-stripe-heritage-reverse-exclusions-spec.md,DPG Carbon Flash/Orange Racing Stripes — Heritage Hash and Z15 Exclusions,approved,
1,b2df4eddc96b7f6e5cb2b55f57818d50bf285cb8c1b4641495595cb0b43f8a91,grand_sport,rule,gs_group_dpl_excludes_heritage_hash_and_z15,DPL Carbon Flash/Red Racing Stripes: excludes_any,grandSport_rule_groups!33,TRUE,FALSE,manager,sec_gsha_001; sec_stri_001,excludes_any,7,source DPL Carbon Flash/Red Racing Stripes; targets Z15 Grand Sport Heritage Graphics; 17A Blade Silver Hash Marks; 20A Admiral Blue Hash Marks; 55A Competition Yellow Hash Marks.; 75A Torch Red Hash Marks; 97A Carbon Flash Hash Marks; DX4 Red Mist Hash Marks,Reverse exclusion for stripe vs Z15/heritage hash conflict; mirrors gs_group_z15_excludes_non_center_stripes. Spec: .hermes/plans/grand-sport-stripe-heritage-reverse-exclusions-spec.md,DPL Carbon Flash/Red Racing Stripes — Heritage Hash and Z15 Exclusions,approved,
1,b2df4eddc96b7f6e5cb2b55f57818d50bf285cb8c1b4641495595cb0b43f8a91,grand_sport,rule,gs_group_dpt_excludes_heritage_hash_and_z15,DPT Carbon Flash/Silver Racing Stripes: excludes_any,grandSport_rule_groups!34,TRUE,FALSE,manager,sec_gsha_001; sec_stri_001,excludes_any,7,source DPT Carbon Flash/Silver Racing Stripes; targets Z15 Grand Sport Heritage Graphics; 17A Blade Silver Hash Marks; 20A Admiral Blue Hash Marks; 55A Competition Yellow Hash Marks.; 75A Torch Red Hash Marks; 97A Carbon Flash Hash Marks; DX4 Red Mist Hash Marks,Reverse exclusion for stripe vs Z15/heritage hash conflict; mirrors gs_group_z15_excludes_non_center_stripes. Spec: .hermes/plans/grand-sport-stripe-heritage-reverse-exclusions-spec.md,DPT Carbon Flash/Silver Racing Stripes — Heritage Hash and Z15 Exclusions,approved,
1,b2df4eddc96b7f6e5cb2b55f57818d50bf285cb8c1b4641495595cb0b43f8a91,grand_sport,rule,gs_group_dsy_excludes_heritage_hash_and_z15,DSY Edge Orange Racing Stripes: excludes_any,grandSport_rule_groups!35,TRUE,FALSE,manager,sec_gsha_001; sec_stri_001,excludes_any,7,source DSY Edge Orange Racing Stripes; targets Z15 Grand Sport Heritage Graphics; 17A Blade Silver Hash Marks; 20A Admiral Blue Hash Marks; 55A Competition Yellow Hash Marks.; 75A Torch Red Hash Marks; 97A Carbon Flash Hash Marks; DX4 Red Mist Hash Marks,Reverse exclusion for stripe vs Z15/heritage hash conflict; mirrors gs_group_z15_excludes_non_center_stripes. Spec: .hermes/plans/grand-sport-stripe-heritage-reverse-exclusions-spec.md,DSY Edge Orange Racing Stripes — Heritage Hash and Z15 Exclusions,approved,
1,b2df4eddc96b7f6e5cb2b55f57818d50bf285cb8c1b4641495595cb0b43f8a91,grand_sport,rule,gs_group_dsz_excludes_heritage_hash_and_z15,DSZ Edge Red Racing Stripes: excludes_any,grandSport_rule_groups!36,TRUE,FALSE,manager,sec_gsha_001; sec_stri_001,excludes_any,7,source DSZ Edge Red Racing Stripes; targets Z15 Grand Sport Heritage Graphics; 17A Blade Silver Hash Marks; 20A Admiral Blue Hash Marks; 55A Competition Yellow Hash Marks.; 75A Torch Red Hash Marks; 97A Carbon Flash Hash Marks; DX4 Red Mist Hash Marks,Reverse exclusion for stripe vs Z15/heritage hash conflict; mirrors gs_group_z15_excludes_non_center_stripes. Spec: .hermes/plans/grand-sport-stripe-heritage-reverse-exclusions-spec.md,DSZ Edge Red Racing Stripes — Heritage Hash and Z15 Exclusions,approved,
1,b2df4eddc96b7f6e5cb2b55f57818d50bf285cb8c1b4641495595cb0b43f8a91,grand_sport,rule,gs_group_dt0_excludes_heritage_hash_and_z15,DT0 Competition Yellow Racing Stripes: excludes_any,grandSport_rule_groups!37,TRUE,FALSE,manager,sec_gsha_001; sec_stri_001,excludes_any,7,source DT0 Competition Yellow Racing Stripes; targets Z15 Grand Sport Heritage Graphics; 17A Blade Silver Hash Marks; 20A Admiral Blue Hash Marks; 55A Competition Yellow Hash Marks.; 75A Torch Red Hash Marks; 97A Carbon Flash Hash Marks; DX4 Red Mist Hash Marks,Reverse exclusion for stripe vs Z15/heritage hash conflict; mirrors gs_group_z15_excludes_non_center_stripes. Spec: .hermes/plans/grand-sport-stripe-heritage-reverse-exclusions-spec.md,DT0 Competition Yellow Racing Stripes — Heritage Hash and Z15 Exclusions,approved,
1,b2df4eddc96b7f6e5cb2b55f57818d50bf285cb8c1b4641495595cb0b43f8a91,grand_sport,rule,gs_group_dth_excludes_heritage_hash_and_z15,DTH Carbon Flash Metallic Racing Stripes: excludes_any,grandSport_rule_groups!38,TRUE,FALSE,manager,sec_gsha_001; sec_stri_001,excludes_any,7,source DTH Carbon Flash Metallic Racing Stripes; targets Z15 Grand Sport Heritage Graphics; 17A Blade Silver Hash Marks; 20A Admiral Blue Hash Marks; 55A Competition Yellow Hash Marks.; 75A Torch Red Hash Marks; 97A Carbon Flash Hash Marks; DX4 Red Mist Hash Marks,Reverse exclusion for stripe vs Z15/heritage hash conflict; mirrors gs_group_z15_excludes_non_center_stripes. Spec: .hermes/plans/grand-sport-stripe-heritage-reverse-exclusions-spec.md,DTH Carbon Flash Metallic Racing Stripes — Heritage Hash and Z15 Exclusions,approved,
1,b2df4eddc96b7f6e5cb2b55f57818d50bf285cb8c1b4641495595cb0b43f8a91,grand_sport,rule,gs_group_dub_excludes_heritage_hash_and_z15,DUB Sterling Silver Racing Stripes: excludes_any,grandSport_rule_groups!39,TRUE,FALSE,manager,sec_gsha_001; sec_stri_001,excludes_any,7,source DUB Sterling Silver Racing Stripes; targets Z15 Grand Sport Heritage Graphics; 17A Blade Silver Hash Marks; 20A Admiral Blue Hash Marks; 55A Competition Yellow Hash Marks.; 75A Torch Red Hash Marks; 97A Carbon Flash Hash Marks; DX4 Red Mist Hash Marks,Reverse exclusion for stripe vs Z15/heritage hash conflict; mirrors gs_group_z15_excludes_non_center_stripes. Spec: .hermes/plans/grand-sport-stripe-heritage-reverse-exclusions-spec.md,DUB Sterling Silver Racing Stripes — Heritage Hash and Z15 Exclusions,approved,
1,b2df4eddc96b7f6e5cb2b55f57818d50bf285cb8c1b4641495595cb0b43f8a91,grand_sport,rule,gs_group_due_excludes_heritage_hash_and_z15,DUE Santorini Blue/Carbon Flash Racing Stripes: excludes_any,grandSport_rule_groups!40,TRUE,FALSE,manager,sec_gsha_001; sec_stri_001,excludes_any,7,source DUE Santorini Blue/Carbon Flash Racing Stripes; targets Z15 Grand Sport Heritage Graphics; 17A Blade Silver Hash Marks; 20A Admiral Blue Hash Marks; 55A Competition Yellow Hash Marks.; 75A Torch Red Hash Marks; 97A Carbon Flash Hash Marks; DX4 Red Mist Hash Marks,Reverse exclusion for stripe vs Z15/heritage hash conflict; mirrors gs_group_z15_excludes_non_center_stripes. Spec: .hermes/plans/grand-sport-stripe-heritage-reverse-exclusions-spec.md,DUE Santorini Blue/Carbon Flash Racing Stripes — Heritage Hash and Z15 Exclusions,approved,
1,b2df4eddc96b7f6e5cb2b55f57818d50bf285cb8c1b4641495595cb0b43f8a91,grand_sport,rule,gs_group_duk_excludes_heritage_hash_and_z15,DUK Edge Red/Carbon Flash Racing Stripes: excludes_any,grandSport_rule_groups!41,TRUE,FALSE,manager,sec_gsha_001; sec_stri_001,excludes_any,7,source DUK Edge Red/Carbon Flash Racing Stripes; targets Z15 Grand Sport Heritage Graphics; 17A Blade Silver Hash Marks; 20A Admiral Blue Hash Marks; 55A Competition Yellow Hash Marks.; 75A Torch Red Hash Marks; 97A Carbon Flash Hash Marks; DX4 Red Mist Hash Marks,Reverse exclusion for stripe vs Z15/heritage hash conflict; mirrors gs_group_z15_excludes_non_center_stripes. Spec: .hermes/plans/grand-sport-stripe-heritage-reverse-exclusions-spec.md,DUK Edge Red/Carbon Flash Racing Stripes — Heritage Hash and Z15 Exclusions,approved,
1,b2df4eddc96b7f6e5cb2b55f57818d50bf285cb8c1b4641495595cb0b43f8a91,grand_sport,rule,gs_group_duw_excludes_heritage_hash_and_z15,DUW Edge Blue Racing Stripes: excludes_any,grandSport_rule_groups!42,TRUE,FALSE,manager,sec_gsha_001; sec_stri_001,excludes_any,7,source DUW Edge Blue Racing Stripes; targets Z15 Grand Sport Heritage Graphics; 17A Blade Silver Hash Marks; 20A Admiral Blue Hash Marks; 55A Competition Yellow Hash Marks.; 75A Torch Red Hash Marks; 97A Carbon Flash Hash Marks; DX4 Red Mist Hash Marks,Reverse exclusion for stripe vs Z15/heritage hash conflict; mirrors gs_group_z15_excludes_non_center_stripes. Spec: .hermes/plans/grand-sport-stripe-heritage-reverse-exclusions-spec.md,DUW Edge Blue Racing Stripes — Heritage Hash and Z15 Exclusions,approved,
1,b2df4eddc96b7f6e5cb2b55f57818d50bf285cb8c1b4641495595cb0b43f8a91,grand_sport,rule,gs_group_dzu_excludes_heritage_hash_and_z15,DZU Carbon Flash/Competition Yellow Stinger Stripe: excludes_any,grandSport_rule_groups!43,TRUE,FALSE,manager,sec_gsha_001; sec_stri_001,excludes_any,7,source DZU Carbon Flash/Competition Yellow Stinger Stripe; targets Z15 Grand Sport Heritage Graphics; 17A Blade Silver Hash Marks; 20A Admiral Blue Hash Marks; 55A Competition Yellow Hash Marks.; 75A Torch Red Hash Marks; 97A Carbon Flash Hash Marks; DX4 Red Mist Hash Marks,Reverse exclusion for stripe vs Z15/heritage hash conflict; mirrors gs_group_z15_excludes_non_center_stripes. Spec: .hermes/plans/grand-sport-stripe-heritage-reverse-exclusions-spec.md,DZU Carbon Flash/Competition Yellow Stinger Stripe — Heritage Hash and Z15 Exclusions,approved,
1,b2df4eddc96b7f6e5cb2b55f57818d50bf285cb8c1b4641495595cb0b43f8a91,grand_sport,rule,gs_group_dzv_excludes_heritage_hash_and_z15,DZV Carbon Flash/Midnight Silver Stinger Stripe: excludes_any,grandSport_rule_groups!44,TRUE,FALSE,manager,sec_gsha_001; sec_stri_001,excludes_any,7,source DZV Carbon Flash/Midnight Silver Stinger Stripe; targets Z15 Grand Sport Heritage Graphics; 17A Blade Silver Hash Marks; 20A Admiral Blue Hash Marks; 55A Competition Yellow Hash Marks.; 75A Torch Red Hash Marks; 97A Carbon Flash Hash Marks; DX4 Red Mist Hash Marks,Reverse exclusion for stripe vs Z15/heritage hash conflict; mirrors gs_group_z15_excludes_non_center_stripes. Spec: .hermes/plans/grand-sport-stripe-heritage-reverse-exclusions-spec.md,DZV Carbon Flash/Midnight Silver Stinger Stripe — Heritage Hash and Z15 Exclusions,approved,
1,b2df4eddc96b7f6e5cb2b55f57818d50bf285cb8c1b4641495595cb0b43f8a91,grand_sport,rule,gs_group_dzx_excludes_heritage_hash_and_z15,DZX Carbon Flash/Edge Red Stinger Stripe: excludes_any,grandSport_rule_groups!45,TRUE,FALSE,manager,sec_gsha_001; sec_stri_001,excludes_any,7,source DZX Carbon Flash/Edge Red Stinger Stripe; targets Z15 Grand Sport Heritage Graphics; 17A Blade Silver Hash Marks; 20A Admiral Blue Hash Marks; 55A Competition Yellow Hash Marks.; 75A Torch Red Hash Marks; 97A Carbon Flash Hash Marks; DX4 Red Mist Hash Marks,Reverse exclusion for stripe vs Z15/heritage hash conflict; mirrors gs_group_z15_excludes_non_center_stripes. Spec: .hermes/plans/grand-sport-stripe-heritage-reverse-exclusions-spec.md,DZX Carbon Flash/Edge Red Stinger Stripe — Heritage Hash and Z15 Exclusions,approved,
1,b2df4eddc96b7f6e5cb2b55f57818d50bf285cb8c1b4641495595cb0b43f8a91,grand_sport,rule,gs_group_sht_excludes_heritage_hash_and_z15,SHT Tech Bronze Jake Hood Graphic: excludes_any,grandSport_rule_groups!46,TRUE,FALSE,manager,sec_gsha_001; sec_stri_001,excludes_any,7,source SHT Tech Bronze Jake Hood Graphic; targets Z15 Grand Sport Heritage Graphics; 17A Blade Silver Hash Marks; 20A Admiral Blue Hash Marks; 55A Competition Yellow Hash Marks.; 75A Torch Red Hash Marks; 97A Carbon Flash Hash Marks; DX4 Red Mist Hash Marks,Jake-graphics/heritage-hash reverse exclusion gap (see .hermes/plans/grand-sport-jake-heritage-hash-reverse-exclusions-spec.md).,SHT Tech Bronze Jake Hood Graphic — Heritage Hash and Z15 Exclusions,approved,
1,b2df4eddc96b7f6e5cb2b55f57818d50bf285cb8c1b4641495595cb0b43f8a91,grand_sport,rule,gs_group_pda_excludes_heritage_hash_and_z15,PDA Jake C8.R Graphics Package: excludes_any,grandSport_rule_groups!47,TRUE,FALSE,manager,sec_gsha_001; sec_stri_001,excludes_any,7,source PDA Jake C8.R Graphics Package; targets Z15 Grand Sport Heritage Graphics; 17A Blade Silver Hash Marks; 20A Admiral Blue Hash Marks; 55A Competition Yellow Hash Marks.; 75A Torch Red Hash Marks; 97A Carbon Flash Hash Marks; DX4 Red Mist Hash Marks,Jake-graphics/heritage-hash reverse exclusion gap (see .hermes/plans/grand-sport-jake-heritage-hash-reverse-exclusions-spec.md).,PDA Jake C8.R Graphics Package — Heritage Hash and Z15 Exclusions,approved,
1,b2df4eddc96b7f6e5cb2b55f57818d50bf285cb8c1b4641495595cb0b43f8a91,grand_sport,rule,gs_group_sne_excludes_heritage_hash_and_z15,SNE Jake Hood Graphic: excludes_any,grandSport_rule_groups!48,TRUE,FALSE,manager,sec_gsha_001; sec_stri_001,excludes_any,7,source SNE Jake Hood Graphic; targets Z15 Grand Sport Heritage Graphics; 17A Blade Silver Hash Marks; 20A Admiral Blue Hash Marks; 55A Competition Yellow Hash Marks.; 75A Torch Red Hash Marks; 97A Carbon Flash Hash Marks; DX4 Red Mist Hash Marks,Jake-graphics/heritage-hash reverse exclusion gap (see .hermes/plans/grand-sport-jake-heritage-hash-reverse-exclusions-spec.md).,SNE Jake Hood Graphic — Heritage Hash and Z15 Exclusions,approved,
1,b2df4eddc96b7f6e5cb2b55f57818d50bf285cb8c1b4641495595cb0b43f8a91,grand_sport,rule,gs_group_vpo_excludes_heritage_hash_and_z15,VPO Tech Bronze Jake C8.R Rear Hash Graphic: excludes_any,grandSport_rule_groups!49,TRUE,FALSE,manager,sec_gsha_001; sec_stri_001,excludes_any,7,source VPO Tech Bronze Jake C8.R Rear Hash Graphic; targets Z15 Grand Sport Heritage Graphics; 17A Blade Silver Hash Marks; 20A Admiral Blue Hash Marks; 55A Competition Yellow Hash Marks.; 75A Torch Red Hash Marks; 97A Carbon Flash Hash Marks; DX4 Red Mist Hash Marks,Jake-graphics/heritage-hash reverse exclusion gap (see .hermes/plans/grand-sport-jake-heritage-hash-reverse-exclusions-spec.md).,VPO Tech Bronze Jake C8.R Rear Hash Graphic — Heritage Hash and Z15 Exclusions,approved,
1,b2df4eddc96b7f6e5cb2b55f57818d50bf285cb8c1b4641495595cb0b43f8a91,grand_sport,rule,gs_group_vpw_excludes_heritage_hash_and_z15,VPW Jake C8.R Rear Hash Graphic: excludes_any,grandSport_rule_groups!50,TRUE,FALSE,manager,sec_gsha_001; sec_stri_001,excludes_any,7,source VPW Jake C8.R Rear Hash Graphic; targets Z15 Grand Sport Heritage Graphics; 17A Blade Silver Hash Marks; 20A Admiral Blue Hash Marks; 55A Competition Yellow Hash Marks.; 75A Torch Red Hash Marks; 97A Carbon Flash Hash Marks; DX4 Red Mist Hash Marks,Jake-graphics/heritage-hash reverse exclusion gap (see .hermes/plans/grand-sport-jake-heritage-hash-reverse-exclusions-spec.md).,VPW Jake C8.R Rear Hash Graphic — Heritage Hash and Z15 Exclusions,approved,
1,b2df4eddc96b7f6e5cb2b55f57818d50bf285cb8c1b4641495595cb0b43f8a91,grand_sport_x,exclusive,grand_sport_x_excl_1623e1da9d59,Label pending workbook review,grand_sport_x_exclusive_groups!2,TRUE,TRUE,customer,sec_engi_001,single_within_group,4,BC4 Blue LS6 Engine Cover; BC7 Black LS6 Engine Cover; BCP Edge Red LS6 Engine Cover; BCS Sterling Silver LS6 Engine Cover,Engine cover choices are mutually exclusive within the Engine Appearance section.,LS6 Engine Covers,approved,
1,b2df4eddc96b7f6e5cb2b55f57818d50bf285cb8c1b4641495595cb0b43f8a91,grand_sport_x,exclusive,grand_sport_x_excl_1a2557e86349,Label pending workbook review,grand_sport_x_exclusive_groups!3,TRUE,TRUE,customer,sec_lpoi_001,single_within_group,3,SXB Black Suede Frunk and Trunk Liner; SXR Adrenaline Red Suede Frunk and Trunk Liner; SXT Natural Suede Frunk and Trunk Liner,Suede frunk/trunk compartment liner choices are mutually exclusive within the LPO Interior section.,Suede Frunk and Trunk Liners,approved,
1,b2df4eddc96b7f6e5cb2b55f57818d50bf285cb8c1b4641495595cb0b43f8a91,grand_sport_x,exclusive,grand_sport_x_excl_4c81a57b1440,Label pending workbook review,grand_sport_x_exclusive_groups!4,TRUE,TRUE,customer,sec_lpoe_001,single_within_group,2,RWH Black Premium Indoor Car Cover; WKR GT3.R Premium Indoor Car Cover,Indoor car cover choices are mutually exclusive within the LPO Exterior section.,Indoor Car Covers,approved,
1,b2df4eddc96b7f6e5cb2b55f57818d50bf285cb8c1b4641495595cb0b43f8a91,grand_sport_x,exclusive,grand_sport_x_excl_72b09b9f4530,Label pending workbook review,grand_sport_x_exclusive_groups!5,TRUE,TRUE,customer,sec_perf_ground_001,single_within_group,3,"CFL Extended Front Splitter, Carbon Flash; CFV Visible Carbon Fiber Ground Effects; CFZ Carbon Flash Carbon Fiber Ground Effects",Ground effects choices are mutually exclusive within the Ground Effects section.,Ground Effects,approved,
1,b2df4eddc96b7f6e5cb2b55f57818d50bf285cb8c1b4641495595cb0b43f8a91,grand_sport_x,exclusive,grand_sport_x_excl_88226d3d71bc,Label pending workbook review,grand_sport_x_exclusive_groups!6,TRUE,TRUE,customer,sec_lpoe_001,single_within_group,3,RIK Torch Red Rear Corvette Script Badge; RIN Arctic White Rear Corvette Script Badge; SL8 Edge Red Rear Corvette Script Badge,Rear Corvette script badge color choices are mutually exclusive within the LPO Exterior section.,Rear Corvette Script Badge Color,approved,
1,b2df4eddc96b7f6e5cb2b55f57818d50bf285cb8c1b4641495595cb0b43f8a91,grand_sport_x,exclusive,grand_sport_x_excl_ba636d8cad42,Label pending workbook review,grand_sport_x_exclusive_groups!7,TRUE,TRUE,customer,sec_seat_001,single_within_group,6,379 Orange Seat Belt Color; 3A9 Santorini Blue Seat Belt Color; 3F9 Torch Red Seat Belt Color; 3M9 Yellow Seat Belt Color; 3N9 Natural Seat Belt Color; 719 Black Seat Belt Color,Seat belt color choices are mutually exclusive within the Seat Belt section.,Seat Belt Color,approved,
1,b2df4eddc96b7f6e5cb2b55f57818d50bf285cb8c1b4641495595cb0b43f8a91,grand_sport_x,exclusive,grand_sport_x_excl_c874eb278e64,Label pending workbook review,grand_sport_x_exclusive_groups!8,TRUE,TRUE,customer,sec_exte_001,required_single_within_group,2,EDU Body-Color and Carbon Flash Accents; EFR Carbon Flash Painted Accents,Exterior accent choices are mutually exclusive within the Exterior Accents section.,Exterior Accents,approved,
1,b2df4eddc96b7f6e5cb2b55f57818d50bf285cb8c1b4641495595cb0b43f8a91,grand_sport_x,exclusive,grand_sport_x_excl_cb34bcaa3d0b,Label pending workbook review,grand_sport_x_exclusive_groups!9,TRUE,TRUE,customer,sec_exha_001,required_single_within_group,2,NGA Black Exhaust Tips; NWI Bright Chrome Exhaust Tips,Exhaust tip choices are mutually exclusive within the Exhaust section.,Exhaust Tips,approved,
1,b2df4eddc96b7f6e5cb2b55f57818d50bf285cb8c1b4641495595cb0b43f8a91,grand_sport_x,exclusive,grand_sport_x_excl_cb3c5e229696,Label pending workbook review,grand_sport_x_exclusive_groups!10,TRUE,TRUE,customer,sec_whee_001,single_within_group,3,5ZB Grand Sport Logo Wheel Center Caps; 5ZC Jake Logo Wheel Center Caps; 5ZD Carbon Flash Crossed Flags Wheel Center Caps,Wheel center cap choices are mutually exclusive within the Wheel Accessory section.,Wheel Center Caps,approved,
1,b2df4eddc96b7f6e5cb2b55f57818d50bf285cb8c1b4641495595cb0b43f8a91,grand_sport_x,rule,grand_sport_x_group_dpb_excludes_any_096f31ba6bc8,DPB Carbon Flash/Blue Racing Stripes: excludes_any,grand_sport_x_rule_groups!2,TRUE,FALSE,manager,sec_gsha_001; sec_stri_001,excludes_any,7,source DPB Carbon Flash/Blue Racing Stripes; targets 17A Blade Silver Hash Marks; 20A Admiral Blue Hash Marks; 55A Competition Yellow Hash Marks.; 75A Torch Red Hash Marks; 97A Carbon Flash Hash Marks; DX4 Red Mist Hash Marks; Z15 Grand Sport Heritage Graphics,Ingest typed comparator proposal confirmation,DPB Carbon Flash/Blue Racing Stripes — Hash Mark and Z15 Exclusions,approved,
1,b2df4eddc96b7f6e5cb2b55f57818d50bf285cb8c1b4641495595cb0b43f8a91,grand_sport_x,rule,grand_sport_x_group_dpb_excludes_any_bc7ac3cd5712,DPB Carbon Flash/Blue Racing Stripes: excludes_any,grand_sport_x_rule_groups!3,TRUE,FALSE,manager,sec_jake_001,excludes_any,2,source DPB Carbon Flash/Blue Racing Stripes; targets SHT Tech Bronze Jake Hood Graphic; SNE Jake Hood Graphic,Ingest typed comparator proposal confirmation,DPB Carbon Flash/Blue Racing Stripes — Jake Hood Graphic Exclusions,approved,
1,b2df4eddc96b7f6e5cb2b55f57818d50bf285cb8c1b4641495595cb0b43f8a91,grand_sport_x,rule,grand_sport_x_group_dpc_excludes_any_057217c745ee,DPC Carbon Flash/Yellow Racing Stripes: excludes_any,grand_sport_x_rule_groups!4,TRUE,FALSE,manager,sec_jake_001,excludes_any,2,source DPC Carbon Flash/Yellow Racing Stripes; targets SHT Tech Bronze Jake Hood Graphic; SNE Jake Hood Graphic,Ingest typed comparator proposal confirmation,DPC Carbon Flash/Yellow Racing Stripes — Jake Hood Graphic Exclusions,approved,
1,b2df4eddc96b7f6e5cb2b55f57818d50bf285cb8c1b4641495595cb0b43f8a91,grand_sport_x,rule,grand_sport_x_group_dpc_excludes_any_781d50c26209,DPC Carbon Flash/Yellow Racing Stripes: excludes_any,grand_sport_x_rule_groups!5,TRUE,FALSE,manager,sec_gsha_001; sec_stri_001,excludes_any,7,source DPC Carbon Flash/Yellow Racing Stripes; targets 17A Blade Silver Hash Marks; 20A Admiral Blue Hash Marks; 55A Competition Yellow Hash Marks.; 75A Torch Red Hash Marks; 97A Carbon Flash Hash Marks; DX4 Red Mist Hash Marks; Z15 Grand Sport Heritage Graphics,Ingest typed comparator proposal confirmation,DPC Carbon Flash/Yellow Racing Stripes — Hash Mark and Z15 Exclusions,approved,
1,b2df4eddc96b7f6e5cb2b55f57818d50bf285cb8c1b4641495595cb0b43f8a91,grand_sport_x,rule,grand_sport_x_group_dpg_excludes_any_23a48cca709a,DPG Carbon Flash/Orange Racing Stripes: excludes_any,grand_sport_x_rule_groups!6,TRUE,FALSE,manager,sec_jake_001,excludes_any,2,source DPG Carbon Flash/Orange Racing Stripes; targets SHT Tech Bronze Jake Hood Graphic; SNE Jake Hood Graphic,Ingest typed comparator proposal confirmation,DPG Carbon Flash/Orange Racing Stripes — Jake Hood Graphic Exclusions,approved,
1,b2df4eddc96b7f6e5cb2b55f57818d50bf285cb8c1b4641495595cb0b43f8a91,grand_sport_x,rule,grand_sport_x_group_dpg_excludes_any_8dde793fb122,DPG Carbon Flash/Orange Racing Stripes: excludes_any,grand_sport_x_rule_groups!7,TRUE,FALSE,manager,sec_gsha_001; sec_stri_001,excludes_any,7,source DPG Carbon Flash/Orange Racing Stripes; targets 17A Blade Silver Hash Marks; 20A Admiral Blue Hash Marks; 55A Competition Yellow Hash Marks.; 75A Torch Red Hash Marks; 97A Carbon Flash Hash Marks; DX4 Red Mist Hash Marks; Z15 Grand Sport Heritage Graphics,Ingest typed comparator proposal confirmation,DPG Carbon Flash/Orange Racing Stripes — Hash Mark and Z15 Exclusions,approved,
1,b2df4eddc96b7f6e5cb2b55f57818d50bf285cb8c1b4641495595cb0b43f8a91,grand_sport_x,rule,grand_sport_x_group_dpl_excludes_any_6b907dfa0c76,DPL Carbon Flash/Red Racing Stripes: excludes_any,grand_sport_x_rule_groups!8,TRUE,FALSE,manager,sec_gsha_001; sec_stri_001,excludes_any,7,source DPL Carbon Flash/Red Racing Stripes; targets 17A Blade Silver Hash Marks; 20A Admiral Blue Hash Marks; 55A Competition Yellow Hash Marks.; 75A Torch Red Hash Marks; 97A Carbon Flash Hash Marks; DX4 Red Mist Hash Marks; Z15 Grand Sport Heritage Graphics,Ingest typed comparator proposal confirmation,DPL Carbon Flash/Red Racing Stripes — Hash Mark and Z15 Exclusions,approved,
1,b2df4eddc96b7f6e5cb2b55f57818d50bf285cb8c1b4641495595cb0b43f8a91,grand_sport_x,rule,grand_sport_x_group_dpl_excludes_any_942680f3c88f,DPL Carbon Flash/Red Racing Stripes: excludes_any,grand_sport_x_rule_groups!9,TRUE,FALSE,manager,sec_jake_001,excludes_any,2,source DPL Carbon Flash/Red Racing Stripes; targets SHT Tech Bronze Jake Hood Graphic; SNE Jake Hood Graphic,Ingest typed comparator proposal confirmation,DPL Carbon Flash/Red Racing Stripes — Jake Hood Graphic Exclusions,approved,
1,b2df4eddc96b7f6e5cb2b55f57818d50bf285cb8c1b4641495595cb0b43f8a91,grand_sport_x,rule,grand_sport_x_group_dpt_excludes_any_a11da78c868a,DPT Carbon Flash/Silver Racing Stripes: excludes_any,grand_sport_x_rule_groups!10,TRUE,FALSE,manager,sec_jake_001,excludes_any,2,source DPT Carbon Flash/Silver Racing Stripes; targets SHT Tech Bronze Jake Hood Graphic; SNE Jake Hood Graphic,Ingest typed comparator proposal confirmation,DPT Carbon Flash/Silver Racing Stripes — Jake Hood Graphic Exclusions,approved,
1,b2df4eddc96b7f6e5cb2b55f57818d50bf285cb8c1b4641495595cb0b43f8a91,grand_sport_x,rule,grand_sport_x_group_dpt_excludes_any_d2c54fb4969b,DPT Carbon Flash/Silver Racing Stripes: excludes_any,grand_sport_x_rule_groups!11,TRUE,FALSE,manager,sec_gsha_001; sec_stri_001,excludes_any,7,source DPT Carbon Flash/Silver Racing Stripes; targets 17A Blade Silver Hash Marks; 20A Admiral Blue Hash Marks; 55A Competition Yellow Hash Marks.; 75A Torch Red Hash Marks; 97A Carbon Flash Hash Marks; DX4 Red Mist Hash Marks; Z15 Grand Sport Heritage Graphics,Ingest typed comparator proposal confirmation,DPT Carbon Flash/Silver Racing Stripes — Hash Mark and Z15 Exclusions,approved,
1,b2df4eddc96b7f6e5cb2b55f57818d50bf285cb8c1b4641495595cb0b43f8a91,grand_sport_x,rule,grand_sport_x_group_dsy_excludes_any_d2babd95ee7d,DSY Edge Orange Racing Stripes: excludes_any,grand_sport_x_rule_groups!12,TRUE,FALSE,manager,sec_jake_001,excludes_any,2,source DSY Edge Orange Racing Stripes; targets SHT Tech Bronze Jake Hood Graphic; SNE Jake Hood Graphic,Ingest typed comparator proposal confirmation,DSY Edge Orange Racing Stripes — Jake Hood Graphic Exclusions,approved,
1,b2df4eddc96b7f6e5cb2b55f57818d50bf285cb8c1b4641495595cb0b43f8a91,grand_sport_x,rule,grand_sport_x_group_dsy_excludes_any_d5ceed8abc92,DSY Edge Orange Racing Stripes: excludes_any,grand_sport_x_rule_groups!13,TRUE,FALSE,manager,sec_gsha_001; sec_stri_001,excludes_any,7,source DSY Edge Orange Racing Stripes; targets 17A Blade Silver Hash Marks; 20A Admiral Blue Hash Marks; 55A Competition Yellow Hash Marks.; 75A Torch Red Hash Marks; 97A Carbon Flash Hash Marks; DX4 Red Mist Hash Marks; Z15 Grand Sport Heritage Graphics,Ingest typed comparator proposal confirmation,DSY Edge Orange Racing Stripes — Hash Mark and Z15 Exclusions,approved,
1,b2df4eddc96b7f6e5cb2b55f57818d50bf285cb8c1b4641495595cb0b43f8a91,grand_sport_x,rule,grand_sport_x_group_dsz_excludes_any_f155d35085ec,DSZ Edge Red Racing Stripes: excludes_any,grand_sport_x_rule_groups!14,TRUE,FALSE,manager,sec_jake_001,excludes_any,2,source DSZ Edge Red Racing Stripes; targets SHT Tech Bronze Jake Hood Graphic; SNE Jake Hood Graphic,Ingest typed comparator proposal confirmation,DSZ Edge Red Racing Stripes — Jake Hood Graphic Exclusions,approved,
1,b2df4eddc96b7f6e5cb2b55f57818d50bf285cb8c1b4641495595cb0b43f8a91,grand_sport_x,rule,grand_sport_x_group_dsz_excludes_any_faf3811968a9,DSZ Edge Red Racing Stripes: excludes_any,grand_sport_x_rule_groups!15,TRUE,FALSE,manager,sec_gsha_001; sec_stri_001,excludes_any,7,source DSZ Edge Red Racing Stripes; targets 17A Blade Silver Hash Marks; 20A Admiral Blue Hash Marks; 55A Competition Yellow Hash Marks.; 75A Torch Red Hash Marks; 97A Carbon Flash Hash Marks; DX4 Red Mist Hash Marks; Z15 Grand Sport Heritage Graphics,Ingest typed comparator proposal confirmation,DSZ Edge Red Racing Stripes — Hash Mark and Z15 Exclusions,approved,
1,b2df4eddc96b7f6e5cb2b55f57818d50bf285cb8c1b4641495595cb0b43f8a91,grand_sport_x,rule,grand_sport_x_group_dt0_excludes_any_c98fc7b8e3ef,DT0 Competition Yellow Racing Stripes: excludes_any,grand_sport_x_rule_groups!16,TRUE,FALSE,manager,sec_jake_001,excludes_any,2,source DT0 Competition Yellow Racing Stripes; targets SHT Tech Bronze Jake Hood Graphic; SNE Jake Hood Graphic,Ingest typed comparator proposal confirmation,DT0 Competition Yellow Racing Stripes — Jake Hood Graphic Exclusions,approved,
1,b2df4eddc96b7f6e5cb2b55f57818d50bf285cb8c1b4641495595cb0b43f8a91,grand_sport_x,rule,grand_sport_x_group_dt0_excludes_any_ea411b392043,DT0 Competition Yellow Racing Stripes: excludes_any,grand_sport_x_rule_groups!17,TRUE,FALSE,manager,sec_gsha_001; sec_stri_001,excludes_any,7,source DT0 Competition Yellow Racing Stripes; targets 17A Blade Silver Hash Marks; 20A Admiral Blue Hash Marks; 55A Competition Yellow Hash Marks.; 75A Torch Red Hash Marks; 97A Carbon Flash Hash Marks; DX4 Red Mist Hash Marks; Z15 Grand Sport Heritage Graphics,Ingest typed comparator proposal confirmation,DT0 Competition Yellow Racing Stripes — Hash Mark and Z15 Exclusions,approved,
1,b2df4eddc96b7f6e5cb2b55f57818d50bf285cb8c1b4641495595cb0b43f8a91,grand_sport_x,rule,grand_sport_x_group_dth_excludes_any_77b6e2847689,DTH Carbon Flash Metallic Racing Stripes: excludes_any,grand_sport_x_rule_groups!18,TRUE,FALSE,manager,sec_gsha_001; sec_stri_001,excludes_any,7,source DTH Carbon Flash Metallic Racing Stripes; targets 17A Blade Silver Hash Marks; 20A Admiral Blue Hash Marks; 55A Competition Yellow Hash Marks.; 75A Torch Red Hash Marks; 97A Carbon Flash Hash Marks; DX4 Red Mist Hash Marks; Z15 Grand Sport Heritage Graphics,Ingest typed comparator proposal confirmation,DTH Carbon Flash Metallic Racing Stripes — Hash Mark and Z15 Exclusions,approved,
1,b2df4eddc96b7f6e5cb2b55f57818d50bf285cb8c1b4641495595cb0b43f8a91,grand_sport_x,rule,grand_sport_x_group_dth_excludes_any_e136eb3a8eda,DTH Carbon Flash Metallic Racing Stripes: excludes_any,grand_sport_x_rule_groups!19,TRUE,FALSE,manager,sec_jake_001,excludes_any,2,source DTH Carbon Flash Metallic Racing Stripes; targets SHT Tech Bronze Jake Hood Graphic; SNE Jake Hood Graphic,Ingest typed comparator proposal confirmation,DTH Carbon Flash Metallic Racing Stripes — Jake Hood Graphic Exclusions,approved,
1,b2df4eddc96b7f6e5cb2b55f57818d50bf285cb8c1b4641495595cb0b43f8a91,grand_sport_x,rule,grand_sport_x_group_dub_excludes_any_3b70d8743ca9,DUB Sterling Silver Racing Stripes: excludes_any,grand_sport_x_rule_groups!20,TRUE,FALSE,manager,sec_jake_001,excludes_any,2,source DUB Sterling Silver Racing Stripes; targets SHT Tech Bronze Jake Hood Graphic; SNE Jake Hood Graphic,Ingest typed comparator proposal confirmation,DUB Sterling Silver Racing Stripes — Jake Hood Graphic Exclusions,approved,
1,b2df4eddc96b7f6e5cb2b55f57818d50bf285cb8c1b4641495595cb0b43f8a91,grand_sport_x,rule,grand_sport_x_group_dub_excludes_any_733d1232a80c,DUB Sterling Silver Racing Stripes: excludes_any,grand_sport_x_rule_groups!21,TRUE,FALSE,manager,sec_gsha_001; sec_stri_001,excludes_any,7,source DUB Sterling Silver Racing Stripes; targets 17A Blade Silver Hash Marks; 20A Admiral Blue Hash Marks; 55A Competition Yellow Hash Marks.; 75A Torch Red Hash Marks; 97A Carbon Flash Hash Marks; DX4 Red Mist Hash Marks; Z15 Grand Sport Heritage Graphics,Ingest typed comparator proposal confirmation,DUB Sterling Silver Racing Stripes — Hash Mark and Z15 Exclusions,approved,
1,b2df4eddc96b7f6e5cb2b55f57818d50bf285cb8c1b4641495595cb0b43f8a91,grand_sport_x,rule,grand_sport_x_group_due_excludes_any_03f04853fdcf,DUE Santorini Blue/Carbon Flash Racing Stripes: excludes_any,grand_sport_x_rule_groups!22,TRUE,FALSE,manager,sec_jake_001,excludes_any,2,source DUE Santorini Blue/Carbon Flash Racing Stripes; targets SHT Tech Bronze Jake Hood Graphic; SNE Jake Hood Graphic,Ingest typed comparator proposal confirmation,DUE Santorini Blue/Carbon Flash Racing Stripes — Jake Hood Graphic Exclusions,approved,
1,b2df4eddc96b7f6e5cb2b55f57818d50bf285cb8c1b4641495595cb0b43f8a91,grand_sport_x,rule,grand_sport_x_group_due_excludes_any_2e1e846fd4ce,DUE Santorini Blue/Carbon Flash Racing Stripes: excludes_any,grand_sport_x_rule_groups!23,TRUE,FALSE,manager,sec_gsha_001; sec_stri_001,excludes_any,7,source DUE Santorini Blue/Carbon Flash Racing Stripes; targets 17A Blade Silver Hash Marks; 20A Admiral Blue Hash Marks; 55A Competition Yellow Hash Marks.; 75A Torch Red Hash Marks; 97A Carbon Flash Hash Marks; DX4 Red Mist Hash Marks; Z15 Grand Sport Heritage Graphics,Ingest typed comparator proposal confirmation,DUE Santorini Blue/Carbon Flash Racing Stripes — Hash Mark and Z15 Exclusions,approved,
1,b2df4eddc96b7f6e5cb2b55f57818d50bf285cb8c1b4641495595cb0b43f8a91,grand_sport_x,rule,grand_sport_x_group_duk_excludes_any_6cf775f69001,DUK Edge Red/Carbon Flash Racing Stripes: excludes_any,grand_sport_x_rule_groups!24,TRUE,FALSE,manager,sec_gsha_001; sec_stri_001,excludes_any,7,source DUK Edge Red/Carbon Flash Racing Stripes; targets 17A Blade Silver Hash Marks; 20A Admiral Blue Hash Marks; 55A Competition Yellow Hash Marks.; 75A Torch Red Hash Marks; 97A Carbon Flash Hash Marks; DX4 Red Mist Hash Marks; Z15 Grand Sport Heritage Graphics,Ingest typed comparator proposal confirmation,DUK Edge Red/Carbon Flash Racing Stripes — Hash Mark and Z15 Exclusions,approved,
1,b2df4eddc96b7f6e5cb2b55f57818d50bf285cb8c1b4641495595cb0b43f8a91,grand_sport_x,rule,grand_sport_x_group_duk_excludes_any_f243b10fb86e,DUK Edge Red/Carbon Flash Racing Stripes: excludes_any,grand_sport_x_rule_groups!25,TRUE,FALSE,manager,sec_jake_001,excludes_any,2,source DUK Edge Red/Carbon Flash Racing Stripes; targets SHT Tech Bronze Jake Hood Graphic; SNE Jake Hood Graphic,Ingest typed comparator proposal confirmation,DUK Edge Red/Carbon Flash Racing Stripes — Jake Hood Graphic Exclusions,approved,
1,b2df4eddc96b7f6e5cb2b55f57818d50bf285cb8c1b4641495595cb0b43f8a91,grand_sport_x,rule,grand_sport_x_group_dzu_excludes_any_7adc71f358d8,DZU Carbon Flash/Competition Yellow Stinger Stripe: excludes_any,grand_sport_x_rule_groups!26,TRUE,FALSE,manager,sec_gsha_001; sec_stri_001,excludes_any,7,source DZU Carbon Flash/Competition Yellow Stinger Stripe; targets 17A Blade Silver Hash Marks; 20A Admiral Blue Hash Marks; 55A Competition Yellow Hash Marks.; 75A Torch Red Hash Marks; 97A Carbon Flash Hash Marks; DX4 Red Mist Hash Marks; Z15 Grand Sport Heritage Graphics,Ingest typed comparator proposal confirmation,DZU Carbon Flash/Competition Yellow Stinger Stripe — Hash Mark and Z15 Exclusions,approved,
1,b2df4eddc96b7f6e5cb2b55f57818d50bf285cb8c1b4641495595cb0b43f8a91,grand_sport_x,rule,grand_sport_x_group_dzu_excludes_any_985acc11b53e,DZU Carbon Flash/Competition Yellow Stinger Stripe: excludes_any,grand_sport_x_rule_groups!27,TRUE,FALSE,manager,sec_jake_001,excludes_any,2,source DZU Carbon Flash/Competition Yellow Stinger Stripe; targets SHT Tech Bronze Jake Hood Graphic; SNE Jake Hood Graphic,Ingest typed comparator proposal confirmation,DZU Carbon Flash/Competition Yellow Stinger Stripe — Jake Hood Graphic Exclusions,approved,
1,b2df4eddc96b7f6e5cb2b55f57818d50bf285cb8c1b4641495595cb0b43f8a91,grand_sport_x,rule,grand_sport_x_group_dzv_excludes_any_69cae05f1cfe,DZV Carbon Flash/Midnight Silver Stinger Stripe: excludes_any,grand_sport_x_rule_groups!28,TRUE,FALSE,manager,sec_jake_001,excludes_any,2,source DZV Carbon Flash/Midnight Silver Stinger Stripe; targets SHT Tech Bronze Jake Hood Graphic; SNE Jake Hood Graphic,Ingest typed comparator proposal confirmation,DZV Carbon Flash/Midnight Silver Stinger Stripe — Jake Hood Graphic Exclusions,approved,
1,b2df4eddc96b7f6e5cb2b55f57818d50bf285cb8c1b4641495595cb0b43f8a91,grand_sport_x,rule,grand_sport_x_group_dzv_excludes_any_a44bbdfaaf85,DZV Carbon Flash/Midnight Silver Stinger Stripe: excludes_any,grand_sport_x_rule_groups!29,TRUE,FALSE,manager,sec_gsha_001; sec_stri_001,excludes_any,7,source DZV Carbon Flash/Midnight Silver Stinger Stripe; targets 17A Blade Silver Hash Marks; 20A Admiral Blue Hash Marks; 55A Competition Yellow Hash Marks.; 75A Torch Red Hash Marks; 97A Carbon Flash Hash Marks; DX4 Red Mist Hash Marks; Z15 Grand Sport Heritage Graphics,Ingest typed comparator proposal confirmation,DZV Carbon Flash/Midnight Silver Stinger Stripe — Hash Mark and Z15 Exclusions,approved,
1,b2df4eddc96b7f6e5cb2b55f57818d50bf285cb8c1b4641495595cb0b43f8a91,grand_sport_x,rule,grand_sport_x_group_dzx_excludes_any_8eb7137839ef,DZX Carbon Flash/Edge Red Stinger Stripe: excludes_any,grand_sport_x_rule_groups!30,TRUE,FALSE,manager,sec_jake_001,excludes_any,2,source DZX Carbon Flash/Edge Red Stinger Stripe; targets SHT Tech Bronze Jake Hood Graphic; SNE Jake Hood Graphic,Ingest typed comparator proposal confirmation,DZX Carbon Flash/Edge Red Stinger Stripe — Jake Hood Graphic Exclusions,approved,
1,b2df4eddc96b7f6e5cb2b55f57818d50bf285cb8c1b4641495595cb0b43f8a91,grand_sport_x,rule,grand_sport_x_group_dzx_excludes_any_f830aa822d8e,DZX Carbon Flash/Edge Red Stinger Stripe: excludes_any,grand_sport_x_rule_groups!31,TRUE,FALSE,manager,sec_gsha_001; sec_stri_001,excludes_any,7,source DZX Carbon Flash/Edge Red Stinger Stripe; targets 17A Blade Silver Hash Marks; 20A Admiral Blue Hash Marks; 55A Competition Yellow Hash Marks.; 75A Torch Red Hash Marks; 97A Carbon Flash Hash Marks; DX4 Red Mist Hash Marks; Z15 Grand Sport Heritage Graphics,Ingest typed comparator proposal confirmation,DZX Carbon Flash/Edge Red Stinger Stripe — Hash Mark and Z15 Exclusions,approved,
1,b2df4eddc96b7f6e5cb2b55f57818d50bf285cb8c1b4641495595cb0b43f8a91,grand_sport_x,rule,grand_sport_x_group_pda_excludes_any_191458a71598,PDA Jake C8.R Graphics Package: excludes_any,grand_sport_x_rule_groups!32,TRUE,FALSE,manager,sec_gsha_001; sec_stri_001,excludes_any,7,source PDA Jake C8.R Graphics Package; targets 17A Blade Silver Hash Marks; 20A Admiral Blue Hash Marks; 55A Competition Yellow Hash Marks.; 75A Torch Red Hash Marks; 97A Carbon Flash Hash Marks; DX4 Red Mist Hash Marks; Z15 Grand Sport Heritage Graphics,Ingest typed comparator proposal confirmation,PDA Jake C8.R Graphics Package — Hash Mark and Z15 Exclusions,approved,
1,b2df4eddc96b7f6e5cb2b55f57818d50bf285cb8c1b4641495595cb0b43f8a91,grand_sport_x,rule,grand_sport_x_group_sht_excludes_any_ed76175b16f3,SHT Tech Bronze Jake Hood Graphic: excludes_any,grand_sport_x_rule_groups!33,TRUE,FALSE,manager,sec_gsha_001; sec_stri_001,excludes_any,7,source SHT Tech Bronze Jake Hood Graphic; targets 17A Blade Silver Hash Marks; 20A Admiral Blue Hash Marks; 55A Competition Yellow Hash Marks.; 75A Torch Red Hash Marks; 97A Carbon Flash Hash Marks; DX4 Red Mist Hash Marks; Z15 Grand Sport Heritage Graphics,Ingest typed comparator proposal confirmation,SHT Tech Bronze Jake Hood Graphic — Hash Mark and Z15 Exclusions,approved,
1,b2df4eddc96b7f6e5cb2b55f57818d50bf285cb8c1b4641495595cb0b43f8a91,grand_sport_x,rule,grand_sport_x_group_sne_excludes_any_1102a28431ec,SNE Jake Hood Graphic: excludes_any,grand_sport_x_rule_groups!34,TRUE,FALSE,manager,sec_gsha_001; sec_stri_001,excludes_any,7,source SNE Jake Hood Graphic; targets 17A Blade Silver Hash Marks; 20A Admiral Blue Hash Marks; 55A Competition Yellow Hash Marks.; 75A Torch Red Hash Marks; 97A Carbon Flash Hash Marks; DX4 Red Mist Hash Marks; Z15 Grand Sport Heritage Graphics,Ingest typed comparator proposal confirmation,SNE Jake Hood Graphic — Hash Mark and Z15 Exclusions,approved,
1,b2df4eddc96b7f6e5cb2b55f57818d50bf285cb8c1b4641495595cb0b43f8a91,grand_sport_x,rule,grand_sport_x_group_vpo_excludes_any_cb63cd4970bf,VPO Tech Bronze Jake C8.R Rear Hash Graphic: excludes_any,grand_sport_x_rule_groups!35,TRUE,FALSE,manager,sec_hash_001; sec_jake_001; sec_stri_001,excludes_any,4,source VPO Tech Bronze Jake C8.R Rear Hash Graphic; targets PDA Jake C8.R Graphics Package; SNE Jake Hood Graphic; VPW Jake C8.R Rear Hash Graphic; Z15 Grand Sport Heritage Graphics,Ingest typed comparator proposal confirmation,VPO Tech Bronze Jake C8.R Rear Hash Graphic — Jake Graphic and Z15 Exclusions,approved,
1,b2df4eddc96b7f6e5cb2b55f57818d50bf285cb8c1b4641495595cb0b43f8a91,grand_sport_x,rule,grand_sport_x_group_vpo_excludes_any_e4140e073049,VPO Tech Bronze Jake C8.R Rear Hash Graphic: excludes_any,grand_sport_x_rule_groups!36,TRUE,FALSE,manager,sec_gsha_001; sec_stri_001,excludes_any,7,source VPO Tech Bronze Jake C8.R Rear Hash Graphic; targets 17A Blade Silver Hash Marks; 20A Admiral Blue Hash Marks; 55A Competition Yellow Hash Marks.; 75A Torch Red Hash Marks; 97A Carbon Flash Hash Marks; DX4 Red Mist Hash Marks; Z15 Grand Sport Heritage Graphics,Ingest typed comparator proposal confirmation,VPO Tech Bronze Jake C8.R Rear Hash Graphic — Hash Mark and Z15 Exclusions,approved,
1,b2df4eddc96b7f6e5cb2b55f57818d50bf285cb8c1b4641495595cb0b43f8a91,grand_sport_x,rule,grand_sport_x_group_vpw_excludes_any_84d1271c9187,VPW Jake C8.R Rear Hash Graphic: excludes_any,grand_sport_x_rule_groups!37,TRUE,FALSE,manager,sec_hash_001; sec_jake_001,excludes_any,2,source VPW Jake C8.R Rear Hash Graphic; targets SHT Tech Bronze Jake Hood Graphic; VPO Tech Bronze Jake C8.R Rear Hash Graphic,Ingest typed comparator proposal confirmation,VPW Jake C8.R Rear Hash Graphic — Jake Graphic Exclusions,approved,
1,b2df4eddc96b7f6e5cb2b55f57818d50bf285cb8c1b4641495595cb0b43f8a91,grand_sport_x,rule,grand_sport_x_group_vpw_excludes_any_c8bc4a394620,VPW Jake C8.R Rear Hash Graphic: excludes_any,grand_sport_x_rule_groups!38,TRUE,FALSE,manager,sec_gsha_001; sec_stri_001,excludes_any,7,source VPW Jake C8.R Rear Hash Graphic; targets 17A Blade Silver Hash Marks; 20A Admiral Blue Hash Marks; 55A Competition Yellow Hash Marks.; 75A Torch Red Hash Marks; 97A Carbon Flash Hash Marks; DX4 Red Mist Hash Marks; Z15 Grand Sport Heritage Graphics,Ingest typed comparator proposal confirmation,VPW Jake C8.R Rear Hash Graphic — Hash Mark and Z15 Exclusions,approved,
1,b2df4eddc96b7f6e5cb2b55f57818d50bf285cb8c1b4641495595cb0b43f8a91,grand_sport_x,rule,gsx_group_sfz_excludes_badge_and_stripe_choices,SFZ Dark Stealth Crossed Flags Emblems: excludes_any,grand_sport_x_rule_groups!39,TRUE,FALSE,manager,sec_badg_001; sec_gsce_001; sec_stri_001,excludes_any,19,source SFZ Dark Stealth Crossed Flags Emblems; targets EYK Chrome Exterior Badge Package; DPB Carbon Flash/Blue Racing Stripes; DPC Carbon Flash/Yellow Racing Stripes; DPG Carbon Flash/Orange Racing Stripes; DPL Carbon Flash/Red Racing Stripes; DPT Carbon Flash/Silver Racing Stripes; DSY Edge Orange Racing Stripes; DSZ Edge Red Racing Stripes; DT0 Competition Yellow Racing Stripes; DTC Royal Blue Racing Stripes; DTH Carbon Flash Metallic Racing Stripes; DUB Sterling Silver Racing Stripes; DUE Santorini Blue/Carbon Flash Racing Stripes; DUK Edge Red/Carbon Flash Racing Stripes; DMU Carbon Flash Center Stripe; DMV Blade Silver Center Stripe; DMW Arctic White Center Stripe; DMX Admiral Blue Center Stripe; DMY Red Mist Center Stripe,Workbook-owned grouped exclusion metadata.,SFZ Dark Stealth Crossed Flags Emblems — Badge and Stripe Exclusions,approved,
1,b2df4eddc96b7f6e5cb2b55f57818d50bf285cb8c1b4641495595cb0b43f8a91,grand_sport_x,rule,gsx_group_pda_excludes_full_length_stripes,PDA Jake C8.R Graphics Package: excludes_any,grand_sport_x_rule_groups!40,TRUE,FALSE,manager,sec_stri_001,excludes_any,16,source PDA Jake C8.R Graphics Package; targets DPB Carbon Flash/Blue Racing Stripes; DPC Carbon Flash/Yellow Racing Stripes; DPG Carbon Flash/Orange Racing Stripes; DPL Carbon Flash/Red Racing Stripes; DPT Carbon Flash/Silver Racing Stripes; DSY Edge Orange Racing Stripes; DSZ Edge Red Racing Stripes; DT0 Competition Yellow Racing Stripes; DTC Royal Blue Racing Stripes; DTH Carbon Flash Metallic Racing Stripes; DUB Sterling Silver Racing Stripes; DUE Santorini Blue/Carbon Flash Racing Stripes; DUK Edge Red/Carbon Flash Racing Stripes; DZU Carbon Flash/Competition Yellow Stinger Stripe; DZV Carbon Flash/Midnight Silver Stinger Stripe; DZX Carbon Flash/Edge Red Stinger Stripe,Grand Sport parity for the canonical PDA stripe disclosure; includes GSX-only DTC and omits absent DUW.,PDA Jake C8.R Graphics Package — Full-Length Stripe Exclusions,approved,
1,b2df4eddc96b7f6e5cb2b55f57818d50bf285cb8c1b4641495595cb0b43f8a91,grand_sport_x,rule,gsx_group_sne_excludes_full_length_stripes_and_jake_conflicts,SNE Jake Hood Graphic: excludes_any,grand_sport_x_rule_groups!41,TRUE,FALSE,manager,sec_hash_001; sec_jake_001; sec_stri_001,excludes_any,18,source SNE Jake Hood Graphic; targets DPB Carbon Flash/Blue Racing Stripes; DPC Carbon Flash/Yellow Racing Stripes; DPG Carbon Flash/Orange Racing Stripes; DPL Carbon Flash/Red Racing Stripes; DPT Carbon Flash/Silver Racing Stripes; DSY Edge Orange Racing Stripes; DSZ Edge Red Racing Stripes; DT0 Competition Yellow Racing Stripes; DTC Royal Blue Racing Stripes; DTH Carbon Flash Metallic Racing Stripes; DUB Sterling Silver Racing Stripes; DUE Santorini Blue/Carbon Flash Racing Stripes; DUK Edge Red/Carbon Flash Racing Stripes; DZU Carbon Flash/Competition Yellow Stinger Stripe; DZV Carbon Flash/Midnight Silver Stinger Stripe; DZX Carbon Flash/Edge Red Stinger Stripe; SHT Tech Bronze Jake Hood Graphic; VPO Tech Bronze Jake C8.R Rear Hash Graphic,Grand Sport parity for the canonical SNE disclosure; includes GSX-only DTC and omits absent DUW.,SNE Jake Hood Graphic — Stripe and Jake Graphic Exclusions,approved,
1,b2df4eddc96b7f6e5cb2b55f57818d50bf285cb8c1b4641495595cb0b43f8a91,grand_sport_x,rule,gsx_group_sht_excludes_full_length_stripes_and_jake_conflicts,SHT Tech Bronze Jake Hood Graphic: excludes_any,grand_sport_x_rule_groups!42,TRUE,FALSE,manager,sec_hash_001; sec_jake_001; sec_stri_001,excludes_any,19,source SHT Tech Bronze Jake Hood Graphic; targets DPB Carbon Flash/Blue Racing Stripes; DPC Carbon Flash/Yellow Racing Stripes; DPG Carbon Flash/Orange Racing Stripes; DPL Carbon Flash/Red Racing Stripes; DPT Carbon Flash/Silver Racing Stripes; DSY Edge Orange Racing Stripes; DSZ Edge Red Racing Stripes; DT0 Competition Yellow Racing Stripes; DTC Royal Blue Racing Stripes; DTH Carbon Flash Metallic Racing Stripes; DUB Sterling Silver Racing Stripes; DUE Santorini Blue/Carbon Flash Racing Stripes; DUK Edge Red/Carbon Flash Racing Stripes; DZU Carbon Flash/Competition Yellow Stinger Stripe; DZV Carbon Flash/Midnight Silver Stinger Stripe; DZX Carbon Flash/Edge Red Stinger Stripe; PDA Jake C8.R Graphics Package; SNE Jake Hood Graphic; VPW Jake C8.R Rear Hash Graphic,Grand Sport parity for the canonical SHT disclosure; includes GSX-only DTC and omits absent DUW.,SHT Tech Bronze Jake Hood Graphic — Stripe and Jake Graphic Exclusions,approved,
1,b2df4eddc96b7f6e5cb2b55f57818d50bf285cb8c1b4641495595cb0b43f8a91,grand_sport_x,rule,gsx_group_dtc_excludes_jake_hood_graphics,DTC Royal Blue Racing Stripes: excludes_any,grand_sport_x_rule_groups!43,TRUE,FALSE,manager,sec_jake_001,excludes_any,2,source DTC Royal Blue Racing Stripes; targets SHT Tech Bronze Jake Hood Graphic; SNE Jake Hood Graphic,GSX-only reverse stripe owner aligned to the Grand Sport per-stripe Jake-graphic topology.,DTC Royal Blue Racing Stripes — Jake Hood Graphic Exclusions,approved,
1,b2df4eddc96b7f6e5cb2b55f57818d50bf285cb8c1b4641495595cb0b43f8a91,grand_sport_x,rule,gsx_group_cf8_excludes_stripe_choices,CF8 Electrochromic Dimming Roof Panel: excludes_any,grand_sport_x_rule_groups!44,TRUE,FALSE,manager,sec_gsce_001; sec_stri_001,excludes_any,18,source CF8 Electrochromic Dimming Roof Panel; targets DMU Carbon Flash Center Stripe; DMV Blade Silver Center Stripe; DMW Arctic White Center Stripe; DMX Admiral Blue Center Stripe; DMY Red Mist Center Stripe; DPB Carbon Flash/Blue Racing Stripes; DPC Carbon Flash/Yellow Racing Stripes; DPG Carbon Flash/Orange Racing Stripes; DPL Carbon Flash/Red Racing Stripes; DPT Carbon Flash/Silver Racing Stripes; DSY Edge Orange Racing Stripes; DSZ Edge Red Racing Stripes; DT0 Competition Yellow Racing Stripes; DTC Royal Blue Racing Stripes; DTH Carbon Flash Metallic Racing Stripes; DUB Sterling Silver Racing Stripes; DUE Santorini Blue/Carbon Flash Racing Stripes; DUK Edge Red/Carbon Flash Racing Stripes,GSX CF8 disclosure-backed full-length and Grand Sport center stripe conflicts; includes DTC and omits absent DUW.,CF8 Electrochromic Dimming Roof Panel — Stripe Exclusions,approved,
1,b2df4eddc96b7f6e5cb2b55f57818d50bf285cb8c1b4641495595cb0b43f8a91,stingray,exclusive,grp_ls6_engine_covers,Grp Ls6 Engine Covers,exclusive_groups!2,TRUE,TRUE,customer,sec_engi_001,single_within_group,4,BC7 Black LS6 Engine Cover; BCP Edge Red LS6 Engine Cover; BCS Sterling Silver LS6 Engine Cover; BC4 Blue LS6 Engine Cover,LS6 engine cover choices are mutually exclusive within the Engine Appearance section.,LS6 Engine Covers,approved,
1,b2df4eddc96b7f6e5cb2b55f57818d50bf285cb8c1b4641495595cb0b43f8a91,stingray,exclusive,grp_spoiler_high_wing,Grp Spoiler High Wing,exclusive_groups!3,TRUE,TRUE,customer,sec_spoi_001,single_within_group,4,T0A Z51 Spoiler; TVS Low-Profile Rear Spoiler and Front Splitter; 5ZZ Carbon Flash Metallic High Wing Spoiler; 5ZU Body-Color High Wing Spoiler,Spoiler choices are mutually exclusive within the Spoiler section.,Spoiler,approved,
1,b2df4eddc96b7f6e5cb2b55f57818d50bf285cb8c1b4641495595cb0b43f8a91,stingray,exclusive,excl_center_caps,Excl Center Caps,exclusive_groups!4,TRUE,TRUE,customer,sec_whee_001,single_within_group,5,RXJ Black Wheel Center Caps with Gray Stingray Logo; VWD Stingray R Logo Wheel Center Caps; 5ZD Carbon Flash Crossed Flags Wheel Center Caps; 5ZC Jake Logo Wheel Center Caps; RXH Silver Stingray Logo Wheel Center Caps with Red Outline,Center cap choices are mutually exclusive within the Wheels section.,Wheel Center Caps,approved,
1,b2df4eddc96b7f6e5cb2b55f57818d50bf285cb8c1b4641495595cb0b43f8a91,stingray,exclusive,excl_indoor_car_covers,Excl Indoor Car Covers,exclusive_groups!5,TRUE,TRUE,customer,sec_lpoe_001,single_within_group,4,RWH Black Premium Indoor Car Cover; SL1 Red Premium Indoor Car Cover; WKR GT3.R Premium Indoor Car Cover; WKQ Black Premium Indoor Car Cover with Access Panels,"Indoor car cover choices are mutually exclusive within the Aero, Exhaust, Stripes & Accessories section.",Indoor Car Covers,approved,
1,b2df4eddc96b7f6e5cb2b55f57818d50bf285cb8c1b4641495595cb0b43f8a91,stingray,exclusive,excl_outdoor_car_covers,Excl Outdoor Car Covers,exclusive_groups!6,TRUE,TRUE,customer,sec_lpoe_001,single_within_group,2,RNX Gray Premium Outdoor Car Cover with Access Panels; RWJ Gray Premium Outdoor Car Cover,"Outdoor car cover choices are mutually exclusive within the Aero, Exhaust, Stripes & Accessories section.",Outdoor Car Covers,approved,
1,b2df4eddc96b7f6e5cb2b55f57818d50bf285cb8c1b4641495595cb0b43f8a91,stingray,exclusive,excl_suede_trunk_liner,Excl Suede Trunk Liner,exclusive_groups!7,TRUE,TRUE,customer,sec_lpoi_001,single_within_group,3,SXB Black Suede Frunk and Trunk Liner; SXR Adrenaline Red Suede Frunk and Trunk Liner; SXT Natural Suede Frunk and Trunk Liner,Suede trunk liner choices are mutually exclusive within the Interior Trim section.,Suede Frunk and Trunk Liners,approved,
1,b2df4eddc96b7f6e5cb2b55f57818d50bf285cb8c1b4641495595cb0b43f8a91,stingray,exclusive,excl_ext_accents,Excl Ext Accents,exclusive_groups!8,TRUE,TRUE,customer,sec_exte_001,required_single_within_group,3,EFR Carbon Flash Painted Accents; EFY Body-Color Exterior Accents; EDU Body-Color and Carbon Flash Accents,Exterior Accent options require one active accent selection; selected default cannot be cleared without choosing another accent package.,Exterior Accents,approved,
1,b2df4eddc96b7f6e5cb2b55f57818d50bf285cb8c1b4641495595cb0b43f8a91,stingray,exclusive,excl_seat_belts,Excl Seat Belts,exclusive_groups!9,TRUE,TRUE,customer,sec_seat_001,single_within_group,6,719 Black Seat Belt Color; 3N9 Natural Seat Belt Color; 379 Orange Seat Belt Color; 3A9 Santorini Blue Seat Belt Color; 3F9 Torch Red Seat Belt Color; 3M9 Yellow Seat Belt Color,Stingray seatbelt colors are mutually exclusive; included 3LT interior seatbelts lock peers.,Seat Belt Color,approved,
1,b2df4eddc96b7f6e5cb2b55f57818d50bf285cb8c1b4641495595cb0b43f8a91,stingray,exclusive,excl_rear_script_badges,Excl Rear Script Badges,exclusive_groups!10,TRUE,TRUE,customer,sec_lpoe_001,single_within_group,3,RIK Torch Red Rear Corvette Script Badge; RIN Arctic White Rear Corvette Script Badge; SL8 Edge Red Rear Corvette Script Badge,Rear Corvette script badge color choices are mutually exclusive within the LPO Exterior section.,Rear Corvette Script Badge Color,approved,
1,b2df4eddc96b7f6e5cb2b55f57818d50bf285cb8c1b4641495595cb0b43f8a91,stingray,exclusive,excl_exhaust_path,Excl Exhaust Path,exclusive_groups!11,TRUE,TRUE,customer,sec_exha_001,required_single_within_group,2,NGA Black Exhaust Tips; NWI Bright Chrome Exhaust Tips,"Stingray NGA and NWI are mutually exclusive required exhaust-tip choices; NWI still requires WUB, and WUB is not an exhaust-tip peer.",Exhaust Tips,approved,
1,b2df4eddc96b7f6e5cb2b55f57818d50bf285cb8c1b4641495595cb0b43f8a91,stingray,rule,grp_5v7_spoiler_requirement,5V7 Black Ground Effects: requires_any,rule_groups!2,TRUE,FALSE,manager,sec_spoi_001,requires_any,2,source 5V7 Black Ground Effects; targets 5ZU Body-Color High Wing Spoiler; 5ZZ Carbon Flash Metallic High Wing Spoiler,5V7 is available when either approved high wing spoiler is selected.,5V7 Black Ground Effects — High Wing Spoiler Requirements,approved,
1,b2df4eddc96b7f6e5cb2b55f57818d50bf285cb8c1b4641495595cb0b43f8a91,stingray,rule,grp_5zu_paint_requirement,5ZU Body-Color High Wing Spoiler: requires_any,rule_groups!3,TRUE,FALSE,manager,sec_pain_001,requires_any,3,source 5ZU Body-Color High Wing Spoiler; targets G8G Arctic White; GBA Black; GKZ Torch Red,5ZU body-color spoiler requires one approved body color.,5ZU Body-Color High Wing Spoiler — Paint Color Requirements,approved,
1,b2df4eddc96b7f6e5cb2b55f57818d50bf285cb8c1b4641495595cb0b43f8a91,stingray,rule,grp_pcx_excludes_blocked_choices,PCX Tech Bronze Accent Package: excludes_any,rule_groups!4,TRUE,FALSE,manager,sec_badg_001; sec_cust_001; sec_lpoe_001; sec_stri_001; sec_whee_001,excludes_any,24,source PCX Tech Bronze Accent Package; targets DPB Carbon Flash/Blue Racing Stripes; DPC Carbon Flash/Yellow Racing Stripes; DPG Carbon Flash/Orange Racing Stripes; DPL Carbon Flash/Red Racing Stripes; DPT Carbon Flash/Silver Racing Stripes; DSY Edge Orange Racing Stripes; DSZ Edge Red Racing Stripes; DT0 Competition Yellow Racing Stripes; DTH Carbon Flash Metallic Racing Stripes; DUB Sterling Silver Racing Stripes; DUE Santorini Blue/Carbon Flash Racing Stripes; DUK Edge Red/Carbon Flash Racing Stripes; DUW Edge Blue Racing Stripes; DZU Carbon Flash/Competition Yellow Stinger Stripe; DZV Carbon Flash/Midnight Silver Stinger Stripe; DZX Carbon Flash/Edge Red Stinger Stripe; EYK Chrome Exterior Badge Package; PDV Stingray R Appearance Package; R8C Corvette Museum Delivery; S47 Chrome Lug Nuts; SB7 Corvette Racing Themed Jake and Stingray R Graphics Package; SFE Chrome Wheel Locks; SPY Black Lug Nuts; SPZ Black Wheel Locks,Workbook-owned grouped exclusion metadata.,PCX Tech Bronze Accent Package — Conflicting Choice Exclusions,approved,
1,b2df4eddc96b7f6e5cb2b55f57818d50bf285cb8c1b4641495595cb0b43f8a91,stingray,rule,grp_pdv_excludes_full_length_stripes,PDV Stingray R Appearance Package: excludes_any,rule_groups!5,TRUE,FALSE,manager,sec_stri_001,excludes_any,16,source PDV Stingray R Appearance Package; targets DPB Carbon Flash/Blue Racing Stripes; DPC Carbon Flash/Yellow Racing Stripes; DPG Carbon Flash/Orange Racing Stripes; DPL Carbon Flash/Red Racing Stripes; DPT Carbon Flash/Silver Racing Stripes; DSY Edge Orange Racing Stripes; DSZ Edge Red Racing Stripes; DT0 Competition Yellow Racing Stripes; DTH Carbon Flash Metallic Racing Stripes; DUB Sterling Silver Racing Stripes; DUE Santorini Blue/Carbon Flash Racing Stripes; DUK Edge Red/Carbon Flash Racing Stripes; DUW Edge Blue Racing Stripes; DZU Carbon Flash/Competition Yellow Stinger Stripe; DZV Carbon Flash/Midnight Silver Stinger Stripe; DZX Carbon Flash/Edge Red Stinger Stripe,Workbook-owned grouped exclusion metadata.,PDV Stingray R Appearance Package — Full-Length Stripe Exclusions,approved,
1,b2df4eddc96b7f6e5cb2b55f57818d50bf285cb8c1b4641495595cb0b43f8a91,stingray,rule,grp_r88_excludes_badge_and_stripe_choices,R88 Front Illuminated Crossed Flags Emblem: excludes_any,rule_groups!6,TRUE,FALSE,manager,sec_badg_001; sec_lpoe_001; sec_stri_001,excludes_any,15,source R88 Front Illuminated Crossed Flags Emblem; targets DPB Carbon Flash/Blue Racing Stripes; DPC Carbon Flash/Yellow Racing Stripes; DPG Carbon Flash/Orange Racing Stripes; DPL Carbon Flash/Red Racing Stripes; DPT Carbon Flash/Silver Racing Stripes; DSY Edge Orange Racing Stripes; DSZ Edge Red Racing Stripes; DT0 Competition Yellow Racing Stripes; DTH Carbon Flash Metallic Racing Stripes; DUB Sterling Silver Racing Stripes; DUE Santorini Blue/Carbon Flash Racing Stripes; DUK Edge Red/Carbon Flash Racing Stripes; DUW Edge Blue Racing Stripes; EYK Chrome Exterior Badge Package; SFZ Dark Stealth Crossed Flags Front Emblem,Workbook-owned grouped exclusion metadata.,R88 Front Illuminated Crossed Flags Emblem — Badge and Stripe Exclusions,approved,
1,b2df4eddc96b7f6e5cb2b55f57818d50bf285cb8c1b4641495595cb0b43f8a91,stingray,rule,grp_sfz_excludes_badge_and_stripe_choices,SFZ Dark Stealth Crossed Flags Front Emblem: excludes_any,rule_groups!7,TRUE,FALSE,manager,sec_badg_001; sec_stri_001,excludes_any,14,source SFZ Dark Stealth Crossed Flags Front Emblem; targets DPB Carbon Flash/Blue Racing Stripes; DPC Carbon Flash/Yellow Racing Stripes; DPG Carbon Flash/Orange Racing Stripes; DPL Carbon Flash/Red Racing Stripes; DPT Carbon Flash/Silver Racing Stripes; DSY Edge Orange Racing Stripes; DSZ Edge Red Racing Stripes; DT0 Competition Yellow Racing Stripes; DTH Carbon Flash Metallic Racing Stripes; DUB Sterling Silver Racing Stripes; DUE Santorini Blue/Carbon Flash Racing Stripes; DUK Edge Red/Carbon Flash Racing Stripes; DUW Edge Blue Racing Stripes; EYK Chrome Exterior Badge Package,Workbook-owned grouped exclusion metadata.,SFZ Dark Stealth Crossed Flags Front Emblem — Badge and Stripe Exclusions,approved,
1,b2df4eddc96b7f6e5cb2b55f57818d50bf285cb8c1b4641495595cb0b43f8a91,stingray,rule,grp_cf8_excludes_full_length_stripes,CF8 Electrochromic Dimming Removable Roof Panel: excludes_any,rule_groups!8,TRUE,FALSE,manager,sec_stri_001,excludes_any,13,source CF8 Electrochromic Dimming Removable Roof Panel; targets DPB Carbon Flash/Blue Racing Stripes; DPC Carbon Flash/Yellow Racing Stripes; DPG Carbon Flash/Orange Racing Stripes; DPL Carbon Flash/Red Racing Stripes; DPT Carbon Flash/Silver Racing Stripes; DSY Edge Orange Racing Stripes; DSZ Edge Red Racing Stripes; DT0 Competition Yellow Racing Stripes; DTH Carbon Flash Metallic Racing Stripes; DUB Sterling Silver Racing Stripes; DUE Santorini Blue/Carbon Flash Racing Stripes; DUK Edge Red/Carbon Flash Racing Stripes; DUW Edge Blue Racing Stripes,Workbook-owned grouped exclusion metadata.,CF8 Electrochromic Dimming Removable Roof Panel — Full-Length Stripe Exclusions,approved,
1,b2df4eddc96b7f6e5cb2b55f57818d50bf285cb8c1b4641495595cb0b43f8a91,stingray,rule,grp_sb7_excludes_dual_racing_and_sht,SB7 Corvette Racing Themed Jake and Stingray R Graphics Package: excludes_any,rule_groups!9,TRUE,FALSE,manager,sec_stri_001,excludes_any,17,source SB7 Corvette Racing Themed Jake and Stingray R Graphics Package; targets DPB Carbon Flash/Blue Racing Stripes; DPC Carbon Flash/Yellow Racing Stripes; DPG Carbon Flash/Orange Racing Stripes; DPL Carbon Flash/Red Racing Stripes; DPT Carbon Flash/Silver Racing Stripes; DSY Edge Orange Racing Stripes; DSZ Edge Red Racing Stripes; DT0 Competition Yellow Racing Stripes; DTH Carbon Flash Metallic Racing Stripes; DUB Sterling Silver Racing Stripes; DUE Santorini Blue/Carbon Flash Racing Stripes; DUK Edge Red/Carbon Flash Racing Stripes; DUW Edge Blue Racing Stripes; DZU Carbon Flash/Competition Yellow Stinger Stripe; DZV Carbon Flash/Midnight Silver Stinger Stripe; DZX Carbon Flash/Edge Red Stinger Stripe; SHT Tech Bronze Jake Hood Graphic,Stripe cleanup: Jake graphics conflict with dual racing stripes; SB7 and SHT are Jake peers.,SB7 Corvette Racing Jake and Stingray R Graphics Package — Stripe and Jake Graphic Exclusions,approved,
1,b2df4eddc96b7f6e5cb2b55f57818d50bf285cb8c1b4641495595cb0b43f8a91,stingray,rule,grp_sht_excludes_dual_racing_and_sb7,SHT Tech Bronze Jake Hood Graphic: excludes_any,rule_groups!10,TRUE,FALSE,manager,sec_stri_001,excludes_any,17,source SHT Tech Bronze Jake Hood Graphic; targets DPB Carbon Flash/Blue Racing Stripes; DPC Carbon Flash/Yellow Racing Stripes; DPG Carbon Flash/Orange Racing Stripes; DPL Carbon Flash/Red Racing Stripes; DPT Carbon Flash/Silver Racing Stripes; DSY Edge Orange Racing Stripes; DSZ Edge Red Racing Stripes; DT0 Competition Yellow Racing Stripes; DTH Carbon Flash Metallic Racing Stripes; DUB Sterling Silver Racing Stripes; DUE Santorini Blue/Carbon Flash Racing Stripes; DUK Edge Red/Carbon Flash Racing Stripes; DUW Edge Blue Racing Stripes; DZU Carbon Flash/Competition Yellow Stinger Stripe; DZV Carbon Flash/Midnight Silver Stinger Stripe; DZX Carbon Flash/Edge Red Stinger Stripe; SB7 Corvette Racing Themed Jake and Stingray R Graphics Package,Stripe cleanup: Jake graphics conflict with dual racing stripes and each other.,SHT Tech Bronze Jake Hood Graphic — Stripe and SB7 Exclusions,approved,
1,b2df4eddc96b7f6e5cb2b55f57818d50bf285cb8c1b4641495595cb0b43f8a91,stingray,rule,grp_dpb_excludes_stingray_jake_graphics,DPB Carbon Flash/Blue Racing Stripes: excludes_any,rule_groups!11,TRUE,FALSE,manager,sec_stri_001,excludes_any,2,source DPB Carbon Flash/Blue Racing Stripes; targets SB7 Corvette Racing Themed Jake and Stingray R Graphics Package; SHT Tech Bronze Jake Hood Graphic,Stripe cleanup: selected dual racing stripes conflict with Jake graphics.,DPB Carbon Flash/Blue Racing Stripes — Jake Graphic Exclusions,approved,
1,b2df4eddc96b7f6e5cb2b55f57818d50bf285cb8c1b4641495595cb0b43f8a91,stingray,rule,grp_dpc_excludes_stingray_jake_graphics,DPC Carbon Flash/Yellow Racing Stripes: excludes_any,rule_groups!12,TRUE,FALSE,manager,sec_stri_001,excludes_any,2,source DPC Carbon Flash/Yellow Racing Stripes; targets SB7 Corvette Racing Themed Jake and Stingray R Graphics Package; SHT Tech Bronze Jake Hood Graphic,Stripe cleanup: selected dual racing stripes conflict with Jake graphics.,DPC Carbon Flash/Yellow Racing Stripes — Jake Graphic Exclusions,approved,
1,b2df4eddc96b7f6e5cb2b55f57818d50bf285cb8c1b4641495595cb0b43f8a91,stingray,rule,grp_dpg_excludes_stingray_jake_graphics,DPG Carbon Flash/Orange Racing Stripes: excludes_any,rule_groups!13,TRUE,FALSE,manager,sec_stri_001,excludes_any,2,source DPG Carbon Flash/Orange Racing Stripes; targets SB7 Corvette Racing Themed Jake and Stingray R Graphics Package; SHT Tech Bronze Jake Hood Graphic,Stripe cleanup: selected dual racing stripes conflict with Jake graphics.,DPG Carbon Flash/Orange Racing Stripes — Jake Graphic Exclusions,approved,
1,b2df4eddc96b7f6e5cb2b55f57818d50bf285cb8c1b4641495595cb0b43f8a91,stingray,rule,grp_dpl_excludes_stingray_jake_graphics,DPL Carbon Flash/Red Racing Stripes: excludes_any,rule_groups!14,TRUE,FALSE,manager,sec_stri_001,excludes_any,2,source DPL Carbon Flash/Red Racing Stripes; targets SB7 Corvette Racing Themed Jake and Stingray R Graphics Package; SHT Tech Bronze Jake Hood Graphic,Stripe cleanup: selected dual racing stripes conflict with Jake graphics.,DPL Carbon Flash/Red Racing Stripes — Jake Graphic Exclusions,approved,
1,b2df4eddc96b7f6e5cb2b55f57818d50bf285cb8c1b4641495595cb0b43f8a91,stingray,rule,grp_dpt_excludes_stingray_jake_graphics,DPT Carbon Flash/Silver Racing Stripes: excludes_any,rule_groups!15,TRUE,FALSE,manager,sec_stri_001,excludes_any,2,source DPT Carbon Flash/Silver Racing Stripes; targets SB7 Corvette Racing Themed Jake and Stingray R Graphics Package; SHT Tech Bronze Jake Hood Graphic,Stripe cleanup: selected dual racing stripes conflict with Jake graphics.,DPT Carbon Flash/Silver Racing Stripes — Jake Graphic Exclusions,approved,
1,b2df4eddc96b7f6e5cb2b55f57818d50bf285cb8c1b4641495595cb0b43f8a91,stingray,rule,grp_dsy_excludes_stingray_jake_graphics,DSY Edge Orange Racing Stripes: excludes_any,rule_groups!16,TRUE,FALSE,manager,sec_stri_001,excludes_any,2,source DSY Edge Orange Racing Stripes; targets SB7 Corvette Racing Themed Jake and Stingray R Graphics Package; SHT Tech Bronze Jake Hood Graphic,Stripe cleanup: selected dual racing stripes conflict with Jake graphics.,DSY Edge Orange Racing Stripes — Jake Graphic Exclusions,approved,
1,b2df4eddc96b7f6e5cb2b55f57818d50bf285cb8c1b4641495595cb0b43f8a91,stingray,rule,grp_dsz_excludes_stingray_jake_graphics,DSZ Edge Red Racing Stripes: excludes_any,rule_groups!17,TRUE,FALSE,manager,sec_stri_001,excludes_any,2,source DSZ Edge Red Racing Stripes; targets SB7 Corvette Racing Themed Jake and Stingray R Graphics Package; SHT Tech Bronze Jake Hood Graphic,Stripe cleanup: selected dual racing stripes conflict with Jake graphics.,DSZ Edge Red Racing Stripes — Jake Graphic Exclusions,approved,
1,b2df4eddc96b7f6e5cb2b55f57818d50bf285cb8c1b4641495595cb0b43f8a91,stingray,rule,grp_dt0_excludes_stingray_jake_graphics,DT0 Competition Yellow Racing Stripes: excludes_any,rule_groups!18,TRUE,FALSE,manager,sec_stri_001,excludes_any,2,source DT0 Competition Yellow Racing Stripes; targets SB7 Corvette Racing Themed Jake and Stingray R Graphics Package; SHT Tech Bronze Jake Hood Graphic,Stripe cleanup: selected dual racing stripes conflict with Jake graphics.,DT0 Competition Yellow Racing Stripes — Jake Graphic Exclusions,approved,
1,b2df4eddc96b7f6e5cb2b55f57818d50bf285cb8c1b4641495595cb0b43f8a91,stingray,rule,grp_dth_excludes_stingray_jake_graphics,DTH Carbon Flash Metallic Racing Stripes: excludes_any,rule_groups!19,TRUE,FALSE,manager,sec_stri_001,excludes_any,2,source DTH Carbon Flash Metallic Racing Stripes; targets SB7 Corvette Racing Themed Jake and Stingray R Graphics Package; SHT Tech Bronze Jake Hood Graphic,Stripe cleanup: selected dual racing stripes conflict with Jake graphics.,DTH Carbon Flash Metallic Racing Stripes — Jake Graphic Exclusions,approved,
1,b2df4eddc96b7f6e5cb2b55f57818d50bf285cb8c1b4641495595cb0b43f8a91,stingray,rule,grp_dub_excludes_stingray_jake_graphics,DUB Sterling Silver Racing Stripes: excludes_any,rule_groups!20,TRUE,FALSE,manager,sec_stri_001,excludes_any,2,source DUB Sterling Silver Racing Stripes; targets SB7 Corvette Racing Themed Jake and Stingray R Graphics Package; SHT Tech Bronze Jake Hood Graphic,Stripe cleanup: selected dual racing stripes conflict with Jake graphics.,DUB Sterling Silver Racing Stripes — Jake Graphic Exclusions,approved,
1,b2df4eddc96b7f6e5cb2b55f57818d50bf285cb8c1b4641495595cb0b43f8a91,stingray,rule,grp_due_excludes_stingray_jake_graphics,DUE Santorini Blue/Carbon Flash Racing Stripes: excludes_any,rule_groups!21,TRUE,FALSE,manager,sec_stri_001,excludes_any,2,source DUE Santorini Blue/Carbon Flash Racing Stripes; targets SB7 Corvette Racing Themed Jake and Stingray R Graphics Package; SHT Tech Bronze Jake Hood Graphic,Stripe cleanup: selected dual racing stripes conflict with Jake graphics.,DUE Santorini Blue/Carbon Flash Racing Stripes — Jake Graphic Exclusions,approved,
1,b2df4eddc96b7f6e5cb2b55f57818d50bf285cb8c1b4641495595cb0b43f8a91,stingray,rule,grp_duk_excludes_stingray_jake_graphics,DUK Edge Red/Carbon Flash Racing Stripes: excludes_any,rule_groups!22,TRUE,FALSE,manager,sec_stri_001,excludes_any,2,source DUK Edge Red/Carbon Flash Racing Stripes; targets SB7 Corvette Racing Themed Jake and Stingray R Graphics Package; SHT Tech Bronze Jake Hood Graphic,Stripe cleanup: selected dual racing stripes conflict with Jake graphics.,DUK Edge Red/Carbon Flash Racing Stripes — Jake Graphic Exclusions,approved,
1,b2df4eddc96b7f6e5cb2b55f57818d50bf285cb8c1b4641495595cb0b43f8a91,stingray,rule,grp_duw_excludes_stingray_jake_graphics,DUW Edge Blue Racing Stripes: excludes_any,rule_groups!23,TRUE,FALSE,manager,sec_stri_001,excludes_any,2,source DUW Edge Blue Racing Stripes; targets SB7 Corvette Racing Themed Jake and Stingray R Graphics Package; SHT Tech Bronze Jake Hood Graphic,Stripe cleanup: selected dual racing stripes conflict with Jake graphics.,DUW Edge Blue Racing Stripes — Jake Graphic Exclusions,approved,
1,b2df4eddc96b7f6e5cb2b55f57818d50bf285cb8c1b4641495595cb0b43f8a91,stingray,rule,grp_dzu_excludes_stingray_jake_graphics,DZU Carbon Flash/Competition Yellow Stinger Stripe: excludes_any,rule_groups!24,TRUE,FALSE,manager,sec_stri_001,excludes_any,2,source DZU Carbon Flash/Competition Yellow Stinger Stripe; targets SB7 Corvette Racing Themed Jake and Stingray R Graphics Package; SHT Tech Bronze Jake Hood Graphic,Stripe cleanup: selected dual racing stripes conflict with Jake graphics.,DZU Carbon Flash/Competition Yellow Stinger Stripe — Jake Graphic Exclusions,approved,
1,b2df4eddc96b7f6e5cb2b55f57818d50bf285cb8c1b4641495595cb0b43f8a91,stingray,rule,grp_dzv_excludes_stingray_jake_graphics,DZV Carbon Flash/Midnight Silver Stinger Stripe: excludes_any,rule_groups!25,TRUE,FALSE,manager,sec_stri_001,excludes_any,2,source DZV Carbon Flash/Midnight Silver Stinger Stripe; targets SB7 Corvette Racing Themed Jake and Stingray R Graphics Package; SHT Tech Bronze Jake Hood Graphic,Stripe cleanup: selected dual racing stripes conflict with Jake graphics.,DZV Carbon Flash/Midnight Silver Stinger Stripe — Jake Graphic Exclusions,approved,
1,b2df4eddc96b7f6e5cb2b55f57818d50bf285cb8c1b4641495595cb0b43f8a91,stingray,rule,grp_dzx_excludes_stingray_jake_graphics,DZX Carbon Flash/Edge Red Stinger Stripe: excludes_any,rule_groups!26,TRUE,FALSE,manager,sec_stri_001,excludes_any,2,source DZX Carbon Flash/Edge Red Stinger Stripe; targets SB7 Corvette Racing Themed Jake and Stingray R Graphics Package; SHT Tech Bronze Jake Hood Graphic,Stripe cleanup: selected dual racing stripes conflict with Jake graphics.,DZX Carbon Flash/Edge Red Stinger Stripe — Jake Graphic Exclusions,approved,
1,b2df4eddc96b7f6e5cb2b55f57818d50bf285cb8c1b4641495595cb0b43f8a91,stingray,rule,grp_gba_excludes_edu,GBA Black: excludes_any,rule_groups!27,TRUE,FALSE,manager,sec_exte_001,excludes_any,1,source GBA Black; targets EDU Body-Color and Carbon Flash Accents,Workbook-owned grouped exclusion metadata.,GBA Black — Body-Color Accent Exclusion,approved,
1,b2df4eddc96b7f6e5cb2b55f57818d50bf285cb8c1b4641495595cb0b43f8a91,stingray,rule,grp_gba_excludes_zyc,GBA Black: excludes_any,rule_groups!28,TRUE,FALSE,manager,sec_spoi_001,excludes_any,1,source GBA Black; targets ZYC Carbon Flash Mirrors and Spoiler,Workbook-owned grouped exclusion replacing retired runtime_rule_exceptions.ex_gba_zyc.,GBA Black — Carbon Flash Mirror and Spoiler Exclusion,approved,
1,b2df4eddc96b7f6e5cb2b55f57818d50bf285cb8c1b4641495595cb0b43f8a91,z06,exclusive,z06_excl_center_caps,Z06 Excl Center Caps,z06_exclusive_groups!2,TRUE,TRUE,customer,sec_whee_001,single_within_group,2,5ZC Jake Logo Wheel Center Caps; 5ZD Carbon Flash Crossed Flags Wheel Center Caps,Wheel center cap choices are mutually exclusive within the Wheel Accessory section.,Wheel Center Caps,approved,
1,b2df4eddc96b7f6e5cb2b55f57818d50bf285cb8c1b4641495595cb0b43f8a91,z06,exclusive,z06_excl_indoor_car_covers,Z06 Excl Indoor Car Covers,z06_exclusive_groups!3,TRUE,TRUE,customer,sec_lpoe_001,single_within_group,3,RWH Black Premium Indoor Car Cover; WKR GT3.R Premium Indoor Car Cover; WKS Premium Indoor Car Cover,Indoor car cover choices are mutually exclusive within the LPO Exterior section.,Indoor Car Covers,approved,
1,b2df4eddc96b7f6e5cb2b55f57818d50bf285cb8c1b4641495595cb0b43f8a91,z06,exclusive,z06_excl_rear_script_badges,Z06 Excl Rear Script Badges,z06_exclusive_groups!4,TRUE,TRUE,customer,sec_lpoe_001,single_within_group,3,RIK Torch Red Rear Corvette Script Badge; RIN Arctic White Rear Corvette Script Badge; SL8 Edge Red Rear Corvette Script Badge,Rear Corvette script badge color choices are mutually exclusive within the LPO Exterior section.,Rear Corvette Script Badge Color,approved,
1,b2df4eddc96b7f6e5cb2b55f57818d50bf285cb8c1b4641495595cb0b43f8a91,z06,exclusive,z06_excl_suede_compartment_liners,Z06 Excl Suede Compartment Liners,z06_exclusive_groups!5,TRUE,TRUE,customer,sec_lpoi_001,single_within_group,3,SXB Black Suede Frunk and Trunk Liner; SXR Adrenaline Red Suede Frunk and Trunk Liner; SXT Natural Suede Frunk and Trunk Liner,Suede frunk/trunk compartment liner choices are mutually exclusive within the LPO Interior section.,Suede Frunk and Trunk Liners,approved,
1,b2df4eddc96b7f6e5cb2b55f57818d50bf285cb8c1b4641495595cb0b43f8a91,z06,exclusive,z06_excl_ground_effects,Z06 Excl Ground Effects,z06_exclusive_groups!6,TRUE,TRUE,customer,sec_perf_ground_001,single_within_group,3,"CFL Extended Front Splitter, Carbon Flash; CFZ Carbon Flash Carbon Fiber Ground Effects; CFV Visible Carbon Fiber Ground Effects",Ground effects choices are mutually exclusive; inactive members stay in the source for reactivation without appearing in draft output.,Ground Effects,approved,
1,b2df4eddc96b7f6e5cb2b55f57818d50bf285cb8c1b4641495595cb0b43f8a91,z06,exclusive,z06_excl_exterior_accents,Z06 Excl Exterior Accents,z06_exclusive_groups!7,TRUE,TRUE,customer,sec_exte_001,required_single_within_group,3,EFR Carbon Flash Painted Accents; EDU Body-Color and Carbon Flash Accents; EFY Body-Color Exterior Accents,Exterior accent choices require either EFR or EDU; selected default cannot be cleared without choosing the alternate accent package.,Exterior Accents,approved,
1,b2df4eddc96b7f6e5cb2b55f57818d50bf285cb8c1b4641495595cb0b43f8a91,z06,exclusive,z06_excl_performance_brakes,Z06 Excl Performance Brakes,z06_exclusive_groups!8,TRUE,TRUE,customer,sec_perf_brake_001,required_single_within_group,2,J56 Performance Disc Brakes; J57 Carbon Ceramic Brakes,Brake choices require one active brake selection; selected default cannot be cleared without choosing another brake package.,Performance Brakes,approved,
1,b2df4eddc96b7f6e5cb2b55f57818d50bf285cb8c1b4641495595cb0b43f8a91,z06,exclusive,z06_excl_carbon_wheel_packages,Z06 Excl Carbon Wheel Packages,z06_exclusive_groups!9,TRUE,TRUE,customer,sec_z06_pkg_001,single_within_group,3,PDB Carbon Fiber Wheel and Brake Package; PDD Z07 Carbon Flash Aero and Wheel Package; PDF Z07 Visible Carbon Aero and Wheel Package,"PDB, PDD, and PDF are radio-like package peers; selecting one replaces the others without greying them out.",Carbon Fiber Wheel and Aero Packages,approved,
1,b2df4eddc96b7f6e5cb2b55f57818d50bf285cb8c1b4641495595cb0b43f8a91,z06,exclusive,z06_excl_fa5_fa6_interior_trim,Z06 Excl Fa5 Fa6 Interior Trim,z06_exclusive_groups!10,TRUE,TRUE,customer,sec_inte_001,single_within_group,2,FA5 Carbon Fiber Interior Trim; FA6 Level 2 Carbon Fiber Interior Trim,Z06 FA5 and FA6 carbon-fiber interior trim options are mutually exclusive.,Carbon Fiber Interior Trim,approved,
1,b2df4eddc96b7f6e5cb2b55f57818d50bf285cb8c1b4641495595cb0b43f8a91,z06,exclusive,z06_excl_aero_packages,Z06 Excl Aero Packages,z06_exclusive_groups!11,TRUE,TRUE,customer,sec_perf_aero_001,single_within_group,4,T0E Low Rear Spoiler; T0F Carbon Flash-Painted Carbon Fiber Aero Package; T0G Visible Carbon Fiber Aero Package; 5ZV Carbon Flash Metallic Three-Stanchion High Wing Spoiler,Z06 aero choices are radio-like peers; T0E is the default and T0F/T0G/5ZV replace it without hard disabling peers.,Aero Package,approved,
1,b2df4eddc96b7f6e5cb2b55f57818d50bf285cb8c1b4641495595cb0b43f8a91,z06,exclusive,z06_excl_exhaust_tips,Z06 Excl Exhaust Tips,z06_exclusive_groups!12,TRUE,TRUE,customer,sec_exha_001,single_within_group,2,NGA Black Exhaust Tips; NWI Bright Chrome Exhaust Tips,Z06 exhaust tips are mutually exclusive; NGA is the default/restored tip and NWI replaces it when selected.,Exhaust Tips,approved,
1,b2df4eddc96b7f6e5cb2b55f57818d50bf285cb8c1b4641495595cb0b43f8a91,z06,exclusive,z06_excl_default_and_carbon_wheels,Z06 Excl Default And Carbon Wheels,z06_exclusive_groups!13,TRUE,TRUE,customer,sec_whee_002,single_within_group,12,SOE Titanium Satin Spider Wheels; ROY Carbon Flash-Painted Carbon Fiber Wheels; ROZ Visible Carbon Fiber Wheels; STZ Visible Carbon Fiber Red Stripe Wheels; SRK 10-Spoke Pearl Nickel Wheels; ROU Pearl Nickel Wheels; SOA Black Spider Wheels; SRN 10-Spoke Gloss Black Wheels; SON Gloss Black Wheels; ROX Carbon Flash Machined-Edge Wheels; SOM Bright Polished Wheels; STX 10-Spoke Bright Polished Wheels,"Choose ROY, ROZ, or STZ to set the carbon-fiber wheel treatment; when a PDB, PDD, or PDF package is selected, ROZ/STZ show only the delta over the package base.",Wheel Style,approved,
1,b2df4eddc96b7f6e5cb2b55f57818d50bf285cb8c1b4641495595cb0b43f8a91,z06,exclusive,z06_excl_seat_belts,Z06 Excl Seat Belts,z06_exclusive_groups!14,TRUE,TRUE,customer,sec_seat_001,single_within_group,6,719 Black Seat Belt Color; 3N9 Natural Seat Belt Color; 379 Orange Seat Belt Color; 3A9 Santorini Blue Seat Belt Color; 3F9 Torch Red Seat Belt Color; 3M9 Yellow Seat Belt Color,Z06 seatbelt colors are mutually exclusive; included interior seatbelts lock peers.,Seat Belt Color,approved,
1,b2df4eddc96b7f6e5cb2b55f57818d50bf285cb8c1b4641495595cb0b43f8a91,z06,rule,z06_group_z07_requires_aero,Z07 Z07 Performance Package: requires_any,z06_rule_groups!2,TRUE,FALSE,manager,sec_perf_aero_001,requires_any,2,source Z07 Z07 Performance Package; targets T0F Carbon Flash-Painted Carbon Fiber Aero Package; T0G Visible Carbon Fiber Aero Package,Z07 requires one of T0F or T0G; PDD/PDF include the required aero choice.,Z07 Performance Package — Aero Requirements,approved,
1,b2df4eddc96b7f6e5cb2b55f57818d50bf285cb8c1b4641495595cb0b43f8a91,z06,rule,z06_group_pdb_requires_carbon_wheel,PDB Carbon Fiber Wheel and Brake Package: requires_any,z06_rule_groups!3,TRUE,FALSE,manager,sec_whee_002,requires_any,3,source PDB Carbon Fiber Wheel and Brake Package; targets ROY Carbon Flash-Painted Carbon Fiber Wheels; ROZ Visible Carbon Fiber Wheels; STZ Visible Carbon Fiber Red Stripe Wheels,PDB wheel-and-brake package requires a carbon fiber wheel selection.,PDB Carbon Fiber Wheel and Brake Package — Carbon Fiber Wheel Requirements,approved,
1,b2df4eddc96b7f6e5cb2b55f57818d50bf285cb8c1b4641495595cb0b43f8a91,z06,rule,z06_group_pdd_requires_carbon_wheel,PDD Z07 Carbon Flash Aero and Wheel Package: requires_any,z06_rule_groups!4,TRUE,FALSE,manager,sec_whee_002,requires_any,3,source PDD Z07 Carbon Flash Aero and Wheel Package; targets ROY Carbon Flash-Painted Carbon Fiber Wheels; ROZ Visible Carbon Fiber Wheels; STZ Visible Carbon Fiber Red Stripe Wheels,PDD wheel-and-brake package requires a carbon fiber wheel selection.,PDD Z07 Carbon Flash Aero and Wheel Package — Carbon Fiber Wheel Requirements,approved,
1,b2df4eddc96b7f6e5cb2b55f57818d50bf285cb8c1b4641495595cb0b43f8a91,z06,rule,z06_group_pdf_requires_carbon_wheel,PDF Z07 Visible Carbon Aero and Wheel Package: requires_any,z06_rule_groups!5,TRUE,FALSE,manager,sec_whee_002,requires_any,3,source PDF Z07 Visible Carbon Aero and Wheel Package; targets ROY Carbon Flash-Painted Carbon Fiber Wheels; ROZ Visible Carbon Fiber Wheels; STZ Visible Carbon Fiber Red Stripe Wheels,PDF wheel-and-brake package requires a carbon fiber wheel selection.,PDF Z07 Visible Carbon Aero and Wheel Package — Carbon Fiber Wheel Requirements,approved,
1,b2df4eddc96b7f6e5cb2b55f57818d50bf285cb8c1b4641495595cb0b43f8a91,z06,rule,z06_group_r88_excludes_badge_and_stripe_choices,R88 Front Illuminated Crossed Flags Emblem: excludes_any,z06_rule_groups!6,TRUE,FALSE,manager,sec_badg_001; sec_lpoe_001; sec_stri_001,excludes_any,15,source R88 Front Illuminated Crossed Flags Emblem; targets EYK Chrome Exterior Badge Package; SFZ Dark Stealth Crossed Flags Emblems; DPB Carbon Flash/Blue Racing Stripes; DPC Carbon Flash/Yellow Racing Stripes; DPG Carbon Flash/Orange Racing Stripes; DPL Carbon Flash/Red Racing Stripes; DPT Carbon Flash/Silver Racing Stripes; DSY Edge Orange Racing Stripes; DSZ Edge Red Racing Stripes; DT0 Competition Yellow Racing Stripes; DTH Carbon Flash Metallic Racing Stripes; DUB Sterling Silver Racing Stripes; DUE Santorini Blue/Carbon Flash Racing Stripes; DUK Edge Red/Carbon Flash Racing Stripes; DUW Edge Blue Racing Stripes,Workbook-owned grouped exclusion metadata.,R88 Front Illuminated Crossed Flags Emblem — Badge and Stripe Exclusions,approved,
1,b2df4eddc96b7f6e5cb2b55f57818d50bf285cb8c1b4641495595cb0b43f8a91,z06,rule,z06_group_sfz_excludes_badge_and_stripe_choices,SFZ Dark Stealth Crossed Flags Emblems: excludes_any,z06_rule_groups!7,TRUE,FALSE,manager,sec_badg_001; sec_stri_001,excludes_any,14,source SFZ Dark Stealth Crossed Flags Emblems; targets EYK Chrome Exterior Badge Package; DPB Carbon Flash/Blue Racing Stripes; DPC Carbon Flash/Yellow Racing Stripes; DPG Carbon Flash/Orange Racing Stripes; DPL Carbon Flash/Red Racing Stripes; DPT Carbon Flash/Silver Racing Stripes; DSY Edge Orange Racing Stripes; DSZ Edge Red Racing Stripes; DT0 Competition Yellow Racing Stripes; DTH Carbon Flash Metallic Racing Stripes; DUB Sterling Silver Racing Stripes; DUE Santorini Blue/Carbon Flash Racing Stripes; DUK Edge Red/Carbon Flash Racing Stripes; DUW Edge Blue Racing Stripes,Workbook-owned grouped exclusion metadata.,SFZ Dark Stealth Crossed Flags Emblems — Badge and Stripe Exclusions,approved,
1,b2df4eddc96b7f6e5cb2b55f57818d50bf285cb8c1b4641495595cb0b43f8a91,z06,rule,z06_group_cf8_excludes_full_length_stripes,CF8 Electrochromic Dimming Roof Panel: excludes_any,z06_rule_groups!8,TRUE,FALSE,manager,sec_stri_001,excludes_any,13,source CF8 Electrochromic Dimming Roof Panel; targets DPB Carbon Flash/Blue Racing Stripes; DPC Carbon Flash/Yellow Racing Stripes; DPG Carbon Flash/Orange Racing Stripes; DPL Carbon Flash/Red Racing Stripes; DPT Carbon Flash/Silver Racing Stripes; DSY Edge Orange Racing Stripes; DSZ Edge Red Racing Stripes; DT0 Competition Yellow Racing Stripes; DTH Carbon Flash Metallic Racing Stripes; DUB Sterling Silver Racing Stripes; DUE Santorini Blue/Carbon Flash Racing Stripes; DUK Edge Red/Carbon Flash Racing Stripes; DUW Edge Blue Racing Stripes,Workbook-owned grouped exclusion metadata.,CF8 Electrochromic Dimming Roof Panel — Full-Length Stripe Exclusions,approved,
1,b2df4eddc96b7f6e5cb2b55f57818d50bf285cb8c1b4641495595cb0b43f8a91,z06,rule,z06_group_sht_excludes_full_length_stripes,SHT Tech Bronze Jake Hood Graphic: excludes_any,z06_rule_groups!9,TRUE,FALSE,manager,sec_hash_001; sec_stri_001,excludes_any,18,source SHT Tech Bronze Jake Hood Graphic; targets DPB Carbon Flash/Blue Racing Stripes; DPC Carbon Flash/Yellow Racing Stripes; DPG Carbon Flash/Orange Racing Stripes; DPL Carbon Flash/Red Racing Stripes; DPT Carbon Flash/Silver Racing Stripes; DSY Edge Orange Racing Stripes; DSZ Edge Red Racing Stripes; DT0 Competition Yellow Racing Stripes; DTH Carbon Flash Metallic Racing Stripes; DUB Sterling Silver Racing Stripes; DUE Santorini Blue/Carbon Flash Racing Stripes; DUK Edge Red/Carbon Flash Racing Stripes; DUW Edge Blue Racing Stripes; DZU Carbon Flash/Competition Yellow Stinger Stripe; DZV Carbon Flash/Midnight Silver Stinger Stripe; DZX Carbon Flash/Edge Red Stinger Stripe; SNE Jake Hood Graphic; VPW Jake C8.R Rear Hash Graphic,"Stripe cleanup: Tech Bronze Jake hood graphic conflicts with dual racing stripes, SNE, and VPW.",SHT Tech Bronze Jake Hood Graphic — Full-Length Stripe Exclusions,approved,
1,b2df4eddc96b7f6e5cb2b55f57818d50bf285cb8c1b4641495595cb0b43f8a91,z06,rule,z06_group_gba_excludes_accent_and_roof_choices,GBA Black: excludes_any,z06_rule_groups!10,TRUE,FALSE,manager,sec_exte_001; sec_roof_001,excludes_any,6,"source GBA Black; targets EFY Body-Color Exterior Accents; ZYC Carbon Flash Mirrors and Spoiler; D84 Carbon Flash Convertible Top; D86 Body-Color Roof, Carbon Flash-painted Nacelles; EDU Body-Color and Carbon Flash Accents; CBF Body-color painted Rockers and splitter",Workbook-owned grouped exclusion metadata.,GBA Black — Accent and Roof Exclusions,approved,
1,b2df4eddc96b7f6e5cb2b55f57818d50bf285cb8c1b4641495595cb0b43f8a91,z06,rule,z06_group_z07_excludes_non_z07_aero,Z07 Z07 Performance Package: excludes_any,z06_rule_groups!11,TRUE,FALSE,manager,sec_perf_aero_001,excludes_any,2,source Z07 Z07 Performance Package; targets T0E Low Rear Spoiler; 5ZV Carbon Flash Metallic Three-Stanchion High Wing Spoiler,Z07 permits only T0F/T0G aero choices; T0E/5ZV should remain disabled even after switching from default T0F to T0G.,Z07 Performance Package — Non-Z07 Aero Exclusions,approved,
1,b2df4eddc96b7f6e5cb2b55f57818d50bf285cb8c1b4641495595cb0b43f8a91,z06,rule,z06_group_z07_excludes_j56_brakes,Z07 Z07 Performance Package: excludes_any,z06_rule_groups!12,TRUE,FALSE,manager,sec_perf_brake_001,excludes_any,1,source Z07 Z07 Performance Package; targets J56 Performance Disc Brakes,Z07 always includes J57; J56 must not be selectable or restorable while Z07 remains selected.,Z07 Performance Package — J56 Brake Exclusion,approved,
1,b2df4eddc96b7f6e5cb2b55f57818d50bf285cb8c1b4641495595cb0b43f8a91,z06,rule,z06_group_pdb_excludes_j56_brakes,PDB Carbon Fiber Wheel and Brake Package: excludes_any,z06_rule_groups!13,TRUE,FALSE,manager,sec_perf_brake_001,excludes_any,1,source PDB Carbon Fiber Wheel and Brake Package; targets J56 Performance Disc Brakes,PDB includes J57 directly and must not allow switching back to J56 while selected.,PDB Carbon Fiber Wheel and Brake Package — J56 Brake Exclusion,approved,
1,b2df4eddc96b7f6e5cb2b55f57818d50bf285cb8c1b4641495595cb0b43f8a91,z06,rule,z06_group_pdb_excludes_aluminum_wheels,PDB Carbon Fiber Wheel and Brake Package: excludes_any,z06_rule_groups!14,TRUE,FALSE,manager,sec_whee_002,excludes_any,9,source PDB Carbon Fiber Wheel and Brake Package; targets SOE Titanium Satin Spider Wheels; SRK 10-Spoke Pearl Nickel Wheels; ROU Pearl Nickel Wheels; SOA Black Spider Wheels; SRN 10-Spoke Gloss Black Wheels; SON Gloss Black Wheels; ROX Carbon Flash Machined-Edge Wheels; SOM Bright Polished Wheels; STX 10-Spoke Bright Polished Wheels,Preserves the carbon-wheel package lock after switching from default ROY to ROZ/STZ.,PDB Carbon Fiber Wheel and Brake Package — Aluminum Wheel Exclusions,approved,
1,b2df4eddc96b7f6e5cb2b55f57818d50bf285cb8c1b4641495595cb0b43f8a91,z06,rule,z06_group_pdd_excludes_aluminum_wheels,PDD Z07 Carbon Flash Aero and Wheel Package: excludes_any,z06_rule_groups!15,TRUE,FALSE,manager,sec_whee_002,excludes_any,9,source PDD Z07 Carbon Flash Aero and Wheel Package; targets SOE Titanium Satin Spider Wheels; SRK 10-Spoke Pearl Nickel Wheels; ROU Pearl Nickel Wheels; SOA Black Spider Wheels; SRN 10-Spoke Gloss Black Wheels; SON Gloss Black Wheels; ROX Carbon Flash Machined-Edge Wheels; SOM Bright Polished Wheels; STX 10-Spoke Bright Polished Wheels,Preserves the carbon-wheel package lock after switching from default ROY to ROZ/STZ.,PDD Z07 Carbon Flash Aero and Wheel Package — Aluminum Wheel Exclusions,approved,
1,b2df4eddc96b7f6e5cb2b55f57818d50bf285cb8c1b4641495595cb0b43f8a91,z06,rule,z06_group_pdf_excludes_aluminum_wheels,PDF Z07 Visible Carbon Aero and Wheel Package: excludes_any,z06_rule_groups!16,TRUE,FALSE,manager,sec_whee_002,excludes_any,9,source PDF Z07 Visible Carbon Aero and Wheel Package; targets SOE Titanium Satin Spider Wheels; SRK 10-Spoke Pearl Nickel Wheels; ROU Pearl Nickel Wheels; SOA Black Spider Wheels; SRN 10-Spoke Gloss Black Wheels; SON Gloss Black Wheels; ROX Carbon Flash Machined-Edge Wheels; SOM Bright Polished Wheels; STX 10-Spoke Bright Polished Wheels,Preserves the carbon-wheel package lock after switching from default ROY to ROZ/STZ.,PDF Z07 Visible Carbon Aero and Wheel Package — Aluminum Wheel Exclusions,approved,
1,b2df4eddc96b7f6e5cb2b55f57818d50bf285cb8c1b4641495595cb0b43f8a91,z06,rule,z06_group_pda_excludes_dual_racing_stripes,PDA Jake C8.R Graphics Package: excludes_any,z06_rule_groups!17,TRUE,FALSE,manager,sec_stri_001,excludes_any,16,source PDA Jake C8.R Graphics Package; targets DPB Carbon Flash/Blue Racing Stripes; DPC Carbon Flash/Yellow Racing Stripes; DPG Carbon Flash/Orange Racing Stripes; DPL Carbon Flash/Red Racing Stripes; DPT Carbon Flash/Silver Racing Stripes; DSY Edge Orange Racing Stripes; DSZ Edge Red Racing Stripes; DT0 Competition Yellow Racing Stripes; DTH Carbon Flash Metallic Racing Stripes; DUB Sterling Silver Racing Stripes; DUE Santorini Blue/Carbon Flash Racing Stripes; DUK Edge Red/Carbon Flash Racing Stripes; DUW Edge Blue Racing Stripes; DZU Carbon Flash/Competition Yellow Stinger Stripe; DZV Carbon Flash/Midnight Silver Stinger Stripe; DZX Carbon Flash/Edge Red Stinger Stripe,Stripe cleanup: Jake C8.R package conflicts with dual racing stripes.,PDA Jake C8.R Graphics Package — Dual Racing Stripe Exclusions,approved,
1,b2df4eddc96b7f6e5cb2b55f57818d50bf285cb8c1b4641495595cb0b43f8a91,z06,rule,z06_group_sne_excludes_stripes_and_tech_bronze_jake,SNE Jake Hood Graphic: excludes_any,z06_rule_groups!18,TRUE,FALSE,manager,sec_hash_001; sec_stri_001,excludes_any,18,source SNE Jake Hood Graphic; targets DPB Carbon Flash/Blue Racing Stripes; DPC Carbon Flash/Yellow Racing Stripes; DPG Carbon Flash/Orange Racing Stripes; DPL Carbon Flash/Red Racing Stripes; DPT Carbon Flash/Silver Racing Stripes; DSY Edge Orange Racing Stripes; DSZ Edge Red Racing Stripes; DT0 Competition Yellow Racing Stripes; DTH Carbon Flash Metallic Racing Stripes; DUB Sterling Silver Racing Stripes; DUE Santorini Blue/Carbon Flash Racing Stripes; DUK Edge Red/Carbon Flash Racing Stripes; DUW Edge Blue Racing Stripes; DZU Carbon Flash/Competition Yellow Stinger Stripe; DZV Carbon Flash/Midnight Silver Stinger Stripe; DZX Carbon Flash/Edge Red Stinger Stripe; SHT Tech Bronze Jake Hood Graphic; VPO Tech Bronze Jake C8.R Rear Hash Graphic,"Stripe cleanup: Jake hood graphic conflicts with dual racing stripes, SHT, and VPO.",SNE Jake Hood Graphic — Stripe and Tech Bronze Jake Exclusions,approved,
1,b2df4eddc96b7f6e5cb2b55f57818d50bf285cb8c1b4641495595cb0b43f8a91,z06,rule,z06_group_vpw_excludes_tech_bronze_jake,VPW Jake C8.R Rear Hash Graphic: excludes_any,z06_rule_groups!19,TRUE,FALSE,manager,sec_hash_001; sec_stri_001,excludes_any,2,source VPW Jake C8.R Rear Hash Graphic; targets SHT Tech Bronze Jake Hood Graphic; VPO Tech Bronze Jake C8.R Rear Hash Graphic,Stripe cleanup: VPW conflicts with SHT and VPO.,VPW Jake C8.R Rear Hash Graphic — Tech Bronze Jake Exclusion,approved,
1,b2df4eddc96b7f6e5cb2b55f57818d50bf285cb8c1b4641495595cb0b43f8a91,z06,rule,z06_group_vpo_excludes_jake_graphics,VPO Tech Bronze Jake C8.R Rear Hash Graphic: excludes_any,z06_rule_groups!20,TRUE,FALSE,manager,sec_hash_001; sec_stri_001,excludes_any,2,source VPO Tech Bronze Jake C8.R Rear Hash Graphic; targets SNE Jake Hood Graphic; VPW Jake C8.R Rear Hash Graphic,Stripe cleanup: VPO conflicts with SNE and VPW.,VPO Tech Bronze Jake C8.R Rear Hash Graphic — Jake Graphic Exclusions,approved,
1,b2df4eddc96b7f6e5cb2b55f57818d50bf285cb8c1b4641495595cb0b43f8a91,z06,rule,z06_group_dpb_excludes_jake_hood_graphics,DPB Carbon Flash/Blue Racing Stripes: excludes_any,z06_rule_groups!21,TRUE,FALSE,manager,sec_stri_001,excludes_any,2,source DPB Carbon Flash/Blue Racing Stripes; targets SHT Tech Bronze Jake Hood Graphic; SNE Jake Hood Graphic,Stripe cleanup: selected dual racing stripes conflict with SHT and SNE hood graphics.,DPB Carbon Flash/Blue Racing Stripes — Jake Hood Graphic Exclusions,approved,
1,b2df4eddc96b7f6e5cb2b55f57818d50bf285cb8c1b4641495595cb0b43f8a91,z06,rule,z06_group_dpc_excludes_jake_hood_graphics,DPC Carbon Flash/Yellow Racing Stripes: excludes_any,z06_rule_groups!22,TRUE,FALSE,manager,sec_stri_001,excludes_any,2,source DPC Carbon Flash/Yellow Racing Stripes; targets SHT Tech Bronze Jake Hood Graphic; SNE Jake Hood Graphic,Stripe cleanup: selected dual racing stripes conflict with SHT and SNE hood graphics.,DPC Carbon Flash/Yellow Racing Stripes — Jake Hood Graphic Exclusions,approved,
1,b2df4eddc96b7f6e5cb2b55f57818d50bf285cb8c1b4641495595cb0b43f8a91,z06,rule,z06_group_dpg_excludes_jake_hood_graphics,DPG Carbon Flash/Orange Racing Stripes: excludes_any,z06_rule_groups!23,TRUE,FALSE,manager,sec_stri_001,excludes_any,2,source DPG Carbon Flash/Orange Racing Stripes; targets SHT Tech Bronze Jake Hood Graphic; SNE Jake Hood Graphic,Stripe cleanup: selected dual racing stripes conflict with SHT and SNE hood graphics.,DPG Carbon Flash/Orange Racing Stripes — Jake Hood Graphic Exclusions,approved,
1,b2df4eddc96b7f6e5cb2b55f57818d50bf285cb8c1b4641495595cb0b43f8a91,z06,rule,z06_group_dpl_excludes_jake_hood_graphics,DPL Carbon Flash/Red Racing Stripes: excludes_any,z06_rule_groups!24,TRUE,FALSE,manager,sec_stri_001,excludes_any,2,source DPL Carbon Flash/Red Racing Stripes; targets SHT Tech Bronze Jake Hood Graphic; SNE Jake Hood Graphic,Stripe cleanup: selected dual racing stripes conflict with SHT and SNE hood graphics.,DPL Carbon Flash/Red Racing Stripes — Jake Hood Graphic Exclusions,approved,
1,b2df4eddc96b7f6e5cb2b55f57818d50bf285cb8c1b4641495595cb0b43f8a91,z06,rule,z06_group_dpt_excludes_jake_hood_graphics,DPT Carbon Flash/Silver Racing Stripes: excludes_any,z06_rule_groups!25,TRUE,FALSE,manager,sec_stri_001,excludes_any,2,source DPT Carbon Flash/Silver Racing Stripes; targets SHT Tech Bronze Jake Hood Graphic; SNE Jake Hood Graphic,Stripe cleanup: selected dual racing stripes conflict with SHT and SNE hood graphics.,DPT Carbon Flash/Silver Racing Stripes — Jake Hood Graphic Exclusions,approved,
1,b2df4eddc96b7f6e5cb2b55f57818d50bf285cb8c1b4641495595cb0b43f8a91,z06,rule,z06_group_dsy_excludes_jake_hood_graphics,DSY Edge Orange Racing Stripes: excludes_any,z06_rule_groups!26,TRUE,FALSE,manager,sec_stri_001,excludes_any,2,source DSY Edge Orange Racing Stripes; targets SHT Tech Bronze Jake Hood Graphic; SNE Jake Hood Graphic,Stripe cleanup: selected dual racing stripes conflict with SHT and SNE hood graphics.,DSY Edge Orange Racing Stripes — Jake Hood Graphic Exclusions,approved,
1,b2df4eddc96b7f6e5cb2b55f57818d50bf285cb8c1b4641495595cb0b43f8a91,z06,rule,z06_group_dsz_excludes_jake_hood_graphics,DSZ Edge Red Racing Stripes: excludes_any,z06_rule_groups!27,TRUE,FALSE,manager,sec_stri_001,excludes_any,2,source DSZ Edge Red Racing Stripes; targets SHT Tech Bronze Jake Hood Graphic; SNE Jake Hood Graphic,Stripe cleanup: selected dual racing stripes conflict with SHT and SNE hood graphics.,DSZ Edge Red Racing Stripes — Jake Hood Graphic Exclusions,approved,
1,b2df4eddc96b7f6e5cb2b55f57818d50bf285cb8c1b4641495595cb0b43f8a91,z06,rule,z06_group_dt0_excludes_jake_hood_graphics,DT0 Competition Yellow Racing Stripes: excludes_any,z06_rule_groups!28,TRUE,FALSE,manager,sec_stri_001,excludes_any,2,source DT0 Competition Yellow Racing Stripes; targets SHT Tech Bronze Jake Hood Graphic; SNE Jake Hood Graphic,Stripe cleanup: selected dual racing stripes conflict with SHT and SNE hood graphics.,DT0 Competition Yellow Racing Stripes — Jake Hood Graphic Exclusions,approved,
1,b2df4eddc96b7f6e5cb2b55f57818d50bf285cb8c1b4641495595cb0b43f8a91,z06,rule,z06_group_dth_excludes_jake_hood_graphics,DTH Carbon Flash Metallic Racing Stripes: excludes_any,z06_rule_groups!29,TRUE,FALSE,manager,sec_stri_001,excludes_any,2,source DTH Carbon Flash Metallic Racing Stripes; targets SHT Tech Bronze Jake Hood Graphic; SNE Jake Hood Graphic,Stripe cleanup: selected dual racing stripes conflict with SHT and SNE hood graphics.,DTH Carbon Flash Metallic Racing Stripes — Jake Hood Graphic Exclusions,approved,
1,b2df4eddc96b7f6e5cb2b55f57818d50bf285cb8c1b4641495595cb0b43f8a91,z06,rule,z06_group_dub_excludes_jake_hood_graphics,DUB Sterling Silver Racing Stripes: excludes_any,z06_rule_groups!30,TRUE,FALSE,manager,sec_stri_001,excludes_any,2,source DUB Sterling Silver Racing Stripes; targets SHT Tech Bronze Jake Hood Graphic; SNE Jake Hood Graphic,Stripe cleanup: selected dual racing stripes conflict with SHT and SNE hood graphics.,DUB Sterling Silver Racing Stripes — Jake Hood Graphic Exclusions,approved,
1,b2df4eddc96b7f6e5cb2b55f57818d50bf285cb8c1b4641495595cb0b43f8a91,z06,rule,z06_group_due_excludes_jake_hood_graphics,DUE Santorini Blue/Carbon Flash Racing Stripes: excludes_any,z06_rule_groups!31,TRUE,FALSE,manager,sec_stri_001,excludes_any,2,source DUE Santorini Blue/Carbon Flash Racing Stripes; targets SHT Tech Bronze Jake Hood Graphic; SNE Jake Hood Graphic,Stripe cleanup: selected dual racing stripes conflict with SHT and SNE hood graphics.,DUE Santorini Blue/Carbon Flash Racing Stripes — Jake Hood Graphic Exclusions,approved,
1,b2df4eddc96b7f6e5cb2b55f57818d50bf285cb8c1b4641495595cb0b43f8a91,z06,rule,z06_group_duk_excludes_jake_hood_graphics,DUK Edge Red/Carbon Flash Racing Stripes: excludes_any,z06_rule_groups!32,TRUE,FALSE,manager,sec_stri_001,excludes_any,2,source DUK Edge Red/Carbon Flash Racing Stripes; targets SHT Tech Bronze Jake Hood Graphic; SNE Jake Hood Graphic,Stripe cleanup: selected dual racing stripes conflict with SHT and SNE hood graphics.,DUK Edge Red/Carbon Flash Racing Stripes — Jake Hood Graphic Exclusions,approved,
1,b2df4eddc96b7f6e5cb2b55f57818d50bf285cb8c1b4641495595cb0b43f8a91,z06,rule,z06_group_duw_excludes_jake_hood_graphics,DUW Edge Blue Racing Stripes: excludes_any,z06_rule_groups!33,TRUE,FALSE,manager,sec_stri_001,excludes_any,2,source DUW Edge Blue Racing Stripes; targets SHT Tech Bronze Jake Hood Graphic; SNE Jake Hood Graphic,Stripe cleanup: selected dual racing stripes conflict with SHT and SNE hood graphics.,DUW Edge Blue Racing Stripes — Jake Hood Graphic Exclusions,approved,
1,b2df4eddc96b7f6e5cb2b55f57818d50bf285cb8c1b4641495595cb0b43f8a91,z06,rule,z06_group_dzu_excludes_jake_hood_graphics,DZU Carbon Flash/Competition Yellow Stinger Stripe: excludes_any,z06_rule_groups!34,TRUE,FALSE,manager,sec_stri_001,excludes_any,2,source DZU Carbon Flash/Competition Yellow Stinger Stripe; targets SHT Tech Bronze Jake Hood Graphic; SNE Jake Hood Graphic,Stripe cleanup: selected dual racing stripes conflict with SHT and SNE hood graphics.,DZU Carbon Flash/Competition Yellow Stinger Stripe — Jake Hood Graphic Exclusions,approved,
1,b2df4eddc96b7f6e5cb2b55f57818d50bf285cb8c1b4641495595cb0b43f8a91,z06,rule,z06_group_dzv_excludes_jake_hood_graphics,DZV Carbon Flash/Midnight Silver Stinger Stripe: excludes_any,z06_rule_groups!35,TRUE,FALSE,manager,sec_stri_001,excludes_any,2,source DZV Carbon Flash/Midnight Silver Stinger Stripe; targets SHT Tech Bronze Jake Hood Graphic; SNE Jake Hood Graphic,Stripe cleanup: selected dual racing stripes conflict with SHT and SNE hood graphics.,DZV Carbon Flash/Midnight Silver Stinger Stripe — Jake Hood Graphic Exclusions,approved,
1,b2df4eddc96b7f6e5cb2b55f57818d50bf285cb8c1b4641495595cb0b43f8a91,z06,rule,z06_group_dzx_excludes_jake_hood_graphics,DZX Carbon Flash/Edge Red Stinger Stripe: excludes_any,z06_rule_groups!36,TRUE,FALSE,manager,sec_stri_001,excludes_any,2,source DZX Carbon Flash/Edge Red Stinger Stripe; targets SHT Tech Bronze Jake Hood Graphic; SNE Jake Hood Graphic,Stripe cleanup: selected dual racing stripes conflict with SHT and SNE hood graphics.,DZX Carbon Flash/Edge Red Stinger Stripe — Jake Hood Graphic Exclusions,approved,
1,b2df4eddc96b7f6e5cb2b55f57818d50bf285cb8c1b4641495595cb0b43f8a91,zr1,exclusive,zr1_excl_center_caps,Zr1 Excl Center Caps,zr1_exclusive_groups!2,TRUE,TRUE,customer,sec_whee_001,single_within_group,2,5ZC Jake Logo Wheel Center Caps; 5ZD Carbon Flash Crossed Flags Wheel Center Caps,Wheel center cap choices are mutually exclusive within the Wheel Accessory section.,Wheel Center Caps,approved,
1,b2df4eddc96b7f6e5cb2b55f57818d50bf285cb8c1b4641495595cb0b43f8a91,zr1,exclusive,zr1_excl_indoor_car_covers,Zr1 Excl Indoor Car Covers,zr1_exclusive_groups!3,TRUE,TRUE,customer,sec_lpoe_001,single_within_group,2,RWH Black Premium Indoor Car Cover; WKR GT3.R Premium Indoor Car Cover,Indoor car cover choices are mutually exclusive within the LPO Exterior section.,Indoor Car Covers,approved,
1,b2df4eddc96b7f6e5cb2b55f57818d50bf285cb8c1b4641495595cb0b43f8a91,zr1,exclusive,zr1_excl_rear_script_badges,Zr1 Excl Rear Script Badges,zr1_exclusive_groups!4,TRUE,TRUE,customer,sec_lpoe_001,single_within_group,3,RIK Torch Red Rear Corvette Script Badge; RIN Arctic White Rear Corvette Script Badge; SL8 Edge Red Rear Corvette Script Badge,Rear Corvette script badge color choices are mutually exclusive within the LPO Exterior section.,Rear Corvette Script Badge Color,approved,
1,b2df4eddc96b7f6e5cb2b55f57818d50bf285cb8c1b4641495595cb0b43f8a91,zr1,exclusive,zr1_excl_suede_compartment_liners,Zr1 Excl Suede Compartment Liners,zr1_exclusive_groups!5,TRUE,TRUE,customer,sec_lpoi_001,single_within_group,3,SXB Black Suede Frunk and Trunk Liner; SXR Adrenaline Red Suede Frunk and Trunk Liner; SXT Natural Suede Frunk and Trunk Liner,Suede frunk/trunk compartment liner choices are mutually exclusive within the LPO Interior section.,Suede Frunk and Trunk Liners,approved,
1,b2df4eddc96b7f6e5cb2b55f57818d50bf285cb8c1b4641495595cb0b43f8a91,zr1,exclusive,zr1_excl_46da2c68b0f9,Label pending workbook review,zr1_exclusive_groups!6,TRUE,TRUE,customer,sec_exha_001,single_within_group,2,NGA Black Exhaust Tips; NWI Bright Chrome Exhaust Tips,Exhaust tip choices are mutually exclusive within the Exhaust section.,Exhaust Tips,approved,
1,b2df4eddc96b7f6e5cb2b55f57818d50bf285cb8c1b4641495595cb0b43f8a91,zr1,exclusive,zr1_excl_ba636d8cad42,Label pending workbook review,zr1_exclusive_groups!7,TRUE,TRUE,customer,sec_seat_001,single_within_group,6,379 Orange Seat Belt Color; 3A9 Santorini Blue Seat Belt Color; 3F9 Torch Red Seat Belt Color; 3M9 Yellow Seat Belt Color; 3N9 Natural Seat Belt Color; 719 Black Seat Belt Color,Seat belt color choices are mutually exclusive within the Seat Belt section.,Seat Belt Color,approved,
1,b2df4eddc96b7f6e5cb2b55f57818d50bf285cb8c1b4641495595cb0b43f8a91,zr1,exclusive,zr1_excl_cdb87e21ebb0,Label pending workbook review,zr1_exclusive_groups!8,TRUE,TRUE,customer,sec_inte_001,single_within_group,2,FA5 Carbon Fiber Interior Trim; FA6 Level 2 Carbon Fiber Interior Trim,Carbon fiber interior trim choices are mutually exclusive within the Interior Trim section.,Carbon Fiber Interior Trim,approved,
1,b2df4eddc96b7f6e5cb2b55f57818d50bf285cb8c1b4641495595cb0b43f8a91,zr1,exclusive,zr1_excl_performance_brakes,Zr1 Excl Performance Brakes,zr1_exclusive_groups!9,TRUE,TRUE,customer,sec_perf_brake_001,required_single_within_group,2,J58 ZR1-Specific Carbon Ceramic Brakes; J59 10-Piston Front / 6-Piston Rear Carbon Ceramic Brakes,ZR1 brake choices require one active brake selection; J58 is standard and J59 replaces it when selected or included by ZTK.,Performance Brakes,approved,
1,b2df4eddc96b7f6e5cb2b55f57818d50bf285cb8c1b4641495595cb0b43f8a91,zr1,exclusive,zr1_excl_aero_packages,Zr1 Excl Aero Packages,zr1_exclusive_groups!10,TRUE,TRUE,customer,sec_perf_aero_001,single_within_group,2,T0E Low Rear Spoiler; TOM Visible Carbon Fiber Aero Package,ZR1 aero choices are radio-like peers; T0E is standard and TOM replaces it when selected or included by ZTK.,Aero Package,approved,
1,b2df4eddc96b7f6e5cb2b55f57818d50bf285cb8c1b4641495595cb0b43f8a91,zr1,rule,zr1_group_r88_excludes_badge_and_stripe_choices,R88 Front Illuminated Crossed Flags Emblem: excludes_any,zr1_rule_groups!2,TRUE,FALSE,manager,sec_badg_001; sec_lpoe_001; sec_stri_001,excludes_any,15,source R88 Front Illuminated Crossed Flags Emblem; targets EYK Chrome Exterior Badge Package; SFZ Dark Stealth Crossed Flags Emblems; DPB Carbon Flash/Blue Racing Stripes; DPC Carbon Flash/Yellow Racing Stripes; DPG Carbon Flash/Orange Racing Stripes; DPL Carbon Flash/Red Racing Stripes; DPT Carbon Flash/Silver Racing Stripes; DSY Edge Orange Racing Stripes; DSZ Edge Red Racing Stripes; DT0 Competition Yellow Racing Stripes; DTH Carbon Flash Metallic Racing Stripes; DUB Sterling Silver Racing Stripes; DUE Santorini Blue/Carbon Flash Racing Stripes; DUK Edge Red/Carbon Flash Racing Stripes; DUW Edge Blue Racing Stripes,Workbook-owned grouped exclusion metadata.,R88 Front Illuminated Crossed Flags Emblem — Badge and Stripe Exclusions,approved,
1,b2df4eddc96b7f6e5cb2b55f57818d50bf285cb8c1b4641495595cb0b43f8a91,zr1,rule,zr1_group_sfz_excludes_badge_and_stripe_choices,SFZ Dark Stealth Crossed Flags Emblems: excludes_any,zr1_rule_groups!3,TRUE,FALSE,manager,sec_badg_001; sec_stri_001,excludes_any,14,source SFZ Dark Stealth Crossed Flags Emblems; targets EYK Chrome Exterior Badge Package; DPB Carbon Flash/Blue Racing Stripes; DPC Carbon Flash/Yellow Racing Stripes; DPG Carbon Flash/Orange Racing Stripes; DPL Carbon Flash/Red Racing Stripes; DPT Carbon Flash/Silver Racing Stripes; DSY Edge Orange Racing Stripes; DSZ Edge Red Racing Stripes; DT0 Competition Yellow Racing Stripes; DTH Carbon Flash Metallic Racing Stripes; DUB Sterling Silver Racing Stripes; DUE Santorini Blue/Carbon Flash Racing Stripes; DUK Edge Red/Carbon Flash Racing Stripes; DUW Edge Blue Racing Stripes,Workbook-owned grouped exclusion metadata.,SFZ Dark Stealth Crossed Flags Emblems — Badge and Stripe Exclusions,approved,
1,b2df4eddc96b7f6e5cb2b55f57818d50bf285cb8c1b4641495595cb0b43f8a91,zr1,rule,zr1_group_sb9_excludes_full_length_stripe_choices,SB9 Hood and Roof Decal Package: excludes_any,zr1_rule_groups!4,TRUE,FALSE,manager,sec_stri_001,excludes_any,13,source SB9 Hood and Roof Decal Package; targets DPB Carbon Flash/Blue Racing Stripes; DPC Carbon Flash/Yellow Racing Stripes; DPG Carbon Flash/Orange Racing Stripes; DPL Carbon Flash/Red Racing Stripes; DPT Carbon Flash/Silver Racing Stripes; DSY Edge Orange Racing Stripes; DSZ Edge Red Racing Stripes; DT0 Competition Yellow Racing Stripes; DTH Carbon Flash Metallic Racing Stripes; DUB Sterling Silver Racing Stripes; DUE Santorini Blue/Carbon Flash Racing Stripes; DUK Edge Red/Carbon Flash Racing Stripes; DUW Edge Blue Racing Stripes,Workbook-owned canonical SB9 disclosure.,SB9 Hood and Roof Decal Package — Full-Length Stripe Exclusions,approved,
1,b2df4eddc96b7f6e5cb2b55f57818d50bf285cb8c1b4641495595cb0b43f8a91,zr1,rule,zr1_group_ztk_excludes_j58_brakes,ZTK ZTK Track Performance Package: excludes_any,zr1_rule_groups!5,TRUE,FALSE,manager,sec_perf_brake_001,excludes_any,1,source ZTK ZTK Track Performance Package; targets J58 ZR1-Specific Carbon Ceramic Brakes,ZTK always includes J59; J58 must not be selectable or restorable while ZTK remains selected.,ZTK Track Performance Package — J58 Brake Exclusion,approved,
1,b2df4eddc96b7f6e5cb2b55f57818d50bf285cb8c1b4641495595cb0b43f8a91,zr1,rule,zr1_group_ztk_excludes_non_ztk_aero,ZTK ZTK Track Performance Package: excludes_any,zr1_rule_groups!6,TRUE,FALSE,manager,sec_perf_aero_001,excludes_any,1,source ZTK ZTK Track Performance Package; targets T0E Low Rear Spoiler,ZTK always includes TOM; T0E must not be selectable or restorable while ZTK remains selected.,ZTK Track Performance Package — Non-ZTK Aero Exclusion,approved,
1,b2df4eddc96b7f6e5cb2b55f57818d50bf285cb8c1b4641495595cb0b43f8a91,zr1x,exclusive,zr1x_excl_center_caps,Zr1X Excl Center Caps,zr1x_exclusive_groups!2,TRUE,TRUE,customer,sec_whee_001,single_within_group,2,5ZC Jake Logo Wheel Center Caps; 5ZD Carbon Flash Crossed Flags Wheel Center Caps,Wheel center cap choices are mutually exclusive within the Wheel Accessory section.,Wheel Center Caps,approved,
1,b2df4eddc96b7f6e5cb2b55f57818d50bf285cb8c1b4641495595cb0b43f8a91,zr1x,exclusive,zr1x_excl_indoor_car_covers,Zr1X Excl Indoor Car Covers,zr1x_exclusive_groups!3,TRUE,TRUE,customer,sec_lpoe_001,single_within_group,2,RWH Black Premium Indoor Car Cover; WKR GT3.R Premium Indoor Car Cover,Indoor car cover choices are mutually exclusive within the LPO Exterior section.,Indoor Car Covers,approved,
1,b2df4eddc96b7f6e5cb2b55f57818d50bf285cb8c1b4641495595cb0b43f8a91,zr1x,exclusive,zr1x_excl_rear_script_badges,Zr1X Excl Rear Script Badges,zr1x_exclusive_groups!4,TRUE,TRUE,customer,sec_lpoe_001,single_within_group,3,RIK Torch Red Rear Corvette Script Badge; RIN Arctic White Rear Corvette Script Badge; SL8 Edge Red Rear Corvette Script Badge,Rear Corvette script badge color choices are mutually exclusive within the LPO Exterior section.,Rear Corvette Script Badge Color,approved,
1,b2df4eddc96b7f6e5cb2b55f57818d50bf285cb8c1b4641495595cb0b43f8a91,zr1x,exclusive,zr1x_excl_suede_compartment_liners,Zr1X Excl Suede Compartment Liners,zr1x_exclusive_groups!5,TRUE,TRUE,customer,sec_lpoi_001,single_within_group,3,SXB Black Suede Frunk and Trunk Liner; SXR Adrenaline Red Suede Frunk and Trunk Liner; SXT Natural Suede Frunk and Trunk Liner,Suede frunk/trunk compartment liner choices are mutually exclusive within the LPO Interior section.,Suede Frunk and Trunk Liners,approved,
1,b2df4eddc96b7f6e5cb2b55f57818d50bf285cb8c1b4641495595cb0b43f8a91,zr1x,exclusive,zr1x_excl_46da2c68b0f9,Label pending workbook review,zr1x_exclusive_groups!6,TRUE,TRUE,customer,sec_exha_001,single_within_group,2,NGA Black Exhaust Tips; NWI Bright Chrome Exhaust Tips,Exhaust tip choices are mutually exclusive within the Exhaust section.,Exhaust Tips,approved,
1,b2df4eddc96b7f6e5cb2b55f57818d50bf285cb8c1b4641495595cb0b43f8a91,zr1x,exclusive,zr1x_excl_ba636d8cad42,Label pending workbook review,zr1x_exclusive_groups!7,TRUE,TRUE,customer,sec_seat_001,single_within_group,6,379 Orange Seat Belt Color; 3A9 Santorini Blue Seat Belt Color; 3F9 Torch Red Seat Belt Color; 3M9 Yellow Seat Belt Color; 3N9 Natural Seat Belt Color; 719 Black Seat Belt Color,Seat belt color choices are mutually exclusive within the Seat Belt section.,Seat Belt Color,approved,
1,b2df4eddc96b7f6e5cb2b55f57818d50bf285cb8c1b4641495595cb0b43f8a91,zr1x,exclusive,zr1x_excl_cdb87e21ebb0,Label pending workbook review,zr1x_exclusive_groups!8,TRUE,TRUE,customer,sec_inte_001,single_within_group,2,FA5 Carbon Fiber Interior Trim; FA6 Level 2 Carbon Fiber Interior Trim,Carbon fiber interior trim choices are mutually exclusive within the Interior Trim section.,Carbon Fiber Interior Trim,approved,
1,b2df4eddc96b7f6e5cb2b55f57818d50bf285cb8c1b4641495595cb0b43f8a91,zr1x,exclusive,zr1x_excl_aero_packages,Zr1X Excl Aero Packages,zr1x_exclusive_groups!9,TRUE,TRUE,customer,sec_perf_aero_001,single_within_group,2,T0E Low Rear Spoiler; TOM Visible Carbon Fiber Aero Package,ZR1X aero choices are radio-like peers; T0E is standard and TOM replaces it when selected or included by ZTK.,Aero Package,approved,
1,b2df4eddc96b7f6e5cb2b55f57818d50bf285cb8c1b4641495595cb0b43f8a91,zr1x,rule,zr1x_group_r88_excludes_badge_and_stripe_choices,R88 Front Illuminated Crossed Flags Emblem: excludes_any,zr1x_rule_groups!2,TRUE,FALSE,manager,sec_badg_001; sec_lpoe_001; sec_stri_001,excludes_any,15,source R88 Front Illuminated Crossed Flags Emblem; targets EYK Chrome Exterior Badge Package; SFZ Dark Stealth Crossed Flags Emblems; DPB Carbon Flash/Blue Racing Stripes; DPC Carbon Flash/Yellow Racing Stripes; DPG Carbon Flash/Orange Racing Stripes; DPL Carbon Flash/Red Racing Stripes; DPT Carbon Flash/Silver Racing Stripes; DSY Edge Orange Racing Stripes; DSZ Edge Red Racing Stripes; DT0 Competition Yellow Racing Stripes; DTH Carbon Flash Metallic Racing Stripes; DUB Sterling Silver Racing Stripes; DUE Santorini Blue/Carbon Flash Racing Stripes; DUK Edge Red/Carbon Flash Racing Stripes; DUW Edge Blue Racing Stripes,Workbook-owned grouped exclusion metadata.,R88 Front Illuminated Crossed Flags Emblem — Badge and Stripe Exclusions,approved,
1,b2df4eddc96b7f6e5cb2b55f57818d50bf285cb8c1b4641495595cb0b43f8a91,zr1x,rule,zr1x_group_sfz_excludes_badge_and_stripe_choices,SFZ Dark Stealth Crossed Flags Emblems: excludes_any,zr1x_rule_groups!3,TRUE,FALSE,manager,sec_badg_001; sec_stri_001,excludes_any,14,source SFZ Dark Stealth Crossed Flags Emblems; targets EYK Chrome Exterior Badge Package; DPB Carbon Flash/Blue Racing Stripes; DPC Carbon Flash/Yellow Racing Stripes; DPG Carbon Flash/Orange Racing Stripes; DPL Carbon Flash/Red Racing Stripes; DPT Carbon Flash/Silver Racing Stripes; DSY Edge Orange Racing Stripes; DSZ Edge Red Racing Stripes; DT0 Competition Yellow Racing Stripes; DTH Carbon Flash Metallic Racing Stripes; DUB Sterling Silver Racing Stripes; DUE Santorini Blue/Carbon Flash Racing Stripes; DUK Edge Red/Carbon Flash Racing Stripes; DUW Edge Blue Racing Stripes,Workbook-owned grouped exclusion metadata.,SFZ Dark Stealth Crossed Flags Emblems — Badge and Stripe Exclusions,approved,
1,b2df4eddc96b7f6e5cb2b55f57818d50bf285cb8c1b4641495595cb0b43f8a91,zr1x,rule,zr1x_group_sb9_excludes_full_length_stripe_choices,SB9 Hood and Roof Decal Package: excludes_any,zr1x_rule_groups!4,TRUE,FALSE,manager,sec_stri_001,excludes_any,13,source SB9 Hood and Roof Decal Package; targets DPB Carbon Flash/Blue Racing Stripes; DPC Carbon Flash/Yellow Racing Stripes; DPG Carbon Flash/Orange Racing Stripes; DPL Carbon Flash/Red Racing Stripes; DPT Carbon Flash/Silver Racing Stripes; DSY Edge Orange Racing Stripes; DSZ Edge Red Racing Stripes; DT0 Competition Yellow Racing Stripes; DTH Carbon Flash Metallic Racing Stripes; DUB Sterling Silver Racing Stripes; DUE Santorini Blue/Carbon Flash Racing Stripes; DUK Edge Red/Carbon Flash Racing Stripes; DUW Edge Blue Racing Stripes,Workbook-owned canonical SB9 disclosure.,SB9 Hood and Roof Decal Package — Full-Length Stripe Exclusions,approved,
1,b2df4eddc96b7f6e5cb2b55f57818d50bf285cb8c1b4641495595cb0b43f8a91,zr1x,rule,zr1x_group_ztk_excludes_non_ztk_aero,ZTK ZTK Track Performance Package: excludes_any,zr1x_rule_groups!5,TRUE,FALSE,manager,sec_perf_aero_001,excludes_any,1,source ZTK ZTK Track Performance Package; targets T0E Low Rear Spoiler,ZTK always includes TOM; T0E must not be selectable or restorable while ZTK remains selected.,ZTK Track Performance Package — Non-ZTK Aero Exclusion,approved,
