model_key,raw_source_sheet,raw_source_span,orderable_rpo,ref_only_rpo,source_rpo,source_option_description,source_disclosure_raw,raw_status_summary,normalized_status_summary,suggested_option_id,suggested_section_id,suggested_display_order,suggested_copy_from,final_option_id,final_option_name,final_description,final_detail_raw,final_section_id,final_selectable,final_display_order,final_display_behavior,review_status,active,notes
z06,z06_standard_raw,z06_standard_raw:15-15,,,,Air filtration system with pollen filter,,1lz_h07=S; 2lz_h07=S; 3lz_h07=S; 1lz_h67=S; 2lz_h67=S; 3lz_h67=S,1lz_h07=standard; 2lz_h07=standard; 3lz_h07=standard; 1lz_h67=standard; 2lz_h67=standard; 3lz_h67=standard,opt_003,,,,,,,,,,,,needs_section_review,False,
z06,z06_standard_raw,z06_standard_raw:23-23,,,,"Console, floor, 2 cup holders, auxiliary power outlet, 3 USB ports (2 type-C, 1 type-A), passenger grab handle and lockable storage",,1lz_h07=S; 2lz_h07=S; 3lz_h07=S; 1lz_h67=S; 2lz_h67=S; 3lz_h67=S,1lz_h07=standard; 2lz_h07=standard; 3lz_h07=standard; 1lz_h67=standard; 2lz_h67=standard; 3lz_h67=standard,opt_008,,,,,,,,,,,,needs_section_review,False,
z06,z06_standard_raw,z06_standard_raw:24-24,,,,"Cruise control, electronic with set and resume speed",,1lz_h07=S; 2lz_h07=S; 3lz_h07=S; 1lz_h67=S; 2lz_h67=S; 3lz_h67=S,1lz_h07=standard; 2lz_h07=standard; 3lz_h07=standard; 1lz_h67=standard; 2lz_h67=standard; 3lz_h67=standard,opt_009,,,,,,,,,,,,needs_section_review,False,
z06,z06_standard_raw,z06_standard_raw:26-26,,,,"Door locks, power programmable with lockout protection",,1lz_h07=S; 2lz_h07=S; 3lz_h07=S; 1lz_h67=S; 2lz_h67=S; 3lz_h67=S,1lz_h07=standard; 2lz_h07=standard; 3lz_h07=standard; 1lz_h67=standard; 2lz_h67=standard; 3lz_h67=standard,opt_011,,,,,,,,,,,,needs_section_review,False,
z06,z06_standard_raw,z06_standard_raw:27-27,,,,"Floor mats, carpeted",,1lz_h07=S; 2lz_h07=S; 3lz_h07=S; 1lz_h67=S; 2lz_h67=S; 3lz_h67=S,1lz_h07=standard; 2lz_h07=standard; 3lz_h07=standard; 1lz_h67=standard; 2lz_h67=standard; 3lz_h67=standard,opt_012,,,,,,,,,,,,needs_section_review,False,
z06,z06_standard_raw,z06_standard_raw:29-29,,,,"Hatch release, push button open",,1lz_h07=S; 2lz_h07=S; 3lz_h07=S; 1lz_h67=--; 2lz_h67=--; 3lz_h67=--,1lz_h07=standard; 2lz_h07=standard; 3lz_h07=standard; 1lz_h67=unavailable; 2lz_h67=unavailable; 3lz_h67=unavailable,opt_014,,,,,,,,,,,,needs_section_review,False,
z06,z06_standard_raw,z06_standard_raw:31-31,,,,"Keyless Open and Start, includes 2 remote transmitters that enable automatic door unlock and open by touching door switch",,1lz_h07=S; 2lz_h07=S; 3lz_h07=S; 1lz_h67=S; 2lz_h67=S; 3lz_h67=S,1lz_h07=standard; 2lz_h07=standard; 3lz_h07=standard; 1lz_h67=standard; 2lz_h67=standard; 3lz_h67=standard,opt_016,,,,,,,,,,,,needs_section_review,False,
z06,z06_standard_raw,z06_standard_raw:33-33,,,,"Lighting, interior, theater dimming",,1lz_h07=S; 2lz_h07=S; 3lz_h07=S; 1lz_h67=S; 2lz_h67=S; 3lz_h67=S,1lz_h07=standard; 2lz_h07=standard; 3lz_h07=standard; 1lz_h67=standard; 2lz_h67=standard; 3lz_h67=standard,opt_018,,,,,,,,,,,,needs_section_review,False,
z06,z06_standard_raw,z06_standard_raw:47-50,,,,"OnStar Basics (OnStar Fleet Basics for Fleet) Drive with confidence and convenience using core OnStar services, featuring built-in voice assistance, real-time navigation, and access to audio streaming apps. With your vehicle mobile app, you can seamlessly manage your vehicle by sending commands and enjoy peace of mind knowing Automatic Crash Response can connect you to help if you’re in need.","Requires (UE1) OnStar. OnStar Basics is standard for 8 years; working electrical system, cell reception and GPS signal required. OnStar links to emergency services. Service coverage varies with conditions and location. Service availability, features and functionality vary by device and software version. Subject to user terms. See onstar.com for details and limitations. Removed with a ship-to of Guam, Puerto Rico or the Virgin Islands.",1lz_h07=S1; 2lz_h07=S1; 3lz_h07=S1; 1lz_h67=S1; 2lz_h67=S1; 3lz_h67=S1,1lz_h07=standard; 2lz_h07=standard; 3lz_h07=standard; 1lz_h67=standard; 2lz_h67=standard; 3lz_h67=standard,opt_023,,,,,,,,,,,,needs_section_review,False,
z06,z06_standard_raw,z06_standard_raw:53-53,,,,Remote vehicle starter system,,1lz_h07=S; 2lz_h07=S; 3lz_h07=S; 1lz_h67=S; 2lz_h67=S; 3lz_h67=S,1lz_h07=standard; 2lz_h07=standard; 3lz_h07=standard; 1lz_h67=standard; 2lz_h67=standard; 3lz_h67=standard,opt_026,,,,,,,,,,,,needs_section_review,False,
z06,z06_standard_raw,z06_standard_raw:64-64,,,,"Steering wheel controls, audio, voice recognition, cruise and Driver Information Center",,1lz_h07=S; 2lz_h07=S; 3lz_h07=S; 1lz_h67=S; 2lz_h67=S; 3lz_h67=S,1lz_h07=standard; 2lz_h07=standard; 3lz_h07=standard; 1lz_h67=standard; 2lz_h67=standard; 3lz_h67=standard,opt_034,,,,,,,,,,,,needs_section_review,False,
z06,z06_standard_raw,z06_standard_raw:66-66,,,,"Theft-deterrent system, vehicle, push button start, immobilizer and audible visual alarm",,1lz_h07=S; 2lz_h07=S; 3lz_h07=S; 1lz_h67=S; 2lz_h67=S; 3lz_h67=S,1lz_h07=standard; 2lz_h07=standard; 3lz_h07=standard; 1lz_h67=standard; 2lz_h67=standard; 3lz_h67=standard,opt_036,,,,,,,,,,,,needs_section_review,False,
z06,z06_standard_raw,z06_standard_raw:67-67,,,,"Trunk release, push button open",,1lz_h07=--; 2lz_h07=--; 3lz_h07=--; 1lz_h67=S; 2lz_h67=S; 3lz_h67=S,1lz_h07=unavailable; 2lz_h07=unavailable; 3lz_h07=unavailable; 1lz_h67=standard; 2lz_h67=standard; 3lz_h67=standard,opt_037,,,,,,,,,,,,needs_section_review,False,
z06,z06_standard_raw,z06_standard_raw:69-69,,,,"Visors, driver and passenger illuminated vanity mirrors, covered",,1lz_h07=S; 2lz_h07=S; 3lz_h07=S; 1lz_h67=S; 2lz_h67=S; 3lz_h67=S,1lz_h07=standard; 2lz_h07=standard; 3lz_h07=standard; 1lz_h67=standard; 2lz_h67=standard; 3lz_h67=standard,opt_039,,,,,,,,,,,,needs_section_review,False,
z06,z06_standard_raw,z06_standard_raw:70-70,,,,"Antenna, integral front and rear",,1lz_h07=S; 2lz_h07=S; 3lz_h07=S; 1lz_h67=S; 2lz_h67=S; 3lz_h67=S,1lz_h07=standard; 2lz_h07=standard; 3lz_h07=standard; 1lz_h67=standard; 2lz_h67=standard; 3lz_h67=standard,opt_040,,,,,,,,,,,,needs_section_review,False,
z06,z06_standard_raw,z06_standard_raw:71-71,,,,"Windows, power with driver and passenger Express-Down/Up",,1lz_h07=S; 2lz_h07=S; 3lz_h07=S; 1lz_h67=S; 2lz_h67=S; 3lz_h67=S,1lz_h07=standard; 2lz_h07=standard; 3lz_h07=standard; 1lz_h67=standard; 2lz_h67=standard; 3lz_h67=standard,opt_041,,,,,,,,,,,,needs_section_review,False,
z06,z06_standard_raw,z06_standard_raw:76-76,,,,Daytime running lamps,,1lz_h07=S; 2lz_h07=S; 3lz_h07=S; 1lz_h67=S; 2lz_h67=S; 3lz_h67=S,1lz_h07=standard; 2lz_h07=standard; 3lz_h07=standard; 1lz_h67=standard; 2lz_h67=standard; 3lz_h67=standard,opt_046,,,,,,,,,,,,needs_section_review,False,
z06,z06_standard_raw,z06_standard_raw:82-82,,,,"Glass, Solar-Ray light-tinted",,1lz_h07=S; 2lz_h07=S; 3lz_h07=S; 1lz_h67=S; 2lz_h67=S; 3lz_h67=S,1lz_h07=standard; 2lz_h07=standard; 3lz_h07=standard; 1lz_h67=standard; 2lz_h67=standard; 3lz_h67=standard,opt_048,,,,,,,,,,,,needs_section_review,False,
z06,z06_standard_raw,z06_standard_raw:89-89,,,,"Active handling stability control, improves traction and enhances vehicle stability",,1lz_h07=S; 2lz_h07=S; 3lz_h07=S; 1lz_h67=S; 2lz_h67=S; 3lz_h67=S,1lz_h07=standard; 2lz_h07=standard; 3lz_h07=standard; 1lz_h67=standard; 2lz_h67=standard; 3lz_h67=standard,opt_052,,,,,,,,,,,,needs_section_review,False,
z06,z06_standard_raw,z06_standard_raw:97-97,,,,NEW!Intersection Automatic Emergency Braking,,1lz_h07=S; 2lz_h07=S; 3lz_h07=S; 1lz_h67=S; 2lz_h67=S; 3lz_h67=S,1lz_h07=standard; 2lz_h07=standard; 3lz_h07=standard; 1lz_h67=standard; 2lz_h67=standard; 3lz_h67=standard,opt_060,,,,,,,,,,,,needs_section_review,False,
z06,z06_standard_raw,z06_standard_raw:114-114,,,,"Frame, aluminum structure",,1lz_h07=S; 2lz_h07=S; 3lz_h07=S; 1lz_h67=S; 2lz_h67=S; 3lz_h67=S,1lz_h07=standard; 2lz_h07=standard; 3lz_h07=standard; 1lz_h67=standard; 2lz_h67=standard; 3lz_h67=standard,opt_071,,,,,,,,,,,,needs_section_review,False,
z06,z06_standard_raw,z06_standard_raw:121-121,,,,Oil life monitoring system,,1lz_h07=S; 2lz_h07=S; 3lz_h07=S; 1lz_h67=S; 2lz_h67=S; 3lz_h67=S,1lz_h07=standard; 2lz_h07=standard; 3lz_h07=standard; 1lz_h67=standard; 2lz_h67=standard; 3lz_h67=standard,opt_075,,,,,,,,,,,,needs_section_review,False,
z06,z06_standard_raw,z06_standard_raw:124-124,,,,"Steering, power, electric, speed-sensitive, rack-and-pinion, variable ratio",,1lz_h07=S; 2lz_h07=S; 3lz_h07=S; 1lz_h67=S; 2lz_h67=S; 3lz_h67=S,1lz_h07=standard; 2lz_h07=standard; 3lz_h07=standard; 1lz_h67=standard; 2lz_h67=standard; 3lz_h67=standard,opt_078,,,,,,,,,,,,needs_section_review,False,
z06,z06_standard_raw,z06_standard_raw:126-126,,,,"Traction control, all-speed",,1lz_h07=S; 2lz_h07=S; 3lz_h07=S; 1lz_h67=S; 2lz_h67=S; 3lz_h67=S,1lz_h07=standard; 2lz_h07=standard; 3lz_h07=standard; 1lz_h67=standard; 2lz_h67=standard; 3lz_h67=standard,opt_080,,,,,,,,,,,,needs_section_review,False,
z06,z06_standard_raw,z06_standard_raw:127-127,,,,"Wipers, front intermittent",,1lz_h07=S; 2lz_h07=S; 3lz_h07=S; 1lz_h67=S; 2lz_h67=S; 3lz_h67=S,1lz_h07=standard; 2lz_h07=standard; 3lz_h07=standard; 1lz_h67=standard; 2lz_h67=standard; 3lz_h67=standard,opt_081,,,,,,,,,,,,needs_section_review,False,
z06,z06_intextmec_raw,z06_intextmec_raw:15-15,,,,Air filtration system with pollen filter,,1lz_h07=S; 2lz_h07=S; 3lz_h07=S; 1lz_h67=S; 2lz_h67=S; 3lz_h67=S,1lz_h07=standard; 2lz_h07=standard; 3lz_h07=standard; 1lz_h67=standard; 2lz_h67=standard; 3lz_h67=standard,opt_085,sec_stan_001,,,,,,,,,,,needs_section_review,False,
z06,z06_intextmec_raw,z06_intextmec_raw:37-37,,,,"Console, floor, 2 cup holders, auxiliary power outlet, 3 USB ports (2 type-C, 1 type-A), passenger grab handle and lockable storage",,1lz_h07=S; 2lz_h07=S; 3lz_h07=S; 1lz_h67=S; 2lz_h67=S; 3lz_h67=S,1lz_h07=standard; 2lz_h07=standard; 3lz_h07=standard; 1lz_h67=standard; 2lz_h67=standard; 3lz_h67=standard,opt_095,sec_stan_001,,,,,,,,,,,needs_section_review,False,
z06,z06_intextmec_raw,z06_intextmec_raw:38-38,,,,"Cruise control, electronic with set and resume speed",,1lz_h07=S; 2lz_h07=S; 3lz_h07=S; 1lz_h67=S; 2lz_h67=S; 3lz_h67=S,1lz_h07=standard; 2lz_h07=standard; 3lz_h07=standard; 1lz_h67=standard; 2lz_h67=standard; 3lz_h67=standard,opt_096,sec_stan_001,,,,,,,,,,,needs_section_review,False,
z06,z06_intextmec_raw,z06_intextmec_raw:40-40,,,,"Door locks, power programmable with lockout protection",,1lz_h07=S; 2lz_h07=S; 3lz_h07=S; 1lz_h67=S; 2lz_h67=S; 3lz_h67=S,1lz_h07=standard; 2lz_h07=standard; 3lz_h07=standard; 1lz_h67=standard; 2lz_h67=standard; 3lz_h67=standard,opt_098,sec_stan_001,,,,,,,,,,,needs_section_review,False,
z06,z06_intextmec_raw,z06_intextmec_raw:41-41,,,,"Floor mats, carpeted",,1lz_h07=S; 2lz_h07=S; 3lz_h07=S; 1lz_h67=S; 2lz_h67=S; 3lz_h67=S,1lz_h07=standard; 2lz_h07=standard; 3lz_h07=standard; 1lz_h67=standard; 2lz_h67=standard; 3lz_h67=standard,opt_099,sec_stan_001,,,,,,,,,,,needs_section_review,False,
z06,z06_intextmec_raw,z06_intextmec_raw:43-43,,,,"Hatch release, push button open",,1lz_h07=S; 2lz_h07=S; 3lz_h07=S; 1lz_h67=--; 2lz_h67=--; 3lz_h67=--,1lz_h07=standard; 2lz_h07=standard; 3lz_h07=standard; 1lz_h67=unavailable; 2lz_h67=unavailable; 3lz_h67=unavailable,opt_101,sec_stan_001,,,,,,,,,,,needs_section_review,False,
z06,z06_intextmec_raw,z06_intextmec_raw:45-45,,,,"Keyless Open and Start, includes 2 remote transmitters that enable automatic door unlock and open by touching door switch",,1lz_h07=S; 2lz_h07=S; 3lz_h07=S; 1lz_h67=S; 2lz_h67=S; 3lz_h67=S,1lz_h07=standard; 2lz_h07=standard; 3lz_h07=standard; 1lz_h67=standard; 2lz_h67=standard; 3lz_h67=standard,opt_103,sec_stan_001,,,,,,,,,,,needs_section_review,False,
z06,z06_intextmec_raw,z06_intextmec_raw:47-47,,,,"Lighting, interior, theater dimming",,1lz_h07=S; 2lz_h07=S; 3lz_h07=S; 1lz_h67=S; 2lz_h67=S; 3lz_h67=S,1lz_h07=standard; 2lz_h07=standard; 3lz_h07=standard; 1lz_h67=standard; 2lz_h67=standard; 3lz_h67=standard,opt_105,sec_stan_001,,,,,,,,,,,needs_section_review,False,
z06,z06_intextmec_raw,z06_intextmec_raw:107-110,,,,"OnStar Basics (OnStar Fleet Basics for Fleet) Drive with confidence and convenience using core OnStar services, featuring built-in voice assistance, real-time navigation, and access to audio streaming apps. With your vehicle mobile app, you can seamlessly manage your vehicle by sending commands and enjoy peace of mind knowing Automatic Crash Response can connect you to help if you’re in need.","Requires (UE1) OnStar. OnStar Basics is standard for 8 years; working electrical system, cell reception and GPS signal required. OnStar links to emergency services. Service coverage varies with conditions and location. Service availability, features and functionality vary by device and software version. Subject to user terms. See onstar.com for details and limitations. Removed with a ship-to of Guam, Puerto Rico or the Virgin Islands.",1lz_h07=S1; 2lz_h07=S1; 3lz_h07=S1; 1lz_h67=S1; 2lz_h67=S1; 3lz_h67=S1,1lz_h07=standard; 2lz_h07=standard; 3lz_h07=standard; 1lz_h67=standard; 2lz_h67=standard; 3lz_h67=standard,opt_129,sec_tech_001,,,,,,,,,,,needs_section_review,False,
z06,z06_intextmec_raw,z06_intextmec_raw:130-130,,,,Remote vehicle starter system,,1lz_h07=S; 2lz_h07=S; 3lz_h07=S; 1lz_h67=S; 2lz_h67=S; 3lz_h67=S,1lz_h07=standard; 2lz_h07=standard; 3lz_h07=standard; 1lz_h67=standard; 2lz_h67=standard; 3lz_h67=standard,opt_137,sec_stan_001,,,,,,,,,,,needs_section_review,False,
z06,z06_intextmec_raw,z06_intextmec_raw:192-192,,,,"Steering wheel controls, audio, voice recognition, cruise and Driver Information Center",,1lz_h07=S; 2lz_h07=S; 3lz_h07=S; 1lz_h67=S; 2lz_h67=S; 3lz_h67=S,1lz_h07=standard; 2lz_h07=standard; 3lz_h07=standard; 1lz_h67=standard; 2lz_h67=standard; 3lz_h67=standard,opt_162,sec_stan_001,,,,,,,,,,,needs_section_review,False,
z06,z06_intextmec_raw,z06_intextmec_raw:209-212,,,,"Custom Leather Wrapped Interior Package, features leather-wrapped upper instrument panel, door trim panels and console","When (HUB/HUC) Ultimate Suede Jet Black is ordered, the instrument panel, door trim panels and console will be suede.",1lz_h07=--; 2lz_h07=--; 3lz_h07=■1; 1lz_h67=--; 2lz_h67=--; 3lz_h67=■1,1lz_h07=unavailable; 2lz_h07=unavailable; 3lz_h07=standard; 1lz_h67=unavailable; 2lz_h67=unavailable; 3lz_h67=standard,opt_167,sec_3lte_001,,,,,,,,,,,needs_section_review,False,
z06,z06_intextmec_raw,z06_intextmec_raw:220-220,,,,"Theft-deterrent system, vehicle, push button start, immobilizer and audible visual alarm",,1lz_h07=S; 2lz_h07=S; 3lz_h07=S; 1lz_h67=S; 2lz_h67=S; 3lz_h67=S,1lz_h07=standard; 2lz_h07=standard; 3lz_h07=standard; 1lz_h67=standard; 2lz_h67=standard; 3lz_h67=standard,opt_172,sec_stan_001,,,,,,,,,,,needs_section_review,False,
z06,z06_intextmec_raw,z06_intextmec_raw:224-224,,,,"Trunk release, push button open",,1lz_h07=--; 2lz_h07=--; 3lz_h07=--; 1lz_h67=S; 2lz_h67=S; 3lz_h67=S,1lz_h07=unavailable; 2lz_h07=unavailable; 3lz_h07=unavailable; 1lz_h67=standard; 2lz_h67=standard; 3lz_h67=standard,opt_176,sec_stan_001,,,,,,,,,,,needs_section_review,False,
z06,z06_intextmec_raw,z06_intextmec_raw:227-227,,,,"Visors, driver and passenger illuminated vanity mirrors, covered",,1lz_h07=S; 2lz_h07=S; 3lz_h07=S; 1lz_h67=S; 2lz_h67=S; 3lz_h67=S,1lz_h07=standard; 2lz_h07=standard; 3lz_h07=standard; 1lz_h67=standard; 2lz_h67=standard; 3lz_h67=standard,opt_179,sec_stan_001,,,,,,,,,,,needs_section_review,False,
z06,z06_intextmec_raw,z06_intextmec_raw:228-228,,,,"Windows, power with driver and passenger Express-Down/Up",,1lz_h07=S; 2lz_h07=S; 3lz_h07=S; 1lz_h67=S; 2lz_h67=S; 3lz_h67=S,1lz_h07=standard; 2lz_h07=standard; 3lz_h07=standard; 1lz_h67=standard; 2lz_h67=standard; 3lz_h67=standard,opt_180,sec_stan_001,,,,,,,,,,,needs_section_review,False,
z06,z06_intextmec_raw,z06_intextmec_raw:235-235,,,,"Antenna, integral front and rear",,1lz_h07=S; 2lz_h07=S; 3lz_h07=S; 1lz_h67=S; 2lz_h67=S; 3lz_h67=S,1lz_h07=standard; 2lz_h07=standard; 3lz_h07=standard; 1lz_h67=standard; 2lz_h67=standard; 3lz_h67=standard,opt_187,sec_stan_001,,,,,,,,,,,needs_section_review,False,
z06,z06_intextmec_raw,z06_intextmec_raw:263-263,,,,Daytime running lamps,,1lz_h07=S; 2lz_h07=S; 3lz_h07=S; 1lz_h67=S; 2lz_h67=S; 3lz_h67=S,1lz_h07=standard; 2lz_h07=standard; 3lz_h07=standard; 1lz_h67=standard; 2lz_h67=standard; 3lz_h67=standard,opt_197,sec_stan_001,,,,,,,,,,,needs_section_review,False,
z06,z06_intextmec_raw,z06_intextmec_raw:284-284,,,,"Glass, Solar-Ray light-tinted",,1lz_h07=S; 2lz_h07=S; 3lz_h07=S; 1lz_h67=S; 2lz_h67=S; 3lz_h67=S,1lz_h07=standard; 2lz_h07=standard; 3lz_h07=standard; 1lz_h67=standard; 2lz_h67=standard; 3lz_h67=standard,opt_203,sec_stan_001,,,,,,,,,,,needs_section_review,False,
z06,z06_intextmec_raw,z06_intextmec_raw:516-516,,,,"Wipers, front intermittent",,1lz_h07=S; 2lz_h07=S; 3lz_h07=S; 1lz_h67=S; 2lz_h67=S; 3lz_h67=S,1lz_h07=standard; 2lz_h07=standard; 3lz_h07=standard; 1lz_h67=standard; 2lz_h67=standard; 3lz_h67=standard,opt_288,sec_stan_001,,,,,,,,,,,needs_section_review,False,
z06,z06_intextmec_raw,z06_intextmec_raw:517-517,,,,"Active handling stability control, improves traction and enhances vehicle stability",,1lz_h07=S; 2lz_h07=S; 3lz_h07=S; 1lz_h67=S; 2lz_h67=S; 3lz_h67=S,1lz_h07=standard; 2lz_h07=standard; 3lz_h07=standard; 1lz_h67=standard; 2lz_h67=standard; 3lz_h67=standard,opt_289,sec_safe_001,,,,,,,,,,,needs_section_review,False,
z06,z06_intextmec_raw,z06_intextmec_raw:526-526,,,,NEW!Intersection Automatic Emergency Braking,,1lz_h07=S; 2lz_h07=S; 3lz_h07=S; 1lz_h67=S; 2lz_h67=S; 3lz_h67=S,1lz_h07=standard; 2lz_h07=standard; 3lz_h07=standard; 1lz_h67=standard; 2lz_h67=standard; 3lz_h67=standard,opt_295,sec_safe_001,,,,,,,,,,,needs_section_review,False,
z06,z06_intextmec_raw,z06_intextmec_raw:572-572,,,,"Frame, aluminum structure",,1lz_h07=S; 2lz_h07=S; 3lz_h07=S; 1lz_h67=S; 2lz_h67=S; 3lz_h67=S,1lz_h07=standard; 2lz_h07=standard; 3lz_h07=standard; 1lz_h67=standard; 2lz_h67=standard; 3lz_h67=standard,opt_319,sec_stan_001,,,,,,,,,,,needs_section_review,False,
z06,z06_intextmec_raw,z06_intextmec_raw:585-585,,,,Oil life monitoring system,,1lz_h07=S; 2lz_h07=S; 3lz_h07=S; 1lz_h67=S; 2lz_h67=S; 3lz_h67=S,1lz_h07=standard; 2lz_h07=standard; 3lz_h07=standard; 1lz_h67=standard; 2lz_h67=standard; 3lz_h67=standard,opt_326,sec_stan_001,,,,,,,,,,,needs_section_review,False,
z06,z06_intextmec_raw,z06_intextmec_raw:588-588,,,,"Steering, power, electric, speed-sensitive, rack-and-pinion, variable ratio",,1lz_h07=S; 2lz_h07=S; 3lz_h07=S; 1lz_h67=S; 2lz_h67=S; 3lz_h67=S,1lz_h07=standard; 2lz_h07=standard; 3lz_h07=standard; 1lz_h67=standard; 2lz_h67=standard; 3lz_h67=standard,opt_329,sec_stan_001,,,,,,,,,,,needs_section_review,False,
z06,z06_intextmec_raw,z06_intextmec_raw:594-594,,,,"Traction control, all-speed",,1lz_h07=S; 2lz_h07=S; 3lz_h07=S; 1lz_h67=S; 2lz_h67=S; 3lz_h67=S,1lz_h07=standard; 2lz_h07=standard; 3lz_h07=standard; 1lz_h67=standard; 2lz_h67=standard; 3lz_h67=standard,opt_332,sec_stan_001,,,,,,,,,,,needs_section_review,False,
zr1,zr1_zr1x_standard_raw,zr1_zr1x_standard_raw:15-15,,,,Air filtration system with pollen filter,,1lz_r07=S; 3lz_r07=S; 1lz_r67=S; 3lz_r67=S,1lz_r07=standard; 3lz_r07=standard; 1lz_r67=standard; 3lz_r67=standard,opt_339,,,,,,,,,,,,needs_section_review,False,
zr1x,zr1_zr1x_standard_raw,zr1_zr1x_standard_raw:15-15,,,,Air filtration system with pollen filter,,1lz_s07=S; 3lz_s07=S; 1lz_s67=S; 3lz_s67=S,1lz_s07=standard; 3lz_s07=standard; 1lz_s67=standard; 3lz_s67=standard,opt_340,,,,,,,,,,,,needs_section_review,False,
zr1,zr1_zr1x_standard_raw,zr1_zr1x_standard_raw:23-23,,,,"Console, floor, 2 cup holders, auxiliary power outlet, 3 USB ports (2 type-C, 1 type-A), passenger grab handle and lockable storage",,1lz_r07=S; 3lz_r07=S; 1lz_r67=S; 3lz_r67=S,1lz_r07=standard; 3lz_r07=standard; 1lz_r67=standard; 3lz_r67=standard,opt_349,,,,,,,,,,,,needs_section_review,False,
zr1x,zr1_zr1x_standard_raw,zr1_zr1x_standard_raw:23-23,,,,"Console, floor, 2 cup holders, auxiliary power outlet, 3 USB ports (2 type-C, 1 type-A), passenger grab handle and lockable storage",,1lz_s07=S; 3lz_s07=S; 1lz_s67=S; 3lz_s67=S,1lz_s07=standard; 3lz_s07=standard; 1lz_s67=standard; 3lz_s67=standard,opt_350,,,,,,,,,,,,needs_section_review,False,
zr1,zr1_zr1x_standard_raw,zr1_zr1x_standard_raw:24-24,,,,"Cruise control, electronic with set and resume speed",,1lz_r07=S; 3lz_r07=S; 1lz_r67=S; 3lz_r67=S,1lz_r07=standard; 3lz_r07=standard; 1lz_r67=standard; 3lz_r67=standard,opt_351,,,,,,,,,,,,needs_section_review,False,
zr1x,zr1_zr1x_standard_raw,zr1_zr1x_standard_raw:24-24,,,,"Cruise control, electronic with set and resume speed",,1lz_s07=S; 3lz_s07=S; 1lz_s67=S; 3lz_s67=S,1lz_s07=standard; 3lz_s07=standard; 1lz_s67=standard; 3lz_s67=standard,opt_352,,,,,,,,,,,,needs_section_review,False,
zr1,zr1_zr1x_standard_raw,zr1_zr1x_standard_raw:26-26,,,,"Door locks, power programmable with lockout protection",,1lz_r07=S; 3lz_r07=S; 1lz_r67=S; 3lz_r67=S,1lz_r07=standard; 3lz_r07=standard; 1lz_r67=standard; 3lz_r67=standard,opt_355,,,,,,,,,,,,needs_section_review,False,
zr1x,zr1_zr1x_standard_raw,zr1_zr1x_standard_raw:26-26,,,,"Door locks, power programmable with lockout protection",,1lz_s07=S; 3lz_s07=S; 1lz_s67=S; 3lz_s67=S,1lz_s07=standard; 3lz_s07=standard; 1lz_s67=standard; 3lz_s67=standard,opt_356,,,,,,,,,,,,needs_section_review,False,
zr1,zr1_zr1x_standard_raw,zr1_zr1x_standard_raw:27-27,,,,"Floor mats, carpeted",,1lz_r07=S; 3lz_r07=S; 1lz_r67=S; 3lz_r67=S,1lz_r07=standard; 3lz_r07=standard; 1lz_r67=standard; 3lz_r67=standard,opt_357,,,,,,,,,,,,needs_section_review,False,
zr1x,zr1_zr1x_standard_raw,zr1_zr1x_standard_raw:27-27,,,,"Floor mats, carpeted",,1lz_s07=S; 3lz_s07=S; 1lz_s67=S; 3lz_s67=S,1lz_s07=standard; 3lz_s07=standard; 1lz_s67=standard; 3lz_s67=standard,opt_358,,,,,,,,,,,,needs_section_review,False,
zr1,zr1_zr1x_standard_raw,zr1_zr1x_standard_raw:29-29,,,,"Hatch release, push button open",,1lz_r07=S; 3lz_r07=S; 1lz_r67=--; 3lz_r67=--,1lz_r07=standard; 3lz_r07=standard; 1lz_r67=unavailable; 3lz_r67=unavailable,opt_361,,,,,,,,,,,,needs_section_review,False,
zr1x,zr1_zr1x_standard_raw,zr1_zr1x_standard_raw:29-29,,,,"Hatch release, push button open",,1lz_s07=S; 3lz_s07=S; 1lz_s67=--; 3lz_s67=--,1lz_s07=standard; 3lz_s07=standard; 1lz_s67=unavailable; 3lz_s67=unavailable,opt_362,,,,,,,,,,,,needs_section_review,False,
zr1,zr1_zr1x_standard_raw,zr1_zr1x_standard_raw:31-31,,,,"Keyless Open and Start, includes 2 remote transmitters that enable automatic door unlock and open by touching door switch",,1lz_r07=S; 3lz_r07=S; 1lz_r67=S; 3lz_r67=S,1lz_r07=standard; 3lz_r07=standard; 1lz_r67=standard; 3lz_r67=standard,opt_365,,,,,,,,,,,,needs_section_review,False,
zr1x,zr1_zr1x_standard_raw,zr1_zr1x_standard_raw:31-31,,,,"Keyless Open and Start, includes 2 remote transmitters that enable automatic door unlock and open by touching door switch",,1lz_s07=S; 3lz_s07=S; 1lz_s67=S; 3lz_s67=S,1lz_s07=standard; 3lz_s07=standard; 1lz_s67=standard; 3lz_s67=standard,opt_366,,,,,,,,,,,,needs_section_review,False,
zr1,zr1_zr1x_standard_raw,zr1_zr1x_standard_raw:33-33,,,,"Lighting, interior, theater dimming",,1lz_r07=S; 3lz_r07=S; 1lz_r67=S; 3lz_r67=S,1lz_r07=standard; 3lz_r07=standard; 1lz_r67=standard; 3lz_r67=standard,opt_369,,,,,,,,,,,,needs_section_review,False,
z06,z06_intextmec_raw,z06_intextmec_raw:203-207,36S,,36S,"Competition Yellow custom leather stitch, includes seats, instrument panel, doors and console","Requires (H1Y/HTM/HTP) Jet Black interior.
Requires (HTE/HTT/HUB/HUC) Jet Black interior.",1lz_h07=--; 2lz_h07=A1; 3lz_h07=A2; 1lz_h67=--; 2lz_h67=A1; 3lz_h67=A2,1lz_h07=unavailable; 2lz_h07=available; 3lz_h07=available; 1lz_h67=unavailable; 2lz_h67=available; 3lz_h67=available,opt_36s_001,sec_cust_002,,,,,,,,,,,needs_section_review,False,
zr1,zr1_zr1x_intextmec_raw,zr1_zr1x_intextmec_raw:198-201,36S,,36S,"Competition Yellow custom leather stitch, includes seats, instrument panel, doors and console",Requires (HTE/HTT/HUB/HUC) Jet Black interior.,1lz_r07=--; 3lz_r07=A1; 1lz_r67=--; 3lz_r67=A1,1lz_r07=unavailable; 3lz_r07=available; 1lz_r67=unavailable; 3lz_r67=available,opt_36s_001,sec_cust_002,,,,,,,,,,,needs_section_review,False,
zr1x,zr1_zr1x_intextmec_raw,zr1_zr1x_intextmec_raw:198-201,36S,,36S,"Competition Yellow custom leather stitch, includes seats, instrument panel, doors and console",Requires (HTE/HTT/HUB/HUC) Jet Black interior.,1lz_s07=--; 3lz_s07=A1; 1lz_s67=--; 3lz_s67=A1,1lz_s07=unavailable; 3lz_s07=available; 1lz_s67=unavailable; 3lz_s67=available,opt_36s_001,sec_cust_002,,,,,,,,,,,needs_section_review,False,
zr1x,zr1_zr1x_standard_raw,zr1_zr1x_standard_raw:33-33,,,,"Lighting, interior, theater dimming",,1lz_s07=S; 3lz_s07=S; 1lz_s67=S; 3lz_s67=S,1lz_s07=standard; 3lz_s07=standard; 1lz_s67=standard; 3lz_s67=standard,opt_370,,,,,,,,,,,,needs_section_review,False,
zr1,zr1_zr1x_standard_raw,zr1_zr1x_standard_raw:47-50,,,,"OnStar Basics (OnStar Fleet Basics for Fleet) Drive with confidence and convenience using core OnStar services, featuring built-in voice assistance, real-time navigation, and access to audio streaming apps. With your vehicle mobile app, you can seamlessly manage your vehicle by sending commands and enjoy peace of mind knowing Automatic Crash Response can connect you to help if you’re in need.","Requires (UE1) OnStar. OnStar Basics is standard for 8 years; working electrical system, cell reception and GPS signal required. OnStar links to emergency services. Service coverage varies with conditions and location. Service availability, features and functionality vary by device and software version. Subject to user terms. See onstar.com for details and limitations. Removed with a ship-to of Guam, Puerto Rico or the Virgin Islands.",1lz_r07=S1; 3lz_r07=S1; 1lz_r67=S1; 3lz_r67=S1,1lz_r07=standard; 3lz_r07=standard; 1lz_r67=standard; 3lz_r67=standard,opt_379,,,,,,,,,,,,needs_section_review,False,
z06,z06_intextmec_raw,z06_intextmec_raw:135-139,379,,379,"Seat belt color, Orange","Not recommended with (HUQ, HU7, HUL, HUR) Adrenaline Red interiors.
Not recommended with (HU2, HUA, HUU, HZP) Adrenaline Red interiors, (HNK) Adrenaline Red Dipped interior, (HUF, HZN) Natural Dipped interiors, (HVZ) Asymmetrical Adrenaline Red/Jet Black interior, (EJH, EPX) Very Dark Atmosphere interiors or (HAG) Asymmetrical Santorini Blue/Jet Black interior. Included with (HUW, HUX) Habanero interiors.",1lz_h07=A1; 2lz_h07=A1; 3lz_h07=A2; 1lz_h67=A1; 2lz_h67=A1; 3lz_h67=A2,1lz_h07=available; 2lz_h07=available; 3lz_h07=available; 1lz_h67=available; 2lz_h67=available; 3lz_h67=available,opt_379_001,sec_seat_001,30,grand_sport:opt_379_001,opt_379_001,"Seat belt color, Orange",,"Not recommended with (HUQ, HU7, HUL, HUR) Adrenaline Red interiors.
Not recommended with (HU2, HUA, HUU, HZP) Adrenaline Red interiors, (HNK) Adrenaline Red Dipped interior, (HUF, HZN) Natural Dipped interiors, (HVZ) Asymmetrical Adrenaline Red/Jet Black interior, (EJH, EPX) Very Dark Atmosphere interiors or (HAG) Asymmetrical Santorini Blue/Jet Black interior. Included with (HUW, HUX) Habanero interiors.",sec_seat_001,True,30,,approved,True,
zr1,zr1_zr1x_intextmec_raw,zr1_zr1x_intextmec_raw:135-139,379,,379,"Seat belt color, Orange","Not recommended with (HUQ, HU7, HUL, HUR) Adrenaline Red interiors.
Not recommended with (HU2, HUA, HUU, HZP) Adrenaline Red interiors, (HNK) Adrenaline Red Dipped interior, (HUF, HZN) Natural Dipped interiors, (HVZ) Asymmetrical Adrenaline Red/Jet Black interior, (EJH, EPX) Very Dark Atmosphere interiors or (HAG) Asymmetrical Santorini Blue/Jet Black interior. Included with (HUW, HUX) Habanero interiors.",1lz_r07=A1; 3lz_r07=A2; 1lz_r67=A1; 3lz_r67=A2,1lz_r07=available; 3lz_r07=available; 1lz_r67=available; 3lz_r67=available,opt_379_001,sec_seat_001,30,grand_sport:opt_379_001,opt_379_001,"Seat belt color, Orange",,"Not recommended with (HUQ, HU7, HUL, HUR) Adrenaline Red interiors.
Not recommended with (HU2, HUA, HUU, HZP) Adrenaline Red interiors, (HNK) Adrenaline Red Dipped interior, (HUF, HZN) Natural Dipped interiors, (HVZ) Asymmetrical Adrenaline Red/Jet Black interior, (EJH, EPX) Very Dark Atmosphere interiors or (HAG) Asymmetrical Santorini Blue/Jet Black interior. Included with (HUW, HUX) Habanero interiors.",sec_seat_001,True,30,,approved,True,
zr1x,zr1_zr1x_intextmec_raw,zr1_zr1x_intextmec_raw:135-139,379,,379,"Seat belt color, Orange","Not recommended with (HUQ, HU7, HUL, HUR) Adrenaline Red interiors.
Not recommended with (HU2, HUA, HUU, HZP) Adrenaline Red interiors, (HNK) Adrenaline Red Dipped interior, (HUF, HZN) Natural Dipped interiors, (HVZ) Asymmetrical Adrenaline Red/Jet Black interior, (EJH, EPX) Very Dark Atmosphere interiors or (HAG) Asymmetrical Santorini Blue/Jet Black interior. Included with (HUW, HUX) Habanero interiors.",1lz_s07=A1; 3lz_s07=A2; 1lz_s67=A1; 3lz_s67=A2,1lz_s07=available; 3lz_s07=available; 1lz_s67=available; 3lz_s67=available,opt_379_001,sec_seat_001,30,grand_sport:opt_379_001,opt_379_001,"Seat belt color, Orange",,"Not recommended with (HUQ, HU7, HUL, HUR) Adrenaline Red interiors.
Not recommended with (HU2, HUA, HUU, HZP) Adrenaline Red interiors, (HNK) Adrenaline Red Dipped interior, (HUF, HZN) Natural Dipped interiors, (HVZ) Asymmetrical Adrenaline Red/Jet Black interior, (EJH, EPX) Very Dark Atmosphere interiors or (HAG) Asymmetrical Santorini Blue/Jet Black interior. Included with (HUW, HUX) Habanero interiors.",sec_seat_001,True,30,,approved,True,
z06,z06_intextmec_raw,z06_intextmec_raw:193-197,37S,,37S,"Santorini Blue custom leather stitch, includes seats, instrument panel, doors and console","Requires (H1Y/HTM/HTP) Jet Black interior.
Requires (HTE/HTT/HUB/HUC) Jet Black interior.",1lz_h07=--; 2lz_h07=A1; 3lz_h07=A2; 1lz_h67=--; 2lz_h67=A1; 3lz_h67=A2,1lz_h07=unavailable; 2lz_h07=available; 3lz_h07=available; 1lz_h67=unavailable; 2lz_h67=available; 3lz_h67=available,opt_37s_001,sec_cust_002,,,,,,,,,,,needs_section_review,False,
zr1,zr1_zr1x_intextmec_raw,zr1_zr1x_intextmec_raw:190-193,37S,,37S,"Santorini Blue custom leather stitch, includes seats, instrument panel, doors and console",Requires (HTE/HTT/HUB/HUC) Jet Black interior.,1lz_r07=--; 3lz_r07=A1; 1lz_r67=--; 3lz_r67=A1,1lz_r07=unavailable; 3lz_r07=available; 1lz_r67=unavailable; 3lz_r67=available,opt_37s_001,sec_cust_002,,,,,,,,,,,needs_section_review,False,
zr1x,zr1_zr1x_intextmec_raw,zr1_zr1x_intextmec_raw:190-193,37S,,37S,"Santorini Blue custom leather stitch, includes seats, instrument panel, doors and console",Requires (HTE/HTT/HUB/HUC) Jet Black interior.,1lz_s07=--; 3lz_s07=A1; 1lz_s67=--; 3lz_s67=A1,1lz_s07=unavailable; 3lz_s07=available; 1lz_s67=unavailable; 3lz_s67=available,opt_37s_001,sec_cust_002,,,,,,,,,,,needs_section_review,False,
zr1x,zr1_zr1x_standard_raw,zr1_zr1x_standard_raw:47-50,,,,"OnStar Basics (OnStar Fleet Basics for Fleet) Drive with confidence and convenience using core OnStar services, featuring built-in voice assistance, real-time navigation, and access to audio streaming apps. With your vehicle mobile app, you can seamlessly manage your vehicle by sending commands and enjoy peace of mind knowing Automatic Crash Response can connect you to help if you’re in need.","Requires (UE1) OnStar. OnStar Basics is standard for 8 years; working electrical system, cell reception and GPS signal required. OnStar links to emergency services. Service coverage varies with conditions and location. Service availability, features and functionality vary by device and software version. Subject to user terms. See onstar.com for details and limitations. Removed with a ship-to of Guam, Puerto Rico or the Virgin Islands.",1lz_s07=S1; 3lz_s07=S1; 1lz_s67=S1; 3lz_s67=S1,1lz_s07=standard; 3lz_s07=standard; 1lz_s67=standard; 3lz_s67=standard,opt_380,,,,,,,,,,,,needs_section_review,False,
zr1,zr1_zr1x_standard_raw,zr1_zr1x_standard_raw:53-53,,,,Remote vehicle starter system,,1lz_r07=S; 3lz_r07=S; 1lz_r67=S; 3lz_r67=S,1lz_r07=standard; 3lz_r07=standard; 1lz_r67=standard; 3lz_r67=standard,opt_385,,,,,,,,,,,,needs_section_review,False,
zr1x,zr1_zr1x_standard_raw,zr1_zr1x_standard_raw:53-53,,,,Remote vehicle starter system,,1lz_s07=S; 3lz_s07=S; 1lz_s67=S; 3lz_s67=S,1lz_s07=standard; 3lz_s07=standard; 1lz_s67=standard; 3lz_s67=standard,opt_386,,,,,,,,,,,,needs_section_review,False,
z06,z06_intextmec_raw,z06_intextmec_raw:198-202,38S,,38S,"Adrenaline Red custom leather stitch, includes seats, instrument panel, doors and console","Requires (H1Y/HTM/HTP) Jet Black interior.
Requires (HTE/HTT/HUB/HUC) Jet Black interior or (HU0/HXO) Adrenaline Red/Jet Black interior.",1lz_h07=--; 2lz_h07=A1; 3lz_h07=A2; 1lz_h67=--; 2lz_h67=A1; 3lz_h67=A2,1lz_h07=unavailable; 2lz_h07=available; 3lz_h07=available; 1lz_h67=unavailable; 2lz_h67=available; 3lz_h67=available,opt_38s_001,sec_cust_002,,,,,,,,,,,needs_section_review,False,
zr1,zr1_zr1x_intextmec_raw,zr1_zr1x_intextmec_raw:194-197,38S,,38S,"Adrenaline Red custom leather stitch, includes seats, instrument panel, doors and console",Requires (HTE/HTT/HUB/HUC) Jet Black interior or (HU0/HXO) Adrenaline Red/Jet Black interior.,1lz_r07=--; 3lz_r07=A1; 1lz_r67=--; 3lz_r67=A1,1lz_r07=unavailable; 3lz_r07=available; 1lz_r67=unavailable; 3lz_r67=available,opt_38s_001,sec_cust_002,,,,,,,,,,,needs_section_review,False,
zr1x,zr1_zr1x_intextmec_raw,zr1_zr1x_intextmec_raw:194-197,38S,,38S,"Adrenaline Red custom leather stitch, includes seats, instrument panel, doors and console",Requires (HTE/HTT/HUB/HUC) Jet Black interior or (HU0/HXO) Adrenaline Red/Jet Black interior.,1lz_s07=--; 3lz_s07=A1; 1lz_s67=--; 3lz_s67=A1,1lz_s07=unavailable; 3lz_s07=available; 1lz_s67=unavailable; 3lz_s67=available,opt_38s_001,sec_cust_002,,,,,,,,,,,needs_section_review,False,
z06,z06_intextmec_raw,z06_intextmec_raw:146-150,3A9,,3A9,"Seat belt color, Santorini Blue","Not recommended with (HUQ, HU7, HUL, HUR) Adrenaline Red interiors.
Not recommended with (HU2, HUA, HUU, HZP) Adrenaline Red interiors, (HNK) Adrenaline Red Dipped interior, (HUW, HUX) Habanero interiors, (EJH, EPX) Very Dark Atmosphere interiors or (HVZ) Asymmetrical Adrenaline Red/Jet Black interior. Included with (H8T) Santorini Blue interior and (HAG) Asymmetrical Santorini Blue/Jet Black interior.",1lz_h07=A1; 2lz_h07=A1; 3lz_h07=A2; 1lz_h67=A1; 2lz_h67=A1; 3lz_h67=A2,1lz_h07=available; 2lz_h07=available; 3lz_h07=available; 1lz_h67=available; 2lz_h67=available; 3lz_h67=available,opt_3a9_001,sec_seat_001,40,grand_sport:opt_3a9_001,opt_3a9_001,"Seat belt color, Santorini Blue",,"Not recommended with (HUQ, HU7, HUL, HUR) Adrenaline Red interiors.
Not recommended with (HU2, HUA, HUU, HZP) Adrenaline Red interiors, (HNK) Adrenaline Red Dipped interior, (HUW, HUX) Habanero interiors, (EJH, EPX) Very Dark Atmosphere interiors or (HVZ) Asymmetrical Adrenaline Red/Jet Black interior. Included with (H8T) Santorini Blue interior and (HAG) Asymmetrical Santorini Blue/Jet Black interior.",sec_seat_001,True,40,,approved,True,
zr1,zr1_zr1x_intextmec_raw,zr1_zr1x_intextmec_raw:145-149,3A9,,3A9,"Seat belt color, Santorini Blue","Not recommended with (HUQ, HU7, HUL, HUR) Adrenaline Red interiors.
Not recommended with (HU2, HUA, HUU, HZP) Adrenaline Red interiors, (HNK) Adrenaline Red Dipped interior, (HUW, HUX) Habanero interiors, (EJH, EPX) Very Dark Atmosphere interiors or (HVZ) Asymmetrical Adrenaline Red/Jet Black interior. Included with (H8T) Santorini Blue interior and (HAG) Asymmetrical Santorini Blue/Jet Black interior.",1lz_r07=A1; 3lz_r07=A2; 1lz_r67=A1; 3lz_r67=A2,1lz_r07=available; 3lz_r07=available; 1lz_r67=available; 3lz_r67=available,opt_3a9_001,sec_seat_001,40,grand_sport:opt_3a9_001,opt_3a9_001,"Seat belt color, Santorini Blue",,"Not recommended with (HUQ, HU7, HUL, HUR) Adrenaline Red interiors.
Not recommended with (HU2, HUA, HUU, HZP) Adrenaline Red interiors, (HNK) Adrenaline Red Dipped interior, (HUW, HUX) Habanero interiors, (EJH, EPX) Very Dark Atmosphere interiors or (HVZ) Asymmetrical Adrenaline Red/Jet Black interior. Included with (H8T) Santorini Blue interior and (HAG) Asymmetrical Santorini Blue/Jet Black interior.",sec_seat_001,True,40,,approved,True,
zr1x,zr1_zr1x_intextmec_raw,zr1_zr1x_intextmec_raw:145-149,3A9,,3A9,"Seat belt color, Santorini Blue","Not recommended with (HUQ, HU7, HUL, HUR) Adrenaline Red interiors.
Not recommended with (HU2, HUA, HUU, HZP) Adrenaline Red interiors, (HNK) Adrenaline Red Dipped interior, (HUW, HUX) Habanero interiors, (EJH, EPX) Very Dark Atmosphere interiors or (HVZ) Asymmetrical Adrenaline Red/Jet Black interior. Included with (H8T) Santorini Blue interior and (HAG) Asymmetrical Santorini Blue/Jet Black interior.",1lz_s07=A1; 3lz_s07=A2; 1lz_s67=A1; 3lz_s67=A2,1lz_s07=available; 3lz_s07=available; 1lz_s67=available; 3lz_s67=available,opt_3a9_001,sec_seat_001,40,grand_sport:opt_3a9_001,opt_3a9_001,"Seat belt color, Santorini Blue",,"Not recommended with (HUQ, HU7, HUL, HUR) Adrenaline Red interiors.
Not recommended with (HU2, HUA, HUU, HZP) Adrenaline Red interiors, (HNK) Adrenaline Red Dipped interior, (HUW, HUX) Habanero interiors, (EJH, EPX) Very Dark Atmosphere interiors or (HVZ) Asymmetrical Adrenaline Red/Jet Black interior. Included with (H8T) Santorini Blue interior and (HAG) Asymmetrical Santorini Blue/Jet Black interior.",sec_seat_001,True,40,,approved,True,
z06,z06_intextmec_raw,z06_intextmec_raw:151-154,3F9,,3F9,"Seat belt color, Torch Red","Not recommended with (HUW, HUX) Habanero interiors or (EJH, EPX) Very Dark Atmosphere interiors. Included with (HNK) Adrenaline Red Dipped interior.",1lz_h07=A; 2lz_h07=A; 3lz_h07=A1; 1lz_h67=A; 2lz_h67=A; 3lz_h67=A1,1lz_h07=available; 2lz_h07=available; 3lz_h07=available; 1lz_h67=available; 2lz_h67=available; 3lz_h67=available,opt_3f9_001,sec_seat_001,50,grand_sport:opt_3f9_001,opt_3f9_001,"Seat belt color, Torch Red",,"Not recommended with (HUW, HUX) Habanero interiors or (EJH, EPX) Very Dark Atmosphere interiors. Included with (HNK) Adrenaline Red Dipped interior.",sec_seat_001,True,50,,approved,True,
zr1,zr1_zr1x_intextmec_raw,zr1_zr1x_intextmec_raw:150-153,3F9,,3F9,"Seat belt color, Torch Red","Not recommended with (HUW, HUX) Habanero interiors or (EJH, EPX) Very Dark Atmosphere interiors. Included with (HNK) Adrenaline Red Dipped interior.",1lz_r07=A; 3lz_r07=A1; 1lz_r67=A; 3lz_r67=A1,1lz_r07=available; 3lz_r07=available; 1lz_r67=available; 3lz_r67=available,opt_3f9_001,sec_seat_001,50,grand_sport:opt_3f9_001,opt_3f9_001,"Seat belt color, Torch Red",,"Not recommended with (HUW, HUX) Habanero interiors or (EJH, EPX) Very Dark Atmosphere interiors. Included with (HNK) Adrenaline Red Dipped interior.",sec_seat_001,True,50,,approved,True,
zr1x,zr1_zr1x_intextmec_raw,zr1_zr1x_intextmec_raw:150-153,3F9,,3F9,"Seat belt color, Torch Red","Not recommended with (HUW, HUX) Habanero interiors or (EJH, EPX) Very Dark Atmosphere interiors. Included with (HNK) Adrenaline Red Dipped interior.",1lz_s07=A; 3lz_s07=A1; 1lz_s67=A; 3lz_s67=A1,1lz_s07=available; 3lz_s07=available; 1lz_s67=available; 3lz_s67=available,opt_3f9_001,sec_seat_001,50,grand_sport:opt_3f9_001,opt_3f9_001,"Seat belt color, Torch Red",,"Not recommended with (HUW, HUX) Habanero interiors or (EJH, EPX) Very Dark Atmosphere interiors. Included with (HNK) Adrenaline Red Dipped interior.",sec_seat_001,True,50,,approved,True,
z06,z06_intextmec_raw,z06_intextmec_raw:155-159,3M9,,3M9,"Seat belt color, Yellow","Not recommended with (HUQ, HU7, HUL, HUR) Adrenaline Red interiors.
Not recommended with (HU2, HUA, HUU, HZP) Adrenaline Red interiors, (HNK) Adrenaline Red Dipped interior, (HVZ) Asymmetrical Adrenaline Red/Jet Black interior, (HUW, HUX) Habanero interiors, (EJH, EPX) Very Dark Atmosphere interiors, (H8T) Santorini Blue interior or (HAG) Asymmetrical Santorini Blue/Jet Black interior.",1lz_h07=A1; 2lz_h07=A1; 3lz_h07=A2; 1lz_h67=A1; 2lz_h67=A1; 3lz_h67=A2,1lz_h07=available; 2lz_h07=available; 3lz_h07=available; 1lz_h67=available; 2lz_h67=available; 3lz_h67=available,opt_3m9_001,sec_seat_001,60,grand_sport:opt_3m9_001,opt_3m9_001,"Seat belt color, Yellow",,"Not recommended with (HUQ, HU7, HUL, HUR) Adrenaline Red interiors.
Not recommended with (HU2, HUA, HUU, HZP) Adrenaline Red interiors, (HNK) Adrenaline Red Dipped interior, (HVZ) Asymmetrical Adrenaline Red/Jet Black interior, (HUW, HUX) Habanero interiors, (EJH, EPX) Very Dark Atmosphere interiors, (H8T) Santorini Blue interior or (HAG) Asymmetrical Santorini Blue/Jet Black interior.",sec_seat_001,True,60,,approved,True,
zr1,zr1_zr1x_intextmec_raw,zr1_zr1x_intextmec_raw:154-158,3M9,,3M9,"Seat belt color, Yellow","Not recommended with (HUQ, HU7, HUL, HUR) Adrenaline Red interiors.
Not recommended with (HU2, HUA, HUU, HZP) Adrenaline Red interiors, (HNK) Adrenaline Red Dipped interior, (HVZ) Asymmetrical Adrenaline Red/Jet Black interior, (HUW, HUX) Habanero interiors, (EJH, EPX) Very Dark Atmosphere interiors, (H8T) Santorini Blue interior or (HAG) Asymmetrical Santorini Blue/Jet Black interior.",1lz_r07=A1; 3lz_r07=A2; 1lz_r67=A1; 3lz_r67=A2,1lz_r07=available; 3lz_r07=available; 1lz_r67=available; 3lz_r67=available,opt_3m9_001,sec_seat_001,60,grand_sport:opt_3m9_001,opt_3m9_001,"Seat belt color, Yellow",,"Not recommended with (HUQ, HU7, HUL, HUR) Adrenaline Red interiors.
Not recommended with (HU2, HUA, HUU, HZP) Adrenaline Red interiors, (HNK) Adrenaline Red Dipped interior, (HVZ) Asymmetrical Adrenaline Red/Jet Black interior, (HUW, HUX) Habanero interiors, (EJH, EPX) Very Dark Atmosphere interiors, (H8T) Santorini Blue interior or (HAG) Asymmetrical Santorini Blue/Jet Black interior.",sec_seat_001,True,60,,approved,True,
zr1x,zr1_zr1x_intextmec_raw,zr1_zr1x_intextmec_raw:154-158,3M9,,3M9,"Seat belt color, Yellow","Not recommended with (HUQ, HU7, HUL, HUR) Adrenaline Red interiors.
Not recommended with (HU2, HUA, HUU, HZP) Adrenaline Red interiors, (HNK) Adrenaline Red Dipped interior, (HVZ) Asymmetrical Adrenaline Red/Jet Black interior, (HUW, HUX) Habanero interiors, (EJH, EPX) Very Dark Atmosphere interiors, (H8T) Santorini Blue interior or (HAG) Asymmetrical Santorini Blue/Jet Black interior.",1lz_s07=A1; 3lz_s07=A2; 1lz_s67=A1; 3lz_s67=A2,1lz_s07=available; 3lz_s07=available; 1lz_s67=available; 3lz_s67=available,opt_3m9_001,sec_seat_001,60,grand_sport:opt_3m9_001,opt_3m9_001,"Seat belt color, Yellow",,"Not recommended with (HUQ, HU7, HUL, HUR) Adrenaline Red interiors.
Not recommended with (HU2, HUA, HUU, HZP) Adrenaline Red interiors, (HNK) Adrenaline Red Dipped interior, (HVZ) Asymmetrical Adrenaline Red/Jet Black interior, (HUW, HUX) Habanero interiors, (EJH, EPX) Very Dark Atmosphere interiors, (H8T) Santorini Blue interior or (HAG) Asymmetrical Santorini Blue/Jet Black interior.",sec_seat_001,True,60,,approved,True,
z06,z06_intextmec_raw,z06_intextmec_raw:140-145,3N9,,3N9,"Seat belt color, Natural","Recommended with (HTA, HTJ) Jet Black interior.
Recommended with (H1Y, HTM, HTP) Jet Black interior or (HTN, HTQ, HUV) Natural interior.
Recommended with (HMO, HTE, HTT, HU0, HVV, HXO) Jet Black interiors, (HTG, HUE) Natural interiors or (EJH, EPX) Very Dark Atmosphere interiors. Included with (HUF, HZN) Natural Dipped interiors.",1lz_h07=A1; 2lz_h07=A2; 3lz_h07=A3; 1lz_h67=A1; 2lz_h67=A2; 3lz_h67=A3,1lz_h07=available; 2lz_h07=available; 3lz_h07=available; 1lz_h67=available; 2lz_h67=available; 3lz_h67=available,opt_3n9_001,sec_seat_001,20,grand_sport:opt_3n9_001,opt_3n9_001,"Seat belt color, Natural",,"Recommended with (HTA, HTJ) Jet Black interior.
Recommended with (H1Y, HTM, HTP) Jet Black interior or (HTN, HTQ, HUV) Natural interior.
Recommended with (HMO, HTE, HTT, HU0, HVV, HXO) Jet Black interiors, (HTG, HUE) Natural interiors or (EJH, EPX) Very Dark Atmosphere interiors. Included with (HUF, HZN) Natural Dipped interiors.",sec_seat_001,True,20,,approved,True,
zr1,zr1_zr1x_intextmec_raw,zr1_zr1x_intextmec_raw:140-144,3N9,,3N9,"Seat belt color, Natural","Recommended with (HTA, HTJ) Jet Black interior.
Recommended with (HMO, HTE, HTT, HU0, HVV, HXO) Jet Black interiors, (HTG, HUE) Natural interiors or (EJH, EPX) Very Dark Atmosphere interiors. Included with (HUF, HZN) Natural Dipped interiors.",1lz_r07=A1; 3lz_r07=A2; 1lz_r67=A1; 3lz_r67=A2,1lz_r07=available; 3lz_r07=available; 1lz_r67=available; 3lz_r67=available,opt_3n9_001,sec_seat_001,20,grand_sport:opt_3n9_001,opt_3n9_001,"Seat belt color, Natural",,"Recommended with (HTA, HTJ) Jet Black interior.
Recommended with (HMO, HTE, HTT, HU0, HVV, HXO) Jet Black interiors, (HTG, HUE) Natural interiors or (EJH, EPX) Very Dark Atmosphere interiors. Included with (HUF, HZN) Natural Dipped interiors.",sec_seat_001,True,20,,approved,True,
zr1x,zr1_zr1x_intextmec_raw,zr1_zr1x_intextmec_raw:140-144,3N9,,3N9,"Seat belt color, Natural","Recommended with (HTA, HTJ) Jet Black interior.
Recommended with (HMO, HTE, HTT, HU0, HVV, HXO) Jet Black interiors, (HTG, HUE) Natural interiors or (EJH, EPX) Very Dark Atmosphere interiors. Included with (HUF, HZN) Natural Dipped interiors.",1lz_s07=A1; 3lz_s07=A2; 1lz_s67=A1; 3lz_s67=A2,1lz_s07=available; 3lz_s07=available; 1lz_s67=available; 3lz_s67=available,opt_3n9_001,sec_seat_001,20,grand_sport:opt_3n9_001,opt_3n9_001,"Seat belt color, Natural",,"Recommended with (HTA, HTJ) Jet Black interior.
Recommended with (HMO, HTE, HTT, HU0, HVV, HXO) Jet Black interiors, (HTG, HUE) Natural interiors or (EJH, EPX) Very Dark Atmosphere interiors. Included with (HUF, HZN) Natural Dipped interiors.",sec_seat_001,True,20,,approved,True,
zr1,zr1_zr1x_standard_raw,zr1_zr1x_standard_raw:64-64,,,,"Steering wheel controls, audio, voice recognition, cruise and Driver Information Center",,1lz_r07=S; 3lz_r07=S; 1lz_r67=S; 3lz_r67=S,1lz_r07=standard; 3lz_r07=standard; 1lz_r67=standard; 3lz_r67=standard,opt_401,,,,,,,,,,,,needs_section_review,False,
zr1x,zr1_zr1x_standard_raw,zr1_zr1x_standard_raw:64-64,,,,"Steering wheel controls, audio, voice recognition, cruise and Driver Information Center",,1lz_s07=S; 3lz_s07=S; 1lz_s67=S; 3lz_s67=S,1lz_s07=standard; 3lz_s07=standard; 1lz_s67=standard; 3lz_s67=standard,opt_402,,,,,,,,,,,,needs_section_review,False,
zr1,zr1_zr1x_standard_raw,zr1_zr1x_standard_raw:66-66,,,,"Theft-deterrent system, vehicle, push button start, immobilizer and audible visual alarm",,1lz_r07=S; 3lz_r07=S; 1lz_r67=S; 3lz_r67=S,1lz_r07=standard; 3lz_r07=standard; 1lz_r67=standard; 3lz_r67=standard,opt_405,,,,,,,,,,,,needs_section_review,False,
zr1x,zr1_zr1x_standard_raw,zr1_zr1x_standard_raw:66-66,,,,"Theft-deterrent system, vehicle, push button start, immobilizer and audible visual alarm",,1lz_s07=S; 3lz_s07=S; 1lz_s67=S; 3lz_s67=S,1lz_s07=standard; 3lz_s07=standard; 1lz_s67=standard; 3lz_s67=standard,opt_406,,,,,,,,,,,,needs_section_review,False,
zr1,zr1_zr1x_standard_raw,zr1_zr1x_standard_raw:67-67,,,,"Trunk release, push button open",,1lz_r07=--; 3lz_r07=--; 1lz_r67=S; 3lz_r67=S,1lz_r07=unavailable; 3lz_r07=unavailable; 1lz_r67=standard; 3lz_r67=standard,opt_407,,,,,,,,,,,,needs_section_review,False,
zr1x,zr1_zr1x_standard_raw,zr1_zr1x_standard_raw:67-67,,,,"Trunk release, push button open",,1lz_s07=--; 3lz_s07=--; 1lz_s67=S; 3lz_s67=S,1lz_s07=unavailable; 3lz_s07=unavailable; 1lz_s67=standard; 3lz_s67=standard,opt_408,,,,,,,,,,,,needs_section_review,False,
zr1,zr1_zr1x_standard_raw,zr1_zr1x_standard_raw:69-69,,,,"Visors, driver and passenger illuminated vanity mirrors, covered",,1lz_r07=S; 3lz_r07=S; 1lz_r67=S; 3lz_r67=S,1lz_r07=standard; 3lz_r07=standard; 1lz_r67=standard; 3lz_r67=standard,opt_411,,,,,,,,,,,,needs_section_review,False,
zr1x,zr1_zr1x_standard_raw,zr1_zr1x_standard_raw:69-69,,,,"Visors, driver and passenger illuminated vanity mirrors, covered",,1lz_s07=S; 3lz_s07=S; 1lz_s67=S; 3lz_s67=S,1lz_s07=standard; 3lz_s07=standard; 1lz_s67=standard; 3lz_s67=standard,opt_412,,,,,,,,,,,,needs_section_review,False,
zr1,zr1_zr1x_standard_raw,zr1_zr1x_standard_raw:70-70,,,,"Antenna, integral front and rear",,1lz_r07=S; 3lz_r07=S; 1lz_r67=S; 3lz_r67=S,1lz_r07=standard; 3lz_r07=standard; 1lz_r67=standard; 3lz_r67=standard,opt_413,,,,,,,,,,,,needs_section_review,False,
zr1x,zr1_zr1x_standard_raw,zr1_zr1x_standard_raw:70-70,,,,"Antenna, integral front and rear",,1lz_s07=S; 3lz_s07=S; 1lz_s67=S; 3lz_s67=S,1lz_s07=standard; 3lz_s07=standard; 1lz_s67=standard; 3lz_s67=standard,opt_414,,,,,,,,,,,,needs_section_review,False,
zr1,zr1_zr1x_standard_raw,zr1_zr1x_standard_raw:71-71,,,,"Windows, power with driver and passenger Express-Down/Up",,1lz_r07=S; 3lz_r07=S; 1lz_r67=S; 3lz_r67=S,1lz_r07=standard; 3lz_r07=standard; 1lz_r67=standard; 3lz_r67=standard,opt_415,,,,,,,,,,,,needs_section_review,False,
zr1x,zr1_zr1x_standard_raw,zr1_zr1x_standard_raw:71-71,,,,"Windows, power with driver and passenger Express-Down/Up",,1lz_s07=S; 3lz_s07=S; 1lz_s67=S; 3lz_s67=S,1lz_s07=standard; 3lz_s07=standard; 1lz_s67=standard; 3lz_s67=standard,opt_416,,,,,,,,,,,,needs_section_review,False,
zr1,zr1_zr1x_standard_raw,zr1_zr1x_standard_raw:76-76,,,,Daytime running lamps,,1lz_r07=S; 3lz_r07=S; 1lz_r67=S; 3lz_r67=S,1lz_r07=standard; 3lz_r07=standard; 1lz_r67=standard; 3lz_r67=standard,opt_425,,,,,,,,,,,,needs_section_review,False,
zr1x,zr1_zr1x_standard_raw,zr1_zr1x_standard_raw:76-76,,,,Daytime running lamps,,1lz_s07=S; 3lz_s07=S; 1lz_s67=S; 3lz_s67=S,1lz_s07=standard; 3lz_s07=standard; 1lz_s67=standard; 3lz_s67=standard,opt_426,,,,,,,,,,,,needs_section_review,False,
zr1,zr1_zr1x_standard_raw,zr1_zr1x_standard_raw:81-81,,,,"Glass, Solar-Ray light-tinted",,1lz_r07=S; 3lz_r07=S; 1lz_r67=S; 3lz_r67=S,1lz_r07=standard; 3lz_r07=standard; 1lz_r67=standard; 3lz_r67=standard,opt_429,,,,,,,,,,,,needs_section_review,False,
zr1x,zr1_zr1x_standard_raw,zr1_zr1x_standard_raw:81-81,,,,"Glass, Solar-Ray light-tinted",,1lz_s07=S; 3lz_s07=S; 1lz_s67=S; 3lz_s67=S,1lz_s07=standard; 3lz_s07=standard; 1lz_s67=standard; 3lz_s67=standard,opt_430,,,,,,,,,,,,needs_section_review,False,
zr1,zr1_zr1x_standard_raw,zr1_zr1x_standard_raw:85-85,,,,"Active handling stability control, improves traction and enhances vehicle stability",,1lz_r07=S; 3lz_r07=S; 1lz_r67=S; 3lz_r67=S,1lz_r07=standard; 3lz_r07=standard; 1lz_r67=standard; 3lz_r67=standard,opt_437,,,,,,,,,,,,needs_section_review,False,
zr1x,zr1_zr1x_standard_raw,zr1_zr1x_standard_raw:85-85,,,,"Active handling stability control, improves traction and enhances vehicle stability",,1lz_s07=S; 3lz_s07=S; 1lz_s67=S; 3lz_s67=S,1lz_s07=standard; 3lz_s07=standard; 1lz_s67=standard; 3lz_s67=standard,opt_438,,,,,,,,,,,,needs_section_review,False,
zr1,zr1_zr1x_standard_raw,zr1_zr1x_standard_raw:96-96,,,,NEW!Intersection Automatic Emergency Braking,,1lz_r07=S; 3lz_r07=S; 1lz_r67=S; 3lz_r67=S,1lz_r07=standard; 3lz_r07=standard; 1lz_r67=standard; 3lz_r67=standard,opt_453,,,,,,,,,,,,needs_section_review,False,
zr1x,zr1_zr1x_standard_raw,zr1_zr1x_standard_raw:96-96,,,,NEW!Intersection Automatic Emergency Braking,,1lz_s07=S; 3lz_s07=S; 1lz_s67=S; 3lz_s67=S,1lz_s07=standard; 3lz_s07=standard; 1lz_s67=standard; 3lz_s67=standard,opt_454,,,,,,,,,,,,needs_section_review,False,
zr1,zr1_zr1x_standard_raw,zr1_zr1x_standard_raw:108-108,,,,"Frame, aluminum structure",,1lz_r07=S; 3lz_r07=S; 1lz_r67=S; 3lz_r67=S,1lz_r07=standard; 3lz_r07=standard; 1lz_r67=standard; 3lz_r67=standard,opt_477,,,,,,,,,,,,needs_section_review,False,
zr1x,zr1_zr1x_standard_raw,zr1_zr1x_standard_raw:108-108,,,,"Frame, aluminum structure",,1lz_s07=S; 3lz_s07=S; 1lz_s67=S; 3lz_s67=S,1lz_s07=standard; 3lz_s07=standard; 1lz_s67=standard; 3lz_s67=standard,opt_478,,,,,,,,,,,,needs_section_review,False,
zr1,zr1_zr1x_standard_raw,zr1_zr1x_standard_raw:114-114,,,,Oil life monitoring system,,1lz_r07=S; 3lz_r07=S; 1lz_r67=S; 3lz_r67=S,1lz_r07=standard; 3lz_r07=standard; 1lz_r67=standard; 3lz_r67=standard,opt_483,,,,,,,,,,,,needs_section_review,False,
zr1x,zr1_zr1x_standard_raw,zr1_zr1x_standard_raw:114-114,,,,Oil life monitoring system,,1lz_s07=S; 3lz_s07=S; 1lz_s67=S; 3lz_s67=S,1lz_s07=standard; 3lz_s07=standard; 1lz_s67=standard; 3lz_s67=standard,opt_484,,,,,,,,,,,,needs_section_review,False,
zr1,zr1_zr1x_standard_raw,zr1_zr1x_standard_raw:117-117,,,,"Steering, power, electric, speed-sensitive, rack-and-pinion, variable ratio",,1lz_r07=S; 3lz_r07=S; 1lz_r67=S; 3lz_r67=S,1lz_r07=standard; 3lz_r07=standard; 1lz_r67=standard; 3lz_r67=standard,opt_489,,,,,,,,,,,,needs_section_review,False,
zr1x,zr1_zr1x_standard_raw,zr1_zr1x_standard_raw:117-117,,,,"Steering, power, electric, speed-sensitive, rack-and-pinion, variable ratio",,1lz_s07=S; 3lz_s07=S; 1lz_s67=S; 3lz_s67=S,1lz_s07=standard; 3lz_s07=standard; 1lz_s67=standard; 3lz_s67=standard,opt_490,,,,,,,,,,,,needs_section_review,False,
zr1,zr1_zr1x_standard_raw,zr1_zr1x_standard_raw:121-121,,,,"Traction control, all-speed",,1lz_r07=S; 3lz_r07=S; 1lz_r67=S; 3lz_r67=S,1lz_r07=standard; 3lz_r07=standard; 1lz_r67=standard; 3lz_r67=standard,opt_497,,,,,,,,,,,,needs_section_review,False,
zr1x,zr1_zr1x_standard_raw,zr1_zr1x_standard_raw:121-121,,,,"Traction control, all-speed",,1lz_s07=S; 3lz_s07=S; 1lz_s67=S; 3lz_s67=S,1lz_s07=standard; 3lz_s07=standard; 1lz_s67=standard; 3lz_s67=standard,opt_498,,,,,,,,,,,,needs_section_review,False,
zr1,zr1_zr1x_standard_raw,zr1_zr1x_standard_raw:122-122,,,,"Wipers, front intermittent",,1lz_r07=S; 3lz_r07=S; 1lz_r67=S; 3lz_r67=S,1lz_r07=standard; 3lz_r07=standard; 1lz_r67=standard; 3lz_r67=standard,opt_499,,,,,,,,,,,,needs_section_review,False,
zr1x,zr1_zr1x_standard_raw,zr1_zr1x_standard_raw:122-122,,,,"Wipers, front intermittent",,1lz_s07=S; 3lz_s07=S; 1lz_s67=S; 3lz_s67=S,1lz_s07=standard; 3lz_s07=standard; 1lz_s67=standard; 3lz_s67=standard,opt_500,,,,,,,,,,,,needs_section_review,False,
zr1,zr1_zr1x_intextmec_raw,zr1_zr1x_intextmec_raw:15-15,,,,Air filtration system with pollen filter,,1lz_r07=S; 3lz_r07=S; 1lz_r67=S; 3lz_r67=S,1lz_r07=standard; 3lz_r07=standard; 1lz_r67=standard; 3lz_r67=standard,opt_509,sec_stan_001,,,,,,,,,,,needs_section_review,False,
zr1x,zr1_zr1x_intextmec_raw,zr1_zr1x_intextmec_raw:15-15,,,,Air filtration system with pollen filter,,1lz_s07=S; 3lz_s07=S; 1lz_s67=S; 3lz_s67=S,1lz_s07=standard; 3lz_s07=standard; 1lz_s67=standard; 3lz_s67=standard,opt_510,sec_stan_001,,,,,,,,,,,needs_section_review,False,
zr1,zr1_zr1x_intextmec_raw,zr1_zr1x_intextmec_raw:37-37,,,,"Console, floor, 2 cup holders, auxiliary power outlet, 3 USB ports (2 type-C, 1 type-A), passenger grab handle and lockable storage",,1lz_r07=S; 3lz_r07=S; 1lz_r67=S; 3lz_r67=S,1lz_r07=standard; 3lz_r07=standard; 1lz_r67=standard; 3lz_r67=standard,opt_529,sec_stan_001,,,,,,,,,,,needs_section_review,False,
zr1x,zr1_zr1x_intextmec_raw,zr1_zr1x_intextmec_raw:37-37,,,,"Console, floor, 2 cup holders, auxiliary power outlet, 3 USB ports (2 type-C, 1 type-A), passenger grab handle and lockable storage",,1lz_s07=S; 3lz_s07=S; 1lz_s67=S; 3lz_s67=S,1lz_s07=standard; 3lz_s07=standard; 1lz_s67=standard; 3lz_s67=standard,opt_530,sec_stan_001,,,,,,,,,,,needs_section_review,False,
zr1,zr1_zr1x_intextmec_raw,zr1_zr1x_intextmec_raw:38-38,,,,"Cruise control, electronic with set and resume speed",,1lz_r07=S; 3lz_r07=S; 1lz_r67=S; 3lz_r67=S,1lz_r07=standard; 3lz_r07=standard; 1lz_r67=standard; 3lz_r67=standard,opt_531,sec_stan_001,,,,,,,,,,,needs_section_review,False,
zr1x,zr1_zr1x_intextmec_raw,zr1_zr1x_intextmec_raw:38-38,,,,"Cruise control, electronic with set and resume speed",,1lz_s07=S; 3lz_s07=S; 1lz_s67=S; 3lz_s67=S,1lz_s07=standard; 3lz_s07=standard; 1lz_s67=standard; 3lz_s67=standard,opt_532,sec_stan_001,,,,,,,,,,,needs_section_review,False,
zr1,zr1_zr1x_intextmec_raw,zr1_zr1x_intextmec_raw:40-40,,,,"Door locks, power programmable with lockout protection",,1lz_r07=S; 3lz_r07=S; 1lz_r67=S; 3lz_r67=S,1lz_r07=standard; 3lz_r07=standard; 1lz_r67=standard; 3lz_r67=standard,opt_535,sec_stan_001,,,,,,,,,,,needs_section_review,False,
zr1x,zr1_zr1x_intextmec_raw,zr1_zr1x_intextmec_raw:40-40,,,,"Door locks, power programmable with lockout protection",,1lz_s07=S; 3lz_s07=S; 1lz_s67=S; 3lz_s67=S,1lz_s07=standard; 3lz_s07=standard; 1lz_s67=standard; 3lz_s67=standard,opt_536,sec_stan_001,,,,,,,,,,,needs_section_review,False,
zr1,zr1_zr1x_intextmec_raw,zr1_zr1x_intextmec_raw:41-41,,,,"Floor mats, carpeted",,1lz_r07=S; 3lz_r07=S; 1lz_r67=S; 3lz_r67=S,1lz_r07=standard; 3lz_r07=standard; 1lz_r67=standard; 3lz_r67=standard,opt_537,sec_stan_001,,,,,,,,,,,needs_section_review,False,
zr1x,zr1_zr1x_intextmec_raw,zr1_zr1x_intextmec_raw:41-41,,,,"Floor mats, carpeted",,1lz_s07=S; 3lz_s07=S; 1lz_s67=S; 3lz_s67=S,1lz_s07=standard; 3lz_s07=standard; 1lz_s67=standard; 3lz_s67=standard,opt_538,sec_stan_001,,,,,,,,,,,needs_section_review,False,
zr1,zr1_zr1x_intextmec_raw,zr1_zr1x_intextmec_raw:43-43,,,,"Hatch release, push button open",,1lz_r07=S; 3lz_r07=S; 1lz_r67=--; 3lz_r67=--,1lz_r07=standard; 3lz_r07=standard; 1lz_r67=unavailable; 3lz_r67=unavailable,opt_541,sec_stan_001,,,,,,,,,,,needs_section_review,False,
zr1x,zr1_zr1x_intextmec_raw,zr1_zr1x_intextmec_raw:43-43,,,,"Hatch release, push button open",,1lz_s07=S; 3lz_s07=S; 1lz_s67=--; 3lz_s67=--,1lz_s07=standard; 3lz_s07=standard; 1lz_s67=unavailable; 3lz_s67=unavailable,opt_542,sec_stan_001,,,,,,,,,,,needs_section_review,False,
zr1,zr1_zr1x_intextmec_raw,zr1_zr1x_intextmec_raw:45-45,,,,"Keyless Open and Start, includes 2 remote transmitters that enable automatic door unlock and open by touching door switch",,1lz_r07=S; 3lz_r07=S; 1lz_r67=S; 3lz_r67=S,1lz_r07=standard; 3lz_r07=standard; 1lz_r67=standard; 3lz_r67=standard,opt_545,sec_stan_001,,,,,,,,,,,needs_section_review,False,
zr1x,zr1_zr1x_intextmec_raw,zr1_zr1x_intextmec_raw:45-45,,,,"Keyless Open and Start, includes 2 remote transmitters that enable automatic door unlock and open by touching door switch",,1lz_s07=S; 3lz_s07=S; 1lz_s67=S; 3lz_s67=S,1lz_s07=standard; 3lz_s07=standard; 1lz_s67=standard; 3lz_s67=standard,opt_546,sec_stan_001,,,,,,,,,,,needs_section_review,False,
zr1,zr1_zr1x_intextmec_raw,zr1_zr1x_intextmec_raw:47-47,,,,"Lighting, interior, theater dimming",,1lz_r07=S; 3lz_r07=S; 1lz_r67=S; 3lz_r67=S,1lz_r07=standard; 3lz_r07=standard; 1lz_r67=standard; 3lz_r67=standard,opt_549,sec_stan_001,,,,,,,,,,,needs_section_review,False,
zr1x,zr1_zr1x_intextmec_raw,zr1_zr1x_intextmec_raw:47-47,,,,"Lighting, interior, theater dimming",,1lz_s07=S; 3lz_s07=S; 1lz_s67=S; 3lz_s67=S,1lz_s07=standard; 3lz_s07=standard; 1lz_s67=standard; 3lz_s67=standard,opt_550,sec_stan_001,,,,,,,,,,,needs_section_review,False,
z06,z06_intextmec_raw,z06_intextmec_raw:409-412,5DH,,5DH,"LPO, 20"" x 10"" (50.8 cm x 25.4 cm) front and 21"" x 13"" (53.3 cm x 33 cm) rear Spider design, Satin Graphite forged aluminum with Red stripe wheels. Includes Black lug nuts and Black wheel locks. Accessory LPO wheels are a second set of wheels. Please ensure customer desires 2 sets of wheels before ordering. Accessory wheels do not include additional wheels caps, factory wheels caps may be reused, or additional wheel caps may be purchased. Genuine Corvette Accessory","Not available with R8C, SPZ, SFE, SPY, S47, ROY, ROZ, STZ.",1lz_h07=A/D1; 2lz_h07=A/D1; 3lz_h07=A/D1; 1lz_h67=A/D1; 2lz_h67=A/D1; 3lz_h67=A/D1,1lz_h07=available; 2lz_h07=available; 3lz_h07=available; 1lz_h67=available; 2lz_h67=available; 3lz_h67=available,opt_5dh_001,sec_lpow_001,,,,,,,,,,,needs_section_review,False,
z06,z06_intextmec_raw,z06_intextmec_raw:413-416,5DK,,5DK,"LPO, 20"" x 10"" (50.8 cm x 25.4 cm) front and 21"" x 13"" (53.3 cm x 33 cm) rear Spider design, Tech Bronze forged aluminum wheels. Includes Black lug nuts, Black wheel locks, and Tech Bronze wheel center caps. Accessory LPO wheels are a second set of wheels. Please ensure customer desires 2 sets of wheels before ordering. Genuine Corvette Accessory","Not available with R8C, SPZ, SFE, SPY, S47, ROY, ROZ, STZ. Included with (PCZ) Tech Bronze Accent Package, LPO.",1lz_h07=A/D1; 2lz_h07=A/D1; 3lz_h07=A/D1; 1lz_h67=A/D1; 2lz_h67=A/D1; 3lz_h67=A/D1,1lz_h07=available; 2lz_h07=available; 3lz_h07=available; 1lz_h67=available; 2lz_h67=available; 3lz_h67=available,opt_5dk_001,sec_lpow_001,,,,,,,,,,,needs_section_review,False,
z06,z06_intextmec_raw,z06_intextmec_raw:345-345,5JR,,5JR,"LPO, Outside mirror covers in visible Carbon Fiber, includes (DRG) Carbon Flash Metallic-painted outside mirrors, Genuine Corvette Accessory",,1lz_h07=--; 2lz_h07=--; 3lz_h07=A/D; 1lz_h67=--; 2lz_h67=--; 3lz_h67=A/D,1lz_h07=unavailable; 2lz_h07=unavailable; 3lz_h07=available; 1lz_h67=unavailable; 2lz_h67=unavailable; 3lz_h67=available,opt_5jr_001,sec_lpoe_001,60,grand_sport:opt_5jr_001,opt_5jr_001,"LPO, Outside mirror covers in visible Carbon Fiber, includes (DRG) Carbon Flash Metallic-painted outside mirrors, Genuine Corvette Accessory",,,sec_lpoe_001,True,60,,approved,True,
zr1,zr1_zr1x_intextmec_raw,zr1_zr1x_intextmec_raw:292-292,5JR,,5JR,"LPO, Outside mirror covers in visible Carbon Fiber, includes (DRG) Carbon Flash Metallic-painted outside mirrors, Genuine Corvette Accessory",,1lz_r07=A/D; 3lz_r07=A/D; 1lz_r67=A/D; 3lz_r67=A/D,1lz_r07=available; 3lz_r07=available; 1lz_r67=available; 3lz_r67=available,opt_5jr_001,sec_lpoe_001,60,grand_sport:opt_5jr_001,opt_5jr_001,"LPO, Outside mirror covers in visible Carbon Fiber, includes (DRG) Carbon Flash Metallic-painted outside mirrors, Genuine Corvette Accessory",,,sec_lpoe_001,True,60,,approved,True,
zr1x,zr1_zr1x_intextmec_raw,zr1_zr1x_intextmec_raw:292-292,5JR,,5JR,"LPO, Outside mirror covers in visible Carbon Fiber, includes (DRG) Carbon Flash Metallic-painted outside mirrors, Genuine Corvette Accessory",,1lz_s07=A/D; 3lz_s07=A/D; 1lz_s67=A/D; 3lz_s67=A/D,1lz_s07=available; 3lz_s07=available; 1lz_s67=available; 3lz_s67=available,opt_5jr_001,sec_lpoe_001,60,grand_sport:opt_5jr_001,opt_5jr_001,"LPO, Outside mirror covers in visible Carbon Fiber, includes (DRG) Carbon Flash Metallic-painted outside mirrors, Genuine Corvette Accessory",,,sec_lpoe_001,True,60,,approved,True,
z06,z06_intextmec_raw,z06_intextmec_raw:363-366,5V5,,5V5,"LPO, Spoiler, Visible Carbon Fiber, Genuine Corvette Accessory","Unavailable until further notice. Not available with T0F, T0G.",1lz_h07=--; 2lz_h07=--; 3lz_h07=A/D1; 1lz_h67=--; 2lz_h67=--; 3lz_h67=A/D1,1lz_h07=unavailable; 2lz_h07=unavailable; 3lz_h07=available; 1lz_h67=unavailable; 2lz_h67=unavailable; 3lz_h67=available,opt_5v5_001,sec_perf_aero_001,,,,,,,,,,,needs_section_review,False,
z06,z06_intextmec_raw,z06_intextmec_raw:392-392,5ZC,,5ZC,"LPO, Jake logo wheel center caps. Genuine Corvette Accessory",,1lz_h07=A/D; 2lz_h07=A/D; 3lz_h07=A/D; 1lz_h67=A/D; 2lz_h67=A/D; 3lz_h67=A/D,1lz_h07=available; 2lz_h07=available; 3lz_h07=available; 1lz_h67=available; 2lz_h67=available; 3lz_h67=available,opt_5zc_001,sec_whee_001,60,grand_sport:opt_5zc_001,opt_5zc_001,"LPO, Jake logo wheel center caps. Genuine Corvette Accessory",,,sec_whee_001,True,60,,approved,True,
zr1,zr1_zr1x_intextmec_raw,zr1_zr1x_intextmec_raw:312-312,5ZC,,5ZC,"LPO, Jake logo wheel center caps. Genuine Corvette Accessory",,1lz_r07=A/D; 3lz_r07=A/D; 1lz_r67=A/D; 3lz_r67=A/D,1lz_r07=available; 3lz_r07=available; 1lz_r67=available; 3lz_r67=available,opt_5zc_001,sec_whee_001,60,grand_sport:opt_5zc_001,opt_5zc_001,"LPO, Jake logo wheel center caps. Genuine Corvette Accessory",,,sec_whee_001,True,60,,approved,True,
zr1x,zr1_zr1x_intextmec_raw,zr1_zr1x_intextmec_raw:312-312,5ZC,,5ZC,"LPO, Jake logo wheel center caps. Genuine Corvette Accessory",,1lz_s07=A/D; 3lz_s07=A/D; 1lz_s67=A/D; 3lz_s67=A/D,1lz_s07=available; 3lz_s07=available; 1lz_s67=available; 3lz_s67=available,opt_5zc_001,sec_whee_001,60,grand_sport:opt_5zc_001,opt_5zc_001,"LPO, Jake logo wheel center caps. Genuine Corvette Accessory",,,sec_whee_001,True,60,,approved,True,
z06,z06_intextmec_raw,z06_intextmec_raw:391-391,5ZD,,5ZD,"LPO, Carbon Flash wheel center caps with crossed flags logo, Genuine Corvette Accessory",,1lz_h07=A/D; 2lz_h07=A/D; 3lz_h07=A/D; 1lz_h67=A/D; 2lz_h67=A/D; 3lz_h67=A/D,1lz_h07=available; 2lz_h07=available; 3lz_h07=available; 1lz_h67=available; 2lz_h67=available; 3lz_h67=available,opt_5zd_001,sec_whee_001,50,grand_sport:opt_5zd_001,opt_5zd_001,"LPO, Carbon Flash wheel center caps with crossed flags logo, Genuine Corvette Accessory",,,sec_whee_001,True,50,,approved,True,
zr1,zr1_zr1x_intextmec_raw,zr1_zr1x_intextmec_raw:311-311,5ZD,,5ZD,"LPO, Carbon Flash wheel center caps with crossed flags logo, Genuine Corvette Accessory",,1lz_r07=A/D; 3lz_r07=A/D; 1lz_r67=A/D; 3lz_r67=A/D,1lz_r07=available; 3lz_r07=available; 1lz_r67=available; 3lz_r67=available,opt_5zd_001,sec_whee_001,50,grand_sport:opt_5zd_001,opt_5zd_001,"LPO, Carbon Flash wheel center caps with crossed flags logo, Genuine Corvette Accessory",,,sec_whee_001,True,50,,approved,True,
zr1x,zr1_zr1x_intextmec_raw,zr1_zr1x_intextmec_raw:311-311,5ZD,,5ZD,"LPO, Carbon Flash wheel center caps with crossed flags logo, Genuine Corvette Accessory",,1lz_s07=A/D; 3lz_s07=A/D; 1lz_s67=A/D; 3lz_s67=A/D,1lz_s07=available; 3lz_s07=available; 1lz_s67=available; 3lz_s67=available,opt_5zd_001,sec_whee_001,50,grand_sport:opt_5zd_001,opt_5zd_001,"LPO, Carbon Flash wheel center caps with crossed flags logo, Genuine Corvette Accessory",,,sec_whee_001,True,50,,approved,True,
z06,z06_intextmec_raw,z06_intextmec_raw:367-370,5ZV,,5ZV,"LPO, Three-Stanchion high wing spoiler, Carbon Flash Metallic-painted, Genuine Corvette Accessory","Not available with T0F, T0G, 5V5.",1lz_h07=A/D1; 2lz_h07=A/D1; 3lz_h07=A/D1; 1lz_h67=A/D1; 2lz_h67=A/D1; 3lz_h67=A/D1,1lz_h07=available; 2lz_h07=available; 3lz_h07=available; 1lz_h67=available; 2lz_h67=available; 3lz_h67=available,opt_5zv_001,sec_perf_aero_001,30,grand_sport:opt_5zv_001,opt_5zv_001,"LPO, Three-Stanchion high wing spoiler, Carbon Flash Metallic-painted, Genuine Corvette Accessory",,"Not available with T0F, T0G, 5V5.",sec_perf_aero_001,True,30,,approved,True,
zr1,zr1_zr1x_intextmec_raw,zr1_zr1x_intextmec_raw:130-130,,,,Remote vehicle starter system,,1lz_r07=S; 3lz_r07=S; 1lz_r67=S; 3lz_r67=S,1lz_r07=standard; 3lz_r07=standard; 1lz_r67=standard; 3lz_r67=standard,opt_613,sec_stan_001,,,,,,,,,,,needs_section_review,False,
zr1x,zr1_zr1x_intextmec_raw,zr1_zr1x_intextmec_raw:130-130,,,,Remote vehicle starter system,,1lz_s07=S; 3lz_s07=S; 1lz_s67=S; 3lz_s67=S,1lz_s07=standard; 3lz_s07=standard; 1lz_s67=standard; 3lz_s67=standard,opt_614,sec_stan_001,,,,,,,,,,,needs_section_review,False,
zr1,zr1_zr1x_intextmec_raw,zr1_zr1x_intextmec_raw:189-189,,,,"Steering wheel controls, audio, voice recognition, cruise and Driver Information Center",,1lz_r07=S; 3lz_r07=S; 1lz_r67=S; 3lz_r67=S,1lz_r07=standard; 3lz_r07=standard; 1lz_r67=standard; 3lz_r67=standard,opt_663,sec_stan_001,,,,,,,,,,,needs_section_review,False,
zr1x,zr1_zr1x_intextmec_raw,zr1_zr1x_intextmec_raw:189-189,,,,"Steering wheel controls, audio, voice recognition, cruise and Driver Information Center",,1lz_s07=S; 3lz_s07=S; 1lz_s67=S; 3lz_s67=S,1lz_s07=standard; 3lz_s07=standard; 1lz_s67=standard; 3lz_s67=standard,opt_664,sec_stan_001,,,,,,,,,,,needs_section_review,False,
zr1,zr1_zr1x_intextmec_raw,zr1_zr1x_intextmec_raw:203-206,,,,"Custom Leather Wrapped Interior Package, features leather-wrapped upper instrument panel, door trim panels and console","When (HUB/HUC) Ultimate Suede Jet Black is ordered, the instrument panel, door trim panels and console will be suede.",1lz_r07=--; 3lz_r07=■1; 1lz_r67=--; 3lz_r67=■1,1lz_r07=unavailable; 3lz_r07=standard; 1lz_r67=unavailable; 3lz_r67=standard,opt_673,sec_3lte_001,,,,,,,,,,,needs_section_review,False,
zr1x,zr1_zr1x_intextmec_raw,zr1_zr1x_intextmec_raw:203-206,,,,"Custom Leather Wrapped Interior Package, features leather-wrapped upper instrument panel, door trim panels and console","When (HUB/HUC) Ultimate Suede Jet Black is ordered, the instrument panel, door trim panels and console will be suede.",1lz_s07=--; 3lz_s07=■1; 1lz_s67=--; 3lz_s67=■1,1lz_s07=unavailable; 3lz_s07=standard; 1lz_s67=unavailable; 3lz_s67=standard,opt_674,sec_3lte_001,,,,,,,,,,,needs_section_review,False,
zr1,zr1_zr1x_intextmec_raw,zr1_zr1x_intextmec_raw:214-214,,,,"Theft-deterrent system, vehicle, push button start, immobilizer and audible visual alarm",,1lz_r07=S; 3lz_r07=S; 1lz_r67=S; 3lz_r67=S,1lz_r07=standard; 3lz_r07=standard; 1lz_r67=standard; 3lz_r67=standard,opt_683,sec_stan_001,,,,,,,,,,,needs_section_review,False,
zr1x,zr1_zr1x_intextmec_raw,zr1_zr1x_intextmec_raw:214-214,,,,"Theft-deterrent system, vehicle, push button start, immobilizer and audible visual alarm",,1lz_s07=S; 3lz_s07=S; 1lz_s67=S; 3lz_s67=S,1lz_s07=standard; 3lz_s07=standard; 1lz_s67=standard; 3lz_s67=standard,opt_684,sec_stan_001,,,,,,,,,,,needs_section_review,False,
zr1,zr1_zr1x_intextmec_raw,zr1_zr1x_intextmec_raw:218-218,,,,"Trunk release, push button open",,1lz_r07=--; 3lz_r07=--; 1lz_r67=S; 3lz_r67=S,1lz_r07=unavailable; 3lz_r07=unavailable; 1lz_r67=standard; 3lz_r67=standard,opt_691,sec_stan_001,,,,,,,,,,,needs_section_review,False,
zr1x,zr1_zr1x_intextmec_raw,zr1_zr1x_intextmec_raw:218-218,,,,"Trunk release, push button open",,1lz_s07=--; 3lz_s07=--; 1lz_s67=S; 3lz_s67=S,1lz_s07=unavailable; 3lz_s07=unavailable; 1lz_s67=standard; 3lz_s67=standard,opt_692,sec_stan_001,,,,,,,,,,,needs_section_review,False,
zr1,zr1_zr1x_intextmec_raw,zr1_zr1x_intextmec_raw:221-221,,,,"Visors, driver and passenger illuminated vanity mirrors, covered",,1lz_r07=S; 3lz_r07=S; 1lz_r67=S; 3lz_r67=S,1lz_r07=standard; 3lz_r07=standard; 1lz_r67=standard; 3lz_r67=standard,opt_697,sec_stan_001,,,,,,,,,,,needs_section_review,False,
zr1x,zr1_zr1x_intextmec_raw,zr1_zr1x_intextmec_raw:221-221,,,,"Visors, driver and passenger illuminated vanity mirrors, covered",,1lz_s07=S; 3lz_s07=S; 1lz_s67=S; 3lz_s67=S,1lz_s07=standard; 3lz_s07=standard; 1lz_s67=standard; 3lz_s67=standard,opt_698,sec_stan_001,,,,,,,,,,,needs_section_review,False,
zr1,zr1_zr1x_intextmec_raw,zr1_zr1x_intextmec_raw:222-222,,,,"Windows, power with driver and passenger Express-Down/Up",,1lz_r07=S; 3lz_r07=S; 1lz_r67=S; 3lz_r67=S,1lz_r07=standard; 3lz_r07=standard; 1lz_r67=standard; 3lz_r67=standard,opt_699,sec_stan_001,,,,,,,,,,,needs_section_review,False,
zr1x,zr1_zr1x_intextmec_raw,zr1_zr1x_intextmec_raw:222-222,,,,"Windows, power with driver and passenger Express-Down/Up",,1lz_s07=S; 3lz_s07=S; 1lz_s67=S; 3lz_s67=S,1lz_s07=standard; 3lz_s07=standard; 1lz_s67=standard; 3lz_s67=standard,opt_700,sec_stan_001,,,,,,,,,,,needs_section_review,False,
zr1,zr1_zr1x_intextmec_raw,zr1_zr1x_intextmec_raw:226-226,,,,"Antenna, integral front and rear",,1lz_r07=S; 3lz_r07=S; 1lz_r67=S; 3lz_r67=S,1lz_r07=standard; 3lz_r07=standard; 1lz_r67=standard; 3lz_r67=standard,opt_707,sec_stan_001,,,,,,,,,,,needs_section_review,False,
zr1x,zr1_zr1x_intextmec_raw,zr1_zr1x_intextmec_raw:226-226,,,,"Antenna, integral front and rear",,1lz_s07=S; 3lz_s07=S; 1lz_s67=S; 3lz_s67=S,1lz_s07=standard; 3lz_s07=standard; 1lz_s67=standard; 3lz_s67=standard,opt_708,sec_stan_001,,,,,,,,,,,needs_section_review,False,
z06,z06_standard_raw,z06_standard_raw:54-57,,719,719,"Seat belt color, Black","(HZN, HUF) Natural Dipped interior comes with (3N9) Natural seat belt color; (H8T) Santorini Blue interior and (HAG) Asymmetrical Santorini Blue/Jet Black interior comes with (3A9) Santorini Blue seat belt color; (HNK) Adrenaline Red Dipped interior comes with (3F9) Torch Red seat belt color; (HUW, HUX) Habanero interior comes with (379) Orange seat belt color.",1lz_h07=S; 2lz_h07=S; 3lz_h07=S1; 1lz_h67=S; 2lz_h67=S; 3lz_h67=S1,1lz_h07=standard; 2lz_h07=standard; 3lz_h07=standard; 1lz_h67=standard; 2lz_h67=standard; 3lz_h67=standard,opt_719_001,,,,,,,,,,,,deferred,False,
z06,z06_intextmec_raw,z06_intextmec_raw:131-134,,719,719,"Seat belt color, Black","(HZN, HUF) Natural Dipped interior comes with (3N9) Natural seat belt color; (H8T) Santorini Blue interior and (HAG) Asymmetrical Santorini Blue/Jet Black interior comes with (3A9) Santorini Blue seat belt color; (HNK) Adrenaline Red Dipped interior comes with (3F9) Torch Red seat belt color; (HUW, HUX) Habanero interior comes with (379) Orange seat belt color.",1lz_h07=S; 2lz_h07=S; 3lz_h07=S1; 1lz_h67=S; 2lz_h67=S; 3lz_h67=S1,1lz_h07=standard; 2lz_h07=standard; 3lz_h07=standard; 1lz_h67=standard; 2lz_h67=standard; 3lz_h67=standard,opt_719_001,sec_seat_001,10,grand_sport:opt_719_001,opt_719_001,"Seat belt color, Black",,"(HZN, HUF) Natural Dipped interior comes with (3N9) Natural seat belt color; (H8T) Santorini Blue interior and (HAG) Asymmetrical Santorini Blue/Jet Black interior comes with (3A9) Santorini Blue seat belt color; (HNK) Adrenaline Red Dipped interior comes with (3F9) Torch Red seat belt color; (HUW, HUX) Habanero interior comes with (379) Orange seat belt color.",sec_seat_001,False,10,default_selected,approved,True,
zr1,zr1_zr1x_standard_raw,zr1_zr1x_standard_raw:54-57,,719,719,"Seat belt color, Black","(HZN, HUF) Natural Dipped interior comes with (3N9) Natural seat belt color; (H8T) Santorini Blue interior and (HAG) Asymmetrical Santorini Blue/Jet Black interior comes with (3A9) Santorini Blue seat belt color; (HNK) Adrenaline Red Dipped interior comes with (3F9) Torch Red seat belt color; (HUW, HUX) Habanero interior comes with (379) Orange seat belt color.",1lz_r07=S; 3lz_r07=S1; 1lz_r67=S; 3lz_r67=S1,1lz_r07=standard; 3lz_r07=standard; 1lz_r67=standard; 3lz_r67=standard,opt_719_001,,,,,,,,,,,,deferred,False,
zr1x,zr1_zr1x_standard_raw,zr1_zr1x_standard_raw:54-57,,719,719,"Seat belt color, Black","(HZN, HUF) Natural Dipped interior comes with (3N9) Natural seat belt color; (H8T) Santorini Blue interior and (HAG) Asymmetrical Santorini Blue/Jet Black interior comes with (3A9) Santorini Blue seat belt color; (HNK) Adrenaline Red Dipped interior comes with (3F9) Torch Red seat belt color; (HUW, HUX) Habanero interior comes with (379) Orange seat belt color.",1lz_s07=S; 3lz_s07=S1; 1lz_s67=S; 3lz_s67=S1,1lz_s07=standard; 3lz_s07=standard; 1lz_s67=standard; 3lz_s67=standard,opt_719_001,,,,,,,,,,,,deferred,False,
zr1,zr1_zr1x_intextmec_raw,zr1_zr1x_intextmec_raw:131-134,,719,719,"Seat belt color, Black","(HZN, HUF) Natural Dipped interior comes with (3N9) Natural seat belt color; (H8T) Santorini Blue interior and (HAG) Asymmetrical Santorini Blue/Jet Black interior comes with (3A9) Santorini Blue seat belt color; (HNK) Adrenaline Red Dipped interior comes with (3F9) Torch Red seat belt color; (HUW, HUX) Habanero interior comes with (379) Orange seat belt color.",1lz_r07=S; 3lz_r07=S1; 1lz_r67=S; 3lz_r67=S1,1lz_r07=standard; 3lz_r07=standard; 1lz_r67=standard; 3lz_r67=standard,opt_719_001,sec_seat_001,10,grand_sport:opt_719_001,opt_719_001,"Seat belt color, Black",,"(HZN, HUF) Natural Dipped interior comes with (3N9) Natural seat belt color; (H8T) Santorini Blue interior and (HAG) Asymmetrical Santorini Blue/Jet Black interior comes with (3A9) Santorini Blue seat belt color; (HNK) Adrenaline Red Dipped interior comes with (3F9) Torch Red seat belt color; (HUW, HUX) Habanero interior comes with (379) Orange seat belt color.",sec_seat_001,False,10,default_selected,approved,True,
zr1x,zr1_zr1x_intextmec_raw,zr1_zr1x_intextmec_raw:131-134,,719,719,"Seat belt color, Black","(HZN, HUF) Natural Dipped interior comes with (3N9) Natural seat belt color; (H8T) Santorini Blue interior and (HAG) Asymmetrical Santorini Blue/Jet Black interior comes with (3A9) Santorini Blue seat belt color; (HNK) Adrenaline Red Dipped interior comes with (3F9) Torch Red seat belt color; (HUW, HUX) Habanero interior comes with (379) Orange seat belt color.",1lz_s07=S; 3lz_s07=S1; 1lz_s67=S; 3lz_s67=S1,1lz_s07=standard; 3lz_s07=standard; 1lz_s67=standard; 3lz_s67=standard,opt_719_001,sec_seat_001,10,grand_sport:opt_719_001,opt_719_001,"Seat belt color, Black",,"(HZN, HUF) Natural Dipped interior comes with (3N9) Natural seat belt color; (H8T) Santorini Blue interior and (HAG) Asymmetrical Santorini Blue/Jet Black interior comes with (3A9) Santorini Blue seat belt color; (HNK) Adrenaline Red Dipped interior comes with (3F9) Torch Red seat belt color; (HUW, HUX) Habanero interior comes with (379) Orange seat belt color.",sec_seat_001,False,10,default_selected,approved,True,
zr1,zr1_zr1x_intextmec_raw,zr1_zr1x_intextmec_raw:240-240,,,,Daytime running lamps,,1lz_r07=S; 3lz_r07=S; 1lz_r67=S; 3lz_r67=S,1lz_r07=standard; 3lz_r07=standard; 1lz_r67=standard; 3lz_r67=standard,opt_723,sec_stan_001,,,,,,,,,,,needs_section_review,False,
zr1x,zr1_zr1x_intextmec_raw,zr1_zr1x_intextmec_raw:240-240,,,,Daytime running lamps,,1lz_s07=S; 3lz_s07=S; 1lz_s67=S; 3lz_s67=S,1lz_s07=standard; 3lz_s07=standard; 1lz_s67=standard; 3lz_s67=standard,opt_724,sec_stan_001,,,,,,,,,,,needs_section_review,False,
zr1,zr1_zr1x_intextmec_raw,zr1_zr1x_intextmec_raw:247-247,,,,"Glass, Solar-Ray light-tinted",,1lz_r07=S; 3lz_r07=S; 1lz_r67=S; 3lz_r67=S,1lz_r07=standard; 3lz_r07=standard; 1lz_r67=standard; 3lz_r67=standard,opt_731,sec_stan_001,,,,,,,,,,,needs_section_review,False,
zr1x,zr1_zr1x_intextmec_raw,zr1_zr1x_intextmec_raw:247-247,,,,"Glass, Solar-Ray light-tinted",,1lz_s07=S; 3lz_s07=S; 1lz_s67=S; 3lz_s67=S,1lz_s07=standard; 3lz_s07=standard; 1lz_s67=standard; 3lz_s67=standard,opt_732,sec_stan_001,,,,,,,,,,,needs_section_review,False,
zr1,zr1_zr1x_intextmec_raw,zr1_zr1x_intextmec_raw:401-401,,,,"Wipers, front intermittent",,1lz_r07=S; 3lz_r07=S; 1lz_r67=S; 3lz_r67=S,1lz_r07=standard; 3lz_r07=standard; 1lz_r67=standard; 3lz_r67=standard,opt_849,sec_stan_001,,,,,,,,,,,needs_section_review,False,
zr1x,zr1_zr1x_intextmec_raw,zr1_zr1x_intextmec_raw:401-401,,,,"Wipers, front intermittent",,1lz_s07=S; 3lz_s07=S; 1lz_s67=S; 3lz_s67=S,1lz_s07=standard; 3lz_s07=standard; 1lz_s67=standard; 3lz_s67=standard,opt_850,sec_stan_001,,,,,,,,,,,needs_section_review,False,
zr1,zr1_zr1x_intextmec_raw,zr1_zr1x_intextmec_raw:402-402,,,,"Active handling stability control, improves traction and enhances vehicle stability",,1lz_r07=S; 3lz_r07=S; 1lz_r67=S; 3lz_r67=S,1lz_r07=standard; 3lz_r07=standard; 1lz_r67=standard; 3lz_r67=standard,opt_851,sec_stan_001,,,,,,,,,,,needs_section_review,False,
zr1x,zr1_zr1x_intextmec_raw,zr1_zr1x_intextmec_raw:402-402,,,,"Active handling stability control, improves traction and enhances vehicle stability",,1lz_s07=S; 3lz_s07=S; 1lz_s67=S; 3lz_s67=S,1lz_s07=standard; 3lz_s07=standard; 1lz_s67=standard; 3lz_s67=standard,opt_852,sec_stan_001,,,,,,,,,,,needs_section_review,False,
zr1,zr1_zr1x_intextmec_raw,zr1_zr1x_intextmec_raw:414-414,,,,NEW!Intersection Automatic Emergency Braking,,1lz_r07=S; 3lz_r07=S; 1lz_r67=S; 3lz_r67=S,1lz_r07=standard; 3lz_r07=standard; 1lz_r67=standard; 3lz_r67=standard,opt_863,sec_stan_001,,,,,,,,,,,needs_section_review,False,
zr1x,zr1_zr1x_intextmec_raw,zr1_zr1x_intextmec_raw:414-414,,,,NEW!Intersection Automatic Emergency Braking,,1lz_s07=S; 3lz_s07=S; 1lz_s67=S; 3lz_s67=S,1lz_s07=standard; 3lz_s07=standard; 1lz_s67=standard; 3lz_s67=standard,opt_864,sec_stan_001,,,,,,,,,,,needs_section_review,False,
zr1,zr1_zr1x_intextmec_raw,zr1_zr1x_intextmec_raw:447-447,,,,"Frame, aluminum structure",,1lz_r07=S; 3lz_r07=S; 1lz_r67=S; 3lz_r67=S,1lz_r07=standard; 3lz_r07=standard; 1lz_r67=standard; 3lz_r67=standard,opt_911,sec_stan_001,,,,,,,,,,,needs_section_review,False,
zr1x,zr1_zr1x_intextmec_raw,zr1_zr1x_intextmec_raw:447-447,,,,"Frame, aluminum structure",,1lz_s07=S; 3lz_s07=S; 1lz_s67=S; 3lz_s67=S,1lz_s07=standard; 3lz_s07=standard; 1lz_s67=standard; 3lz_s67=standard,opt_912,sec_stan_001,,,,,,,,,,,needs_section_review,False,
zr1,zr1_zr1x_intextmec_raw,zr1_zr1x_intextmec_raw:455-455,,,,Oil life monitoring system,,1lz_r07=S; 3lz_r07=S; 1lz_r67=S; 3lz_r67=S,1lz_r07=standard; 3lz_r07=standard; 1lz_r67=standard; 3lz_r67=standard,opt_921,sec_stan_001,,,,,,,,,,,needs_section_review,False,
zr1x,zr1_zr1x_intextmec_raw,zr1_zr1x_intextmec_raw:455-455,,,,Oil life monitoring system,,1lz_s07=S; 3lz_s07=S; 1lz_s67=S; 3lz_s67=S,1lz_s07=standard; 3lz_s07=standard; 1lz_s67=standard; 3lz_s67=standard,opt_922,sec_stan_001,,,,,,,,,,,needs_section_review,False,
zr1,zr1_zr1x_intextmec_raw,zr1_zr1x_intextmec_raw:458-458,,,,"Steering, power, electric, speed-sensitive, rack-and-pinion, variable ratio",,1lz_r07=S; 3lz_r07=S; 1lz_r67=S; 3lz_r67=S,1lz_r07=standard; 3lz_r07=standard; 1lz_r67=standard; 3lz_r67=standard,opt_927,sec_stan_001,,,,,,,,,,,needs_section_review,False,
zr1x,zr1_zr1x_intextmec_raw,zr1_zr1x_intextmec_raw:458-458,,,,"Steering, power, electric, speed-sensitive, rack-and-pinion, variable ratio",,1lz_s07=S; 3lz_s07=S; 1lz_s67=S; 3lz_s67=S,1lz_s07=standard; 3lz_s07=standard; 1lz_s67=standard; 3lz_s67=standard,opt_928,sec_stan_001,,,,,,,,,,,needs_section_review,False,
zr1,zr1_zr1x_intextmec_raw,zr1_zr1x_intextmec_raw:469-469,,,,"Traction control, all-speed",,1lz_r07=S; 3lz_r07=S; 1lz_r67=S; 3lz_r67=S,1lz_r07=standard; 3lz_r07=standard; 1lz_r67=standard; 3lz_r67=standard,opt_937,sec_stan_001,,,,,,,,,,,needs_section_review,False,
zr1x,zr1_zr1x_intextmec_raw,zr1_zr1x_intextmec_raw:469-469,,,,"Traction control, all-speed",,1lz_s07=S; 3lz_s07=S; 1lz_s67=S; 3lz_s67=S,1lz_s07=standard; 3lz_s07=standard; 1lz_s67=standard; 3lz_s67=standard,opt_938,sec_stan_001,,,,,,,,,,,needs_section_review,False,
z06,z06_standard_raw,z06_standard_raw:59-59,,A2X,A2X,"Seat adjuster, driver 8-way power",,1lz_h07=S; 2lz_h07=S; 3lz_h07=S; 1lz_h67=S; 2lz_h67=S; 3lz_h67=S,1lz_h07=standard; 2lz_h07=standard; 3lz_h07=standard; 1lz_h67=standard; 2lz_h67=standard; 3lz_h67=standard,opt_a2x_001,,,,,,,,,,,,deferred,False,
z06,z06_intextmec_raw,z06_intextmec_raw:173-173,,A2X,A2X,"Seat adjuster, driver 8-way power",,1lz_h07=S; 2lz_h07=S; 3lz_h07=S; 1lz_h67=S; 2lz_h67=S; 3lz_h67=S,1lz_h07=standard; 2lz_h07=standard; 3lz_h07=standard; 1lz_h67=standard; 2lz_h67=standard; 3lz_h67=standard,opt_a2x_001,sec_stan_001,60,grand_sport:opt_a2x_001,opt_a2x_001,"Seat adjuster, driver 8-way power",,,sec_stan_001,False,60,,approved,True,
zr1,zr1_zr1x_standard_raw,zr1_zr1x_standard_raw:59-59,,A2X,A2X,"Seat adjuster, driver 8-way power",,1lz_r07=S; 3lz_r07=S; 1lz_r67=S; 3lz_r67=S,1lz_r07=standard; 3lz_r07=standard; 1lz_r67=standard; 3lz_r67=standard,opt_a2x_001,,,,,,,,,,,,deferred,False,
zr1x,zr1_zr1x_standard_raw,zr1_zr1x_standard_raw:59-59,,A2X,A2X,"Seat adjuster, driver 8-way power",,1lz_s07=S; 3lz_s07=S; 1lz_s67=S; 3lz_s67=S,1lz_s07=standard; 3lz_s07=standard; 1lz_s67=standard; 3lz_s67=standard,opt_a2x_001,,,,,,,,,,,,deferred,False,
zr1,zr1_zr1x_intextmec_raw,zr1_zr1x_intextmec_raw:171-171,,A2X,A2X,"Seat adjuster, driver 8-way power",,1lz_r07=S; 3lz_r07=S; 1lz_r67=S; 3lz_r67=S,1lz_r07=standard; 3lz_r07=standard; 1lz_r67=standard; 3lz_r67=standard,opt_a2x_001,sec_stan_001,60,grand_sport:opt_a2x_001,opt_a2x_001,"Seat adjuster, driver 8-way power",,,sec_stan_001,False,60,,approved,True,
zr1x,zr1_zr1x_intextmec_raw,zr1_zr1x_intextmec_raw:171-171,,A2X,A2X,"Seat adjuster, driver 8-way power",,1lz_s07=S; 3lz_s07=S; 1lz_s67=S; 3lz_s67=S,1lz_s07=standard; 3lz_s07=standard; 1lz_s67=standard; 3lz_s67=standard,opt_a2x_001,sec_stan_001,60,grand_sport:opt_a2x_001,opt_a2x_001,"Seat adjuster, driver 8-way power",,,sec_stan_001,False,60,,approved,True,
z06,z06_standard_raw,z06_standard_raw:60-60,,A7K,A7K,"Seat adjuster, passenger 8-way power",,1lz_h07=S; 2lz_h07=S; 3lz_h07=S; 1lz_h67=S; 2lz_h67=S; 3lz_h67=S,1lz_h07=standard; 2lz_h07=standard; 3lz_h07=standard; 1lz_h67=standard; 2lz_h67=standard; 3lz_h67=standard,opt_a7k_001,,,,,,,,,,,,deferred,False,
z06,z06_intextmec_raw,z06_intextmec_raw:174-174,,A7K,A7K,"Seat adjuster, passenger 8-way power",,1lz_h07=S; 2lz_h07=S; 3lz_h07=S; 1lz_h67=S; 2lz_h67=S; 3lz_h67=S,1lz_h07=standard; 2lz_h07=standard; 3lz_h07=standard; 1lz_h67=standard; 2lz_h67=standard; 3lz_h67=standard,opt_a7k_001,sec_stan_001,70,grand_sport:opt_a7k_001,opt_a7k_001,"Seat adjuster, passenger 8-way power",,,sec_stan_001,False,70,,approved,True,
zr1,zr1_zr1x_standard_raw,zr1_zr1x_standard_raw:60-60,,A7K,A7K,"Seat adjuster, passenger 8-way power",,1lz_r07=S; 3lz_r07=S; 1lz_r67=S; 3lz_r67=S,1lz_r07=standard; 3lz_r07=standard; 1lz_r67=standard; 3lz_r67=standard,opt_a7k_001,,,,,,,,,,,,deferred,False,
zr1x,zr1_zr1x_standard_raw,zr1_zr1x_standard_raw:60-60,,A7K,A7K,"Seat adjuster, passenger 8-way power",,1lz_s07=S; 3lz_s07=S; 1lz_s67=S; 3lz_s67=S,1lz_s07=standard; 3lz_s07=standard; 1lz_s67=standard; 3lz_s67=standard,opt_a7k_001,,,,,,,,,,,,deferred,False,
zr1,zr1_zr1x_intextmec_raw,zr1_zr1x_intextmec_raw:172-172,,A7K,A7K,"Seat adjuster, passenger 8-way power",,1lz_r07=S; 3lz_r07=S; 1lz_r67=S; 3lz_r67=S,1lz_r07=standard; 3lz_r07=standard; 1lz_r67=standard; 3lz_r67=standard,opt_a7k_001,sec_stan_001,70,grand_sport:opt_a7k_001,opt_a7k_001,"Seat adjuster, passenger 8-way power",,,sec_stan_001,False,70,,approved,True,
zr1x,zr1_zr1x_intextmec_raw,zr1_zr1x_intextmec_raw:172-172,,A7K,A7K,"Seat adjuster, passenger 8-way power",,1lz_s07=S; 3lz_s07=S; 1lz_s67=S; 3lz_s67=S,1lz_s07=standard; 3lz_s07=standard; 1lz_s67=standard; 3lz_s67=standard,opt_a7k_001,sec_stan_001,70,grand_sport:opt_a7k_001,opt_a7k_001,"Seat adjuster, passenger 8-way power",,,sec_stan_001,False,70,,approved,True,
z06,z06_intextmec_raw,z06_intextmec_raw:162-162,AE4,,AE4,"Seats, Competition Sport bucket",,1lz_h07=A; 2lz_h07=A; 3lz_h07=A; 1lz_h67=A; 2lz_h67=A; 3lz_h67=A,1lz_h07=available; 2lz_h07=available; 3lz_h07=available; 1lz_h67=available; 2lz_h67=available; 3lz_h67=available,opt_ae4_002,sec_seat_002,40,grand_sport:opt_ae4_002,opt_ae4_002,"Seats, Competition Sport bucket",,,sec_seat_002,True,40,,approved,True,
zr1,zr1_zr1x_intextmec_raw,zr1_zr1x_intextmec_raw:161-161,AE4,,AE4,"Seats, Competition Sport bucket",,1lz_r07=A; 3lz_r07=A; 1lz_r67=A; 3lz_r67=A,1lz_r07=available; 3lz_r07=available; 1lz_r67=available; 3lz_r67=available,opt_ae4_002,sec_seat_002,40,grand_sport:opt_ae4_002,opt_ae4_002,"Seats, Competition Sport bucket",,,sec_seat_002,True,40,,approved,True,
zr1x,zr1_zr1x_intextmec_raw,zr1_zr1x_intextmec_raw:161-161,AE4,,AE4,"Seats, Competition Sport bucket",,1lz_s07=A; 3lz_s07=A; 1lz_s67=A; 3lz_s67=A,1lz_s07=available; 3lz_s07=available; 1lz_s67=available; 3lz_s67=available,opt_ae4_002,sec_seat_002,40,grand_sport:opt_ae4_002,opt_ae4_002,"Seats, Competition Sport bucket",,,sec_seat_002,True,40,,approved,True,
z06,z06_intextmec_raw,z06_intextmec_raw:161-161,AH2,,AH2,"Seats, GT2 bucket",,1lz_h07=--; 2lz_h07=A; 3lz_h07=■; 1lz_h67=--; 2lz_h67=A; 3lz_h67=■,1lz_h07=unavailable; 2lz_h07=available; 3lz_h07=standard; 1lz_h67=unavailable; 2lz_h67=available; 3lz_h67=standard,opt_ah2_001,sec_seat_002,25,grand_sport:opt_ah2_001,opt_ah2_001,"Seats, GT2 bucket",,,sec_seat_002,True,25,,approved,True,
zr1,zr1_zr1x_intextmec_raw,zr1_zr1x_intextmec_raw:160-160,,AH2,AH2,"Seats, GT2 bucket",,1lz_r07=--; 3lz_r07=■; 1lz_r67=--; 3lz_r67=■,1lz_r07=unavailable; 3lz_r07=standard; 1lz_r67=unavailable; 3lz_r67=standard,opt_ah2_001,sec_seat_002,25,grand_sport:opt_ah2_001,opt_ah2_001,"Seats, GT2 bucket",,,sec_seat_002,False,25,,approved,True,
zr1x,zr1_zr1x_intextmec_raw,zr1_zr1x_intextmec_raw:160-160,,AH2,AH2,"Seats, GT2 bucket",,1lz_s07=--; 3lz_s07=■; 1lz_s67=--; 3lz_s67=■,1lz_s07=unavailable; 3lz_s07=standard; 1lz_s67=unavailable; 3lz_s67=standard,opt_ah2_001,sec_seat_002,25,grand_sport:opt_ah2_001,opt_ah2_001,"Seats, GT2 bucket",,,sec_seat_002,False,25,,approved,True,
z06,z06_intextmec_raw,z06_intextmec_raw:177-177,,AHE,AHE,"Seat adjuster, driver power bolster",,1lz_h07=--; 2lz_h07=■; 3lz_h07=■; 1lz_h67=--; 2lz_h67=■; 3lz_h67=■,1lz_h07=unavailable; 2lz_h07=standard; 3lz_h07=standard; 1lz_h67=unavailable; 2lz_h67=standard; 3lz_h67=standard,opt_ahe_001,sec_2lte_001,130,grand_sport:opt_ahe_001,opt_ahe_001,"Seat adjuster, driver power bolster",,,sec_2lte_001,False,130,,approved,True,
zr1,zr1_zr1x_intextmec_raw,zr1_zr1x_intextmec_raw:175-175,,AHE,AHE,"Seat adjuster, driver power bolster",,1lz_r07=--; 3lz_r07=■; 1lz_r67=--; 3lz_r67=■,1lz_r07=unavailable; 3lz_r07=standard; 1lz_r67=unavailable; 3lz_r67=standard,opt_ahe_001,sec_2lte_001,130,grand_sport:opt_ahe_001,opt_ahe_001,"Seat adjuster, driver power bolster",,,sec_2lte_001,False,130,,approved,True,
zr1x,zr1_zr1x_intextmec_raw,zr1_zr1x_intextmec_raw:175-175,,AHE,AHE,"Seat adjuster, driver power bolster",,1lz_s07=--; 3lz_s07=■; 1lz_s67=--; 3lz_s67=■,1lz_s07=unavailable; 3lz_s07=standard; 1lz_s67=unavailable; 3lz_s67=standard,opt_ahe_001,sec_2lte_001,130,grand_sport:opt_ahe_001,opt_ahe_001,"Seat adjuster, driver power bolster",,,sec_2lte_001,False,130,,approved,True,
z06,z06_intextmec_raw,z06_intextmec_raw:178-178,,AHH,AHH,"Seat adjuster, passenger power bolster",,1lz_h07=--; 2lz_h07=■; 3lz_h07=■; 1lz_h67=--; 2lz_h67=■; 3lz_h67=■,1lz_h07=unavailable; 2lz_h07=standard; 3lz_h07=standard; 1lz_h67=unavailable; 2lz_h67=standard; 3lz_h67=standard,opt_ahh_001,sec_2lte_001,140,grand_sport:opt_ahh_001,opt_ahh_001,"Seat adjuster, passenger power bolster",,,sec_2lte_001,False,140,,approved,True,
zr1,zr1_zr1x_intextmec_raw,zr1_zr1x_intextmec_raw:176-176,,AHH,AHH,"Seat adjuster, passenger power bolster",,1lz_r07=--; 3lz_r07=■; 1lz_r67=--; 3lz_r67=■,1lz_r07=unavailable; 3lz_r07=standard; 1lz_r67=unavailable; 3lz_r67=standard,opt_ahh_001,sec_2lte_001,140,grand_sport:opt_ahh_001,opt_ahh_001,"Seat adjuster, passenger power bolster",,,sec_2lte_001,False,140,,approved,True,
zr1x,zr1_zr1x_intextmec_raw,zr1_zr1x_intextmec_raw:176-176,,AHH,AHH,"Seat adjuster, passenger power bolster",,1lz_s07=--; 3lz_s07=■; 1lz_s67=--; 3lz_s67=■,1lz_s07=unavailable; 3lz_s07=standard; 1lz_s67=unavailable; 3lz_s67=standard,opt_ahh_001,sec_2lte_001,140,grand_sport:opt_ahh_001,opt_ahh_001,"Seat adjuster, passenger power bolster",,,sec_2lte_001,False,140,,approved,True,
z06,z06_standard_raw,z06_standard_raw:10-13,,AJ7,AJ7,"Airbags, frontal and side-impact, driver and passenger with Passenger Sensing System","Always use seat belts and child restraints. Never place an infant or child restraint seat in the front seat, even if the airbag is off. See the Owner's Manual for more information.",1lz_h07=S1; 2lz_h07=S1; 3lz_h07=S1; 1lz_h67=S1; 2lz_h67=S1; 3lz_h67=S1,1lz_h07=standard; 2lz_h07=standard; 3lz_h07=standard; 1lz_h67=standard; 2lz_h67=standard; 3lz_h67=standard,opt_aj7_001,,,,,,,,,,,,deferred,False,
z06,z06_intextmec_raw,z06_intextmec_raw:10-13,,AJ7,AJ7,"Airbags, frontal and side-impact, driver and passenger with Passenger Sensing System","Always use seat belts and child restraints. Never place an infant or child restraint seat in the front seat, even if the airbag is off. See the Owner's Manual for more information.",1lz_h07=S1; 2lz_h07=S1; 3lz_h07=S1; 1lz_h67=S1; 2lz_h67=S1; 3lz_h67=S1,1lz_h07=standard; 2lz_h07=standard; 3lz_h07=standard; 1lz_h67=standard; 2lz_h67=standard; 3lz_h67=standard,opt_aj7_001,sec_safe_001,10,grand_sport:opt_aj7_001,opt_aj7_001,"Airbags, frontal and side-impact, driver and passenger with Passenger Sensing System",,"Always use seat belts and child restraints. Never place an infant or child restraint seat in the front seat, even if the airbag is off. See the Owner's Manual for more information.",sec_safe_001,False,10,,approved,True,
zr1,zr1_zr1x_standard_raw,zr1_zr1x_standard_raw:10-13,,AJ7,AJ7,"Airbags, frontal and side-impact, driver and passenger with Passenger Sensing System","Always use seat belts and child restraints. Never place an infant or child restraint seat in the front seat, even if the airbag is off. See the Owner's Manual for more information.",1lz_r07=S1; 3lz_r07=S1; 1lz_r67=S1; 3lz_r67=S1,1lz_r07=standard; 3lz_r07=standard; 1lz_r67=standard; 3lz_r67=standard,opt_aj7_001,,,,,,,,,,,,deferred,False,
zr1x,zr1_zr1x_standard_raw,zr1_zr1x_standard_raw:10-13,,AJ7,AJ7,"Airbags, frontal and side-impact, driver and passenger with Passenger Sensing System","Always use seat belts and child restraints. Never place an infant or child restraint seat in the front seat, even if the airbag is off. See the Owner's Manual for more information.",1lz_s07=S1; 3lz_s07=S1; 1lz_s67=S1; 3lz_s67=S1,1lz_s07=standard; 3lz_s07=standard; 1lz_s67=standard; 3lz_s67=standard,opt_aj7_001,,,,,,,,,,,,deferred,False,
zr1,zr1_zr1x_intextmec_raw,zr1_zr1x_intextmec_raw:10-13,,AJ7,AJ7,"Airbags, frontal and side-impact, driver and passenger with Passenger Sensing System","Always use seat belts and child restraints. Never place an infant or child restraint seat in the front seat, even if the airbag is off. See the Owner's Manual for more information.",1lz_r07=S1; 3lz_r07=S1; 1lz_r67=S1; 3lz_r67=S1,1lz_r07=standard; 3lz_r07=standard; 1lz_r67=standard; 3lz_r67=standard,opt_aj7_001,sec_safe_001,10,grand_sport:opt_aj7_001,opt_aj7_001,"Airbags, frontal and side-impact, driver and passenger with Passenger Sensing System",,"Always use seat belts and child restraints. Never place an infant or child restraint seat in the front seat, even if the airbag is off. See the Owner's Manual for more information.",sec_safe_001,False,10,,approved,True,
zr1x,zr1_zr1x_intextmec_raw,zr1_zr1x_intextmec_raw:10-13,,AJ7,AJ7,"Airbags, frontal and side-impact, driver and passenger with Passenger Sensing System","Always use seat belts and child restraints. Never place an infant or child restraint seat in the front seat, even if the airbag is off. See the Owner's Manual for more information.",1lz_s07=S1; 3lz_s07=S1; 1lz_s67=S1; 3lz_s67=S1,1lz_s07=standard; 3lz_s07=standard; 1lz_s67=standard; 3lz_s67=standard,opt_aj7_001,sec_safe_001,10,grand_sport:opt_aj7_001,opt_aj7_001,"Airbags, frontal and side-impact, driver and passenger with Passenger Sensing System",,"Always use seat belts and child restraints. Never place an infant or child restraint seat in the front seat, even if the airbag is off. See the Owner's Manual for more information.",sec_safe_001,False,10,,approved,True,
z06,z06_intextmec_raw,z06_intextmec_raw:175-175,,AL9,AL9,"Seat adjuster, power driver lumbar control",,1lz_h07=--; 2lz_h07=■; 3lz_h07=■; 1lz_h67=--; 2lz_h67=■; 3lz_h67=■,1lz_h07=unavailable; 2lz_h07=standard; 3lz_h07=standard; 1lz_h67=unavailable; 2lz_h67=standard; 3lz_h67=standard,opt_al9_001,sec_2lte_001,110,grand_sport:opt_al9_001,opt_al9_001,"Seat adjuster, power driver lumbar control",,,sec_2lte_001,False,110,,approved,True,
zr1,zr1_zr1x_intextmec_raw,zr1_zr1x_intextmec_raw:173-173,,AL9,AL9,"Seat adjuster, power driver lumbar control",,1lz_r07=--; 3lz_r07=■; 1lz_r67=--; 3lz_r67=■,1lz_r07=unavailable; 3lz_r07=standard; 1lz_r67=unavailable; 3lz_r67=standard,opt_al9_001,sec_2lte_001,110,grand_sport:opt_al9_001,opt_al9_001,"Seat adjuster, power driver lumbar control",,,sec_2lte_001,False,110,,approved,True,
zr1x,zr1_zr1x_intextmec_raw,zr1_zr1x_intextmec_raw:173-173,,AL9,AL9,"Seat adjuster, power driver lumbar control",,1lz_s07=--; 3lz_s07=■; 1lz_s67=--; 3lz_s67=■,1lz_s07=unavailable; 3lz_s07=standard; 1lz_s67=unavailable; 3lz_s67=standard,opt_al9_001,sec_2lte_001,110,grand_sport:opt_al9_001,opt_al9_001,"Seat adjuster, power driver lumbar control",,,sec_2lte_001,False,110,,approved,True,
z06,z06_intextmec_raw,z06_intextmec_raw:27-27,,AP9,AP9,"Cargo nets, 2",,1lz_h07=--; 2lz_h07=■; 3lz_h07=■; 1lz_h67=--; 2lz_h67=■; 3lz_h67=■,1lz_h07=unavailable; 2lz_h07=standard; 3lz_h07=standard; 1lz_h67=unavailable; 2lz_h67=standard; 3lz_h67=standard,opt_ap9_001,sec_2lte_001,160,grand_sport:opt_ap9_001,opt_ap9_001,"Cargo nets, 2",,,sec_2lte_001,False,160,,approved,True,
zr1,zr1_zr1x_intextmec_raw,zr1_zr1x_intextmec_raw:27-27,,AP9,AP9,"Cargo nets, 2",,1lz_r07=--; 3lz_r07=■; 1lz_r67=--; 3lz_r67=■,1lz_r07=unavailable; 3lz_r07=standard; 1lz_r67=unavailable; 3lz_r67=standard,opt_ap9_001,sec_2lte_001,160,grand_sport:opt_ap9_001,opt_ap9_001,"Cargo nets, 2",,,sec_2lte_001,False,160,,approved,True,
zr1x,zr1_zr1x_intextmec_raw,zr1_zr1x_intextmec_raw:27-27,,AP9,AP9,"Cargo nets, 2",,1lz_s07=--; 3lz_s07=■; 1lz_s67=--; 3lz_s67=■,1lz_s07=unavailable; 3lz_s07=standard; 1lz_s67=unavailable; 3lz_s67=standard,opt_ap9_001,sec_2lte_001,160,grand_sport:opt_ap9_001,opt_ap9_001,"Cargo nets, 2",,,sec_2lte_001,False,160,,approved,True,
z06,z06_standard_raw,z06_standard_raw:58-58,,AQ9,AQ9,"Seats, GT1 bucket",,1lz_h07=S; 2lz_h07=S; 3lz_h07=--; 1lz_h67=S; 2lz_h67=S; 3lz_h67=--,1lz_h07=standard; 2lz_h07=standard; 3lz_h07=unavailable; 1lz_h67=standard; 2lz_h67=standard; 3lz_h67=unavailable,opt_aq9_001,,,,,,,,,,,,deferred,False,
z06,z06_intextmec_raw,z06_intextmec_raw:160-160,,AQ9,AQ9,"Seats, GT1 bucket",,1lz_h07=S; 2lz_h07=S; 3lz_h07=--; 1lz_h67=S; 2lz_h67=S; 3lz_h67=--,1lz_h07=standard; 2lz_h07=standard; 3lz_h07=unavailable; 1lz_h67=standard; 2lz_h67=standard; 3lz_h67=unavailable,opt_aq9_001,sec_seat_002,10,grand_sport:opt_aq9_001,opt_aq9_001,"Seats, GT1 bucket",,,sec_seat_002,False,10,,approved,True,
zr1,zr1_zr1x_standard_raw,zr1_zr1x_standard_raw:58-58,,AQ9,AQ9,"Seats, GT1 bucket",,1lz_r07=S; 3lz_r07=--; 1lz_r67=S; 3lz_r67=--,1lz_r07=standard; 3lz_r07=unavailable; 1lz_r67=standard; 3lz_r67=unavailable,opt_aq9_001,,,,,,,,,,,,deferred,False,
zr1x,zr1_zr1x_standard_raw,zr1_zr1x_standard_raw:58-58,,AQ9,AQ9,"Seats, GT1 bucket",,1lz_s07=S; 3lz_s07=--; 1lz_s67=S; 3lz_s67=--,1lz_s07=standard; 3lz_s07=unavailable; 1lz_s67=standard; 3lz_s67=unavailable,opt_aq9_001,,,,,,,,,,,,deferred,False,
zr1,zr1_zr1x_intextmec_raw,zr1_zr1x_intextmec_raw:159-159,,AQ9,AQ9,"Seats, GT1 bucket",,1lz_r07=S; 3lz_r07=--; 1lz_r67=S; 3lz_r67=--,1lz_r07=standard; 3lz_r07=unavailable; 1lz_r67=standard; 3lz_r67=unavailable,opt_aq9_001,sec_seat_002,10,grand_sport:opt_aq9_001,opt_aq9_001,"Seats, GT1 bucket",,,sec_seat_002,False,10,,approved,True,
zr1x,zr1_zr1x_intextmec_raw,zr1_zr1x_intextmec_raw:159-159,,AQ9,AQ9,"Seats, GT1 bucket",,1lz_s07=S; 3lz_s07=--; 1lz_s67=S; 3lz_s67=--,1lz_s07=standard; 3lz_s07=unavailable; 1lz_s67=standard; 3lz_s67=unavailable,opt_aq9_001,sec_seat_002,10,grand_sport:opt_aq9_001,opt_aq9_001,"Seats, GT1 bucket",,,sec_seat_002,False,10,,approved,True,
z06,z06_intextmec_raw,z06_intextmec_raw:81-81,,AQA,AQA,"Memory Driver and Passenger Convenience Package, includes steering wheel and outside mirrors plus seat memory for both driver and passenger; key fob or door button activated",,1lz_h07=--; 2lz_h07=■; 3lz_h07=■; 1lz_h67=--; 2lz_h67=■; 3lz_h67=■,1lz_h07=unavailable; 2lz_h07=standard; 3lz_h07=standard; 1lz_h67=unavailable; 2lz_h67=standard; 3lz_h67=standard,opt_aqa_001,sec_2lte_001,150,grand_sport:opt_aqa_001,opt_aqa_001,"Memory Driver and Passenger Convenience Package, includes steering wheel and outside mirrors plus seat memory for both driver and passenger; key fob or door button activated",,,sec_2lte_001,False,150,,approved,True,
zr1,zr1_zr1x_intextmec_raw,zr1_zr1x_intextmec_raw:81-81,,AQA,AQA,"Memory Driver and Passenger Convenience Package, includes steering wheel and outside mirrors plus seat memory for both driver and passenger; key fob or door button activated",,1lz_r07=--; 3lz_r07=■; 1lz_r67=--; 3lz_r67=■,1lz_r07=unavailable; 3lz_r07=standard; 1lz_r67=unavailable; 3lz_r67=standard,opt_aqa_001,sec_2lte_001,150,grand_sport:opt_aqa_001,opt_aqa_001,"Memory Driver and Passenger Convenience Package, includes steering wheel and outside mirrors plus seat memory for both driver and passenger; key fob or door button activated",,,sec_2lte_001,False,150,,approved,True,
zr1x,zr1_zr1x_intextmec_raw,zr1_zr1x_intextmec_raw:81-81,,AQA,AQA,"Memory Driver and Passenger Convenience Package, includes steering wheel and outside mirrors plus seat memory for both driver and passenger; key fob or door button activated",,1lz_s07=--; 3lz_s07=■; 1lz_s67=--; 3lz_s67=■,1lz_s07=unavailable; 3lz_s07=standard; 1lz_s67=unavailable; 3lz_s67=standard,opt_aqa_001,sec_2lte_001,150,grand_sport:opt_aqa_001,opt_aqa_001,"Memory Driver and Passenger Convenience Package, includes steering wheel and outside mirrors plus seat memory for both driver and passenger; key fob or door button activated",,,sec_2lte_001,False,150,,approved,True,
z06,z06_intextmec_raw,z06_intextmec_raw:176-176,,AT9,AT9,"Seat adjuster, power passenger lumbar control",,1lz_h07=--; 2lz_h07=■; 3lz_h07=■; 1lz_h67=--; 2lz_h67=■; 3lz_h67=■,1lz_h07=unavailable; 2lz_h07=standard; 3lz_h07=standard; 1lz_h67=unavailable; 2lz_h67=standard; 3lz_h67=standard,opt_at9_001,sec_2lte_001,120,grand_sport:opt_at9_001,opt_at9_001,"Seat adjuster, power passenger lumbar control",,,sec_2lte_001,False,120,,approved,True,
zr1,zr1_zr1x_intextmec_raw,zr1_zr1x_intextmec_raw:174-174,,AT9,AT9,"Seat adjuster, power passenger lumbar control",,1lz_r07=--; 3lz_r07=■; 1lz_r67=--; 3lz_r67=■,1lz_r07=unavailable; 3lz_r07=standard; 1lz_r67=unavailable; 3lz_r67=standard,opt_at9_001,sec_2lte_001,120,grand_sport:opt_at9_001,opt_at9_001,"Seat adjuster, power passenger lumbar control",,,sec_2lte_001,False,120,,approved,True,
zr1x,zr1_zr1x_intextmec_raw,zr1_zr1x_intextmec_raw:174-174,,AT9,AT9,"Seat adjuster, power passenger lumbar control",,1lz_s07=--; 3lz_s07=■; 1lz_s67=--; 3lz_s67=■,1lz_s07=unavailable; 3lz_s07=standard; 1lz_s67=unavailable; 3lz_s67=standard,opt_at9_001,sec_2lte_001,120,grand_sport:opt_at9_001,opt_at9_001,"Seat adjuster, power passenger lumbar control",,,sec_2lte_001,False,120,,approved,True,
z06,z06_intextmec_raw,z06_intextmec_raw:163-166,AUP,,AUP,"Seats, mixed, driver Competition Sport bucket, passenger GT2 bucket",Requires (HVZ) Asymmetrical Adrenaline Red/Jet Black interior or (HAG) Asymmetrical Santorini Blue/Jet Black interior.,1lz_h07=--; 2lz_h07=--; 3lz_h07=A1; 1lz_h67=--; 2lz_h67=--; 3lz_h67=A1,1lz_h07=unavailable; 2lz_h07=unavailable; 3lz_h07=available; 1lz_h67=unavailable; 2lz_h67=unavailable; 3lz_h67=available,opt_aup_001,sec_seat_002,80,grand_sport:opt_aup_001,opt_aup_001,"Seats, mixed, driver Competition Sport bucket, passenger GT2 bucket",,Requires (HVZ) Asymmetrical Adrenaline Red/Jet Black interior or (HAG) Asymmetrical Santorini Blue/Jet Black interior.,sec_seat_002,True,80,,approved,True,
zr1,zr1_zr1x_intextmec_raw,zr1_zr1x_intextmec_raw:162-165,AUP,,AUP,"Seats, mixed, driver Competition Sport bucket, passenger GT2 bucket",Requires (HVZ) Asymmetrical Adrenaline Red/Jet Black interior or (HAG) Asymmetrical Santorini Blue/Jet Black interior.,1lz_r07=--; 3lz_r07=A1; 1lz_r67=--; 3lz_r67=A1,1lz_r07=unavailable; 3lz_r07=available; 1lz_r67=unavailable; 3lz_r67=available,opt_aup_001,sec_seat_002,80,grand_sport:opt_aup_001,opt_aup_001,"Seats, mixed, driver Competition Sport bucket, passenger GT2 bucket",,Requires (HVZ) Asymmetrical Adrenaline Red/Jet Black interior or (HAG) Asymmetrical Santorini Blue/Jet Black interior.,sec_seat_002,True,80,,approved,True,
zr1x,zr1_zr1x_intextmec_raw,zr1_zr1x_intextmec_raw:162-165,AUP,,AUP,"Seats, mixed, driver Competition Sport bucket, passenger GT2 bucket",Requires (HVZ) Asymmetrical Adrenaline Red/Jet Black interior or (HAG) Asymmetrical Santorini Blue/Jet Black interior.,1lz_s07=--; 3lz_s07=A1; 1lz_s67=--; 3lz_s67=A1,1lz_s07=unavailable; 3lz_s07=available; 1lz_s67=unavailable; 3lz_s67=available,opt_aup_001,sec_seat_002,80,grand_sport:opt_aup_001,opt_aup_001,"Seats, mixed, driver Competition Sport bucket, passenger GT2 bucket",,Requires (HVZ) Asymmetrical Adrenaline Red/Jet Black interior or (HAG) Asymmetrical Santorini Blue/Jet Black interior.,sec_seat_002,True,80,,approved,True,
z06,z06_standard_raw,z06_standard_raw:122-122,,B4Z,B4Z,Performance Traction Management,,1lz_h07=S; 2lz_h07=S; 3lz_h07=S; 1lz_h67=S; 2lz_h67=S; 3lz_h67=S,1lz_h07=standard; 2lz_h07=standard; 3lz_h07=standard; 1lz_h67=standard; 2lz_h67=standard; 3lz_h67=standard,opt_b4z_001,,,,,,,,,,,,deferred,False,
z06,z06_intextmec_raw,z06_intextmec_raw:586-586,,B4Z,B4Z,Performance Traction Management,,1lz_h07=S; 2lz_h07=S; 3lz_h07=S; 1lz_h67=S; 2lz_h67=S; 3lz_h67=S,1lz_h07=standard; 2lz_h07=standard; 3lz_h07=standard; 1lz_h67=standard; 2lz_h67=standard; 3lz_h67=standard,opt_b4z_001,sec_stan_001,130,grand_sport:opt_b4z_001,opt_b4z_001,Performance Traction Management,,,sec_stan_001,False,130,,approved,True,
zr1,zr1_zr1x_standard_raw,zr1_zr1x_standard_raw:115-115,,B4Z,B4Z,Performance Traction Management,,1lz_r07=S; 3lz_r07=S; 1lz_r67=S; 3lz_r67=S,1lz_r07=standard; 3lz_r07=standard; 1lz_r67=standard; 3lz_r67=standard,opt_b4z_001,,,,,,,,,,,,deferred,False,
zr1x,zr1_zr1x_standard_raw,zr1_zr1x_standard_raw:115-115,,B4Z,B4Z,Performance Traction Management,,1lz_s07=S; 3lz_s07=S; 1lz_s67=S; 3lz_s67=S,1lz_s07=standard; 3lz_s07=standard; 1lz_s67=standard; 3lz_s67=standard,opt_b4z_001,,,,,,,,,,,,deferred,False,
zr1,zr1_zr1x_intextmec_raw,zr1_zr1x_intextmec_raw:456-456,,B4Z,B4Z,Performance Traction Management,,1lz_r07=S; 3lz_r07=S; 1lz_r67=S; 3lz_r67=S,1lz_r07=standard; 3lz_r07=standard; 1lz_r67=standard; 3lz_r67=standard,opt_b4z_001,sec_stan_001,130,grand_sport:opt_b4z_001,opt_b4z_001,Performance Traction Management,,,sec_stan_001,False,130,,approved,True,
zr1x,zr1_zr1x_intextmec_raw,zr1_zr1x_intextmec_raw:456-456,,B4Z,B4Z,Performance Traction Management,,1lz_s07=S; 3lz_s07=S; 1lz_s67=S; 3lz_s67=S,1lz_s07=standard; 3lz_s07=standard; 1lz_s67=standard; 3lz_s67=standard,opt_b4z_001,sec_stan_001,130,grand_sport:opt_b4z_001,opt_b4z_001,Performance Traction Management,,,sec_stan_001,False,130,,approved,True,
z06,z06_intextmec_raw,z06_intextmec_raw:557-557,B6P,,B6P,"Coupe Engine Appearance Package, includes carbon fiber trim, (D3V) engine lighting and (SL9) engine specification plaque, LPO",,1lz_h07=A; 2lz_h07=A; 3lz_h07=A; 1lz_h67=--; 2lz_h67=--; 3lz_h67=--,1lz_h07=available; 2lz_h07=available; 3lz_h07=available; 1lz_h67=unavailable; 2lz_h67=unavailable; 3lz_h67=unavailable,opt_b6p_001,sec_engi_001,1,grand_sport:opt_b6p_001,opt_b6p_001,"Coupe Engine Appearance Package, includes carbon fiber trim, (D3V) engine lighting and (SL9) engine specification plaque, LPO",,,sec_engi_001,True,1,,approved,True,
zr1,zr1_zr1x_standard_raw,zr1_zr1x_standard_raw:101-101,,B6P,B6P,"Coupe Engine Appearance Package, includes carbon fiber trim and (SL9) engine specification plaque, LPO",,1lz_r07=S; 3lz_r07=S; 1lz_r67=--; 3lz_r67=--,1lz_r07=standard; 3lz_r07=standard; 1lz_r67=unavailable; 3lz_r67=unavailable,opt_b6p_001,,,,,,,,,,,,deferred,False,
zr1x,zr1_zr1x_standard_raw,zr1_zr1x_standard_raw:101-101,,B6P,B6P,"Coupe Engine Appearance Package, includes carbon fiber trim and (SL9) engine specification plaque, LPO",,1lz_s07=S; 3lz_s07=S; 1lz_s67=--; 3lz_s67=--,1lz_s07=standard; 3lz_s07=standard; 1lz_s67=unavailable; 3lz_s67=unavailable,opt_b6p_001,,,,,,,,,,,,deferred,False,
zr1,zr1_zr1x_intextmec_raw,zr1_zr1x_intextmec_raw:440-440,,B6P,B6P,"Coupe Engine Appearance Package, includes carbon fiber trim and (SL9) engine specification plaque, LPO",,1lz_r07=S; 3lz_r07=S; 1lz_r67=--; 3lz_r67=--,1lz_r07=standard; 3lz_r07=standard; 1lz_r67=unavailable; 3lz_r67=unavailable,opt_b6p_001,sec_engi_001,1,grand_sport:opt_b6p_001,opt_b6p_001,"Coupe Engine Appearance Package, includes carbon fiber trim and (SL9) engine specification plaque, LPO",,,sec_engi_001,False,1,,approved,True,
zr1x,zr1_zr1x_intextmec_raw,zr1_zr1x_intextmec_raw:440-440,,B6P,B6P,"Coupe Engine Appearance Package, includes carbon fiber trim and (SL9) engine specification plaque, LPO",,1lz_s07=S; 3lz_s07=S; 1lz_s67=--; 3lz_s67=--,1lz_s07=standard; 3lz_s07=standard; 1lz_s67=unavailable; 3lz_s67=unavailable,opt_b6p_001,sec_engi_001,1,grand_sport:opt_b6p_001,opt_b6p_001,"Coupe Engine Appearance Package, includes carbon fiber trim and (SL9) engine specification plaque, LPO",,,sec_engi_001,False,1,,approved,True,
z06,z06_intextmec_raw,z06_intextmec_raw:208-208,BAZ,,BAZ,"Stealth Interior Trim Package, dark finish aluminum trim",,1lz_h07=--; 2lz_h07=A; 3lz_h07=A; 1lz_h67=--; 2lz_h67=A; 3lz_h67=A,1lz_h07=unavailable; 2lz_h07=available; 3lz_h07=available; 1lz_h67=unavailable; 2lz_h67=available; 3lz_h67=available,opt_baz_001,sec_inte_001,20,grand_sport:opt_baz_001,opt_baz_001,"Stealth Interior Trim Package, dark finish aluminum trim",,,sec_inte_001,True,20,,approved,True,
zr1,zr1_zr1x_intextmec_raw,zr1_zr1x_intextmec_raw:202-202,BAZ,,BAZ,"Stealth Interior Trim Package, dark finish aluminum trim",,1lz_r07=--; 3lz_r07=A; 1lz_r67=--; 3lz_r67=A,1lz_r07=unavailable; 3lz_r07=available; 1lz_r67=unavailable; 3lz_r67=available,opt_baz_001,sec_inte_001,20,grand_sport:opt_baz_001,opt_baz_001,"Stealth Interior Trim Package, dark finish aluminum trim",,,sec_inte_001,True,20,,approved,True,
zr1x,zr1_zr1x_intextmec_raw,zr1_zr1x_intextmec_raw:202-202,BAZ,,BAZ,"Stealth Interior Trim Package, dark finish aluminum trim",,1lz_s07=--; 3lz_s07=A; 1lz_s67=--; 3lz_s67=A,1lz_s07=unavailable; 3lz_s07=available; 1lz_s67=unavailable; 3lz_s67=available,opt_baz_001,sec_inte_001,20,grand_sport:opt_baz_001,opt_baz_001,"Stealth Interior Trim Package, dark finish aluminum trim",,,sec_inte_001,True,20,,approved,True,
z06,z06_intextmec_raw,z06_intextmec_raw:559-563,BCW,,BCW,"Engine intake, Red","Includes (D3V) engine lighting.
Requires (ZZ3) Convertible Engine Appearance Package.",1lz_h07=A1; 2lz_h07=A1; 3lz_h07=A1; 1lz_h67=A2; 2lz_h67=A2; 3lz_h67=A2,1lz_h07=available; 2lz_h07=available; 3lz_h07=available; 1lz_h67=available; 2lz_h67=available; 3lz_h67=available,opt_bcw_001,sec_engi_001,20,,,,,,,,,,needs_section_review,False,
z06,z06_intextmec_raw,z06_intextmec_raw:120-123,BV4,,BV4,"Plaque, personalized, custom-made with your name or up to 24-character word or phrase limit and VIN",Available on SOLD orders only. (CFX) Personalized plaque is already included in (R8C) Corvette Museum Delivery.,1lz_h07=A1; 2lz_h07=A1; 3lz_h07=A1; 1lz_h67=A1; 2lz_h67=A1; 3lz_h67=A1,1lz_h07=available; 2lz_h07=available; 3lz_h07=available; 1lz_h67=available; 2lz_h67=available; 3lz_h67=available,opt_bv4_001,sec_cust_001,30,grand_sport:opt_bv4_001,opt_bv4_001,"Plaque, personalized, custom-made with your name or up to 24-character word or phrase limit and VIN",,Available on SOLD orders only. (CFX) Personalized plaque is already included in (R8C) Corvette Museum Delivery.,sec_cust_001,True,30,,approved,True,
zr1,zr1_zr1x_intextmec_raw,zr1_zr1x_intextmec_raw:120-123,BV4,,BV4,"Plaque, personalized, custom-made with your name or up to 24-character word or phrase limit and VIN",Available on SOLD orders only. (CFX) Personalized plaque is already included in (R8C) Corvette Museum Delivery.,1lz_r07=A1; 3lz_r07=A1; 1lz_r67=A1; 3lz_r67=A1,1lz_r07=available; 3lz_r07=available; 1lz_r67=available; 3lz_r67=available,opt_bv4_001,sec_cust_001,30,grand_sport:opt_bv4_001,opt_bv4_001,"Plaque, personalized, custom-made with your name or up to 24-character word or phrase limit and VIN",,Available on SOLD orders only. (CFX) Personalized plaque is already included in (R8C) Corvette Museum Delivery.,sec_cust_001,True,30,,approved,True,
zr1x,zr1_zr1x_intextmec_raw,zr1_zr1x_intextmec_raw:120-123,BV4,,BV4,"Plaque, personalized, custom-made with your name or up to 24-character word or phrase limit and VIN",Available on SOLD orders only. (CFX) Personalized plaque is already included in (R8C) Corvette Museum Delivery.,1lz_s07=A1; 3lz_s07=A1; 1lz_s67=A1; 3lz_s67=A1,1lz_s07=available; 3lz_s07=available; 1lz_s67=available; 3lz_s67=available,opt_bv4_001,sec_cust_001,30,grand_sport:opt_bv4_001,opt_bv4_001,"Plaque, personalized, custom-made with your name or up to 24-character word or phrase limit and VIN",,Available on SOLD orders only. (CFX) Personalized plaque is already included in (R8C) Corvette Museum Delivery.,sec_cust_001,True,30,,approved,True,
z06,z06_standard_raw,z06_standard_raw:93-93,C2Z,,C2Z,"Roof panel, visible carbon fiber with body-color surround, removable",,1lz_h07=A; 2lz_h07=A; 3lz_h07=A; 1lz_h67=--; 2lz_h67=--; 3lz_h67=--,1lz_h07=available; 2lz_h07=available; 3lz_h07=available; 1lz_h67=unavailable; 2lz_h67=unavailable; 3lz_h67=unavailable,opt_c2z_001,,,,,,,,,,,,deferred,False,
z06,z06_intextmec_raw,z06_intextmec_raw:429-429,C2Z,,C2Z,"Roof panel, visible carbon fiber with body-color surround, removable",,1lz_h07=A; 2lz_h07=A; 3lz_h07=A; 1lz_h67=--; 2lz_h67=--; 3lz_h67=--,1lz_h07=available; 2lz_h07=available; 3lz_h07=available; 1lz_h67=unavailable; 2lz_h67=unavailable; 3lz_h67=unavailable,opt_c2z_001,sec_roof_001,11,grand_sport:opt_c2z_001,opt_c2z_001,"Roof panel, visible carbon fiber with body-color surround, removable",,,sec_roof_001,True,11,,approved,True,
zr1,zr1_zr1x_standard_raw,zr1_zr1x_standard_raw:87-87,,C2Z,C2Z,"Roof panel, visible carbon fiber with body-color surround, removable",,1lz_r07=S; 3lz_r07=S; 1lz_r67=--; 3lz_r67=--,1lz_r07=standard; 3lz_r07=standard; 1lz_r67=unavailable; 3lz_r67=unavailable,opt_c2z_001,,,,,,,,,,,,deferred,False,
zr1x,zr1_zr1x_standard_raw,zr1_zr1x_standard_raw:87-87,,C2Z,C2Z,"Roof panel, visible carbon fiber with body-color surround, removable",,1lz_s07=S; 3lz_s07=S; 1lz_s67=--; 3lz_s67=--,1lz_s07=standard; 3lz_s07=standard; 1lz_s67=unavailable; 3lz_s67=unavailable,opt_c2z_001,,,,,,,,,,,,deferred,False,
zr1,zr1_zr1x_intextmec_raw,zr1_zr1x_intextmec_raw:339-339,,C2Z,C2Z,"Roof panel, visible carbon fiber with body-color surround, removable",,1lz_r07=S; 3lz_r07=S; 1lz_r67=--; 3lz_r67=--,1lz_r07=standard; 3lz_r07=standard; 1lz_r67=unavailable; 3lz_r67=unavailable,opt_c2z_001,sec_roof_001,11,grand_sport:opt_c2z_001,opt_c2z_001,"Roof panel, visible carbon fiber with body-color surround, removable",,,sec_roof_001,False,11,,approved,True,
zr1x,zr1_zr1x_intextmec_raw,zr1_zr1x_intextmec_raw:339-339,,C2Z,C2Z,"Roof panel, visible carbon fiber with body-color surround, removable",,1lz_s07=S; 3lz_s07=S; 1lz_s67=--; 3lz_s67=--,1lz_s07=standard; 3lz_s07=standard; 1lz_s67=unavailable; 3lz_s67=unavailable,opt_c2z_001,sec_roof_001,11,grand_sport:opt_c2z_001,opt_c2z_001,"Roof panel, visible carbon fiber with body-color surround, removable",,,sec_roof_001,False,11,,approved,True,
z06,z06_intextmec_raw,z06_intextmec_raw:52-55,CAV,,CAV,"LPO, Contoured cargo area liners with Jake logo, Genuine Corvette Accessory","Included with (PEF) Contoured Liner Protection Package, LPO.",1lz_h07=A/D1; 2lz_h07=A/D1; 3lz_h07=A/D1; 1lz_h67=A/D1; 2lz_h67=A/D1; 3lz_h67=A/D1,1lz_h07=available; 2lz_h07=available; 3lz_h07=available; 1lz_h67=available; 2lz_h67=available; 3lz_h67=available,opt_cav_001,sec_lpoi_001,32,grand_sport:opt_cav_001,opt_cav_001,"LPO, Contoured cargo area liners with Jake logo, Genuine Corvette Accessory",,"Included with (PEF) Contoured Liner Protection Package, LPO.",sec_lpoi_001,True,32,,approved,True,
zr1,zr1_zr1x_intextmec_raw,zr1_zr1x_intextmec_raw:52-55,CAV,,CAV,"LPO, Contoured cargo area liner with Jake logo, Genuine Corvette Accessory","Included with (PEF) Contoured Liner Protection Package, LPO.",1lz_r07=A/D1; 3lz_r07=A/D1; 1lz_r67=A/D1; 3lz_r67=A/D1,1lz_r07=available; 3lz_r07=available; 1lz_r67=available; 3lz_r67=available,opt_cav_001,sec_lpoi_001,32,grand_sport:opt_cav_001,opt_cav_001,"LPO, Contoured cargo area liner with Jake logo, Genuine Corvette Accessory",,"Included with (PEF) Contoured Liner Protection Package, LPO.",sec_lpoi_001,True,32,,approved,True,
zr1x,zr1_zr1x_intextmec_raw,zr1_zr1x_intextmec_raw:52-55,CAV,,CAV,"LPO, Contoured cargo area liner with Jake logo, Genuine Corvette Accessory","Included with (PEF) Contoured Liner Protection Package, LPO.",1lz_s07=A/D1; 3lz_s07=A/D1; 1lz_s67=A/D1; 3lz_s67=A/D1,1lz_s07=available; 3lz_s07=available; 1lz_s67=available; 3lz_s67=available,opt_cav_001,sec_lpoi_001,32,grand_sport:opt_cav_001,opt_cav_001,"LPO, Contoured cargo area liner with Jake logo, Genuine Corvette Accessory",,"Included with (PEF) Contoured Liner Protection Package, LPO.",sec_lpoi_001,True,32,,approved,True,
z06,z06_intextmec_raw,z06_intextmec_raw:279-282,CBF,,CBF,"Rockers and splitter, body-color","Not available with exterior color (GBA) Black, (EFY) body-color exterior accents or (CFV/CFZ) ground effects.",1lz_h07=A1; 2lz_h07=A1; 3lz_h07=A1; 1lz_h67=A1; 2lz_h67=A1; 3lz_h67=A1,1lz_h07=available; 2lz_h07=available; 3lz_h07=available; 1lz_h67=available; 2lz_h67=available; 3lz_h67=available,opt_cbf_001,,,,,,,,,,,,needs_section_review,False,
z06,z06_intextmec_raw,z06_intextmec_raw:428-428,CC3,,CC3,"Roof panel, transparent, removable",,1lz_h07=A; 2lz_h07=A; 3lz_h07=A; 1lz_h67=--; 2lz_h67=--; 3lz_h67=--,1lz_h07=available; 2lz_h07=available; 3lz_h07=available; 1lz_h67=unavailable; 2lz_h67=unavailable; 3lz_h67=unavailable,opt_cc3_001,sec_roof_001,12,grand_sport:opt_cc3_001,opt_cc3_001,"Roof panel, transparent, removable",,,sec_roof_001,True,12,,approved,True,
z06,z06_standard_raw,z06_standard_raw:91-91,,CF7,CF7,"Roof panel, body-color, removable",,1lz_h07=S; 2lz_h07=S; 3lz_h07=S; 1lz_h67=--; 2lz_h67=--; 3lz_h67=--,1lz_h07=standard; 2lz_h07=standard; 3lz_h07=standard; 1lz_h67=unavailable; 2lz_h67=unavailable; 3lz_h67=unavailable,opt_cf7_001,,,,,,,,,,,,deferred,False,
z06,z06_intextmec_raw,z06_intextmec_raw:427-427,,CF7,CF7,"Roof panel, body-color, removable",,1lz_h07=S; 2lz_h07=S; 3lz_h07=S; 1lz_h67=--; 2lz_h67=--; 3lz_h67=--,1lz_h07=standard; 2lz_h07=standard; 3lz_h07=standard; 1lz_h67=unavailable; 2lz_h67=unavailable; 3lz_h67=unavailable,opt_cf7_001,sec_roof_001,10,grand_sport:opt_cf7_001,opt_cf7_001,"Roof panel, body-color, removable",,,sec_roof_001,False,10,,approved,True,
z06,z06_intextmec_raw,z06_intextmec_raw:430-433,CF8,,CF8,"Roof panel, electrochromic dimming, removable","Not available at start of production. Not available with any Full Length Dual Racing Stripes (DPB, DPC, DPG, DPL, DPT, DSY, DSZ, DT0, DTB, DTH, DUB, DUE, DUK, DUW).",1lz_h07=--; 2lz_h07=A1; 3lz_h07=A1; 1lz_h67=--; 2lz_h67=--; 3lz_h67=--,1lz_h07=unavailable; 2lz_h07=available; 3lz_h07=available; 1lz_h67=unavailable; 2lz_h67=unavailable; 3lz_h67=unavailable,opt_cf8_001,sec_roof_001,50,grand_sport:opt_cf8_001,opt_cf8_001,"Roof panel, electrochromic dimming, removable",,"Not available at start of production. Not available with any Full Length Dual Racing Stripes (DPB, DPC, DPG, DPL, DPT, DSY, DSZ, DT0, DTB, DTH, DUB, DUE, DUK, DUW).",sec_roof_001,True,50,,approved,True,
zr1,zr1_zr1x_standard_raw,zr1_zr1x_standard_raw:75-75,,CFC,CFC,"Convertible top, retractable, power-folding hard top, visible carbon fiber, remote control (down only), includes power glass rear window with integral defogger; Nacelles, A-pillars, and header are Carbon-Flash painted (body-color when (GBA) Black exterior color is selected)",,1lz_r07=--; 3lz_r07=--; 1lz_r67=S; 3lz_r67=S,1lz_r07=unavailable; 3lz_r07=unavailable; 1lz_r67=standard; 3lz_r67=standard,opt_cfc_001,,,,,,,,,,,,deferred,False,
zr1x,zr1_zr1x_standard_raw,zr1_zr1x_standard_raw:75-75,,CFC,CFC,"Convertible top, retractable, power-folding hard top, visible carbon fiber, remote control (down only), includes power glass rear window with integral defogger; Nacelles, A-pillars, and header are Carbon-Flash painted (body-color when (GBA) Black exterior color is selected)",,1lz_s07=--; 3lz_s07=--; 1lz_s67=S; 3lz_s67=S,1lz_s07=unavailable; 3lz_s07=unavailable; 1lz_s67=standard; 3lz_s67=standard,opt_cfc_001,,,,,,,,,,,,deferred,False,
zr1,zr1_zr1x_intextmec_raw,zr1_zr1x_intextmec_raw:231-231,,CFC,CFC,"Convertible top, retractable, power-folding hard top, visible carbon fiber, remote control (down only), includes power glass rear window with integral defogger; Nacelles, A-pillars, and header are Carbon-Flash painted (body-color when (GBA) Black exterior color is selected)",,1lz_r07=--; 3lz_r07=--; 1lz_r67=S; 3lz_r67=S,1lz_r07=unavailable; 3lz_r07=unavailable; 1lz_r67=standard; 3lz_r67=standard,opt_cfc_002,sec_stan_001,,,,,,,,,,,needs_section_review,False,
zr1x,zr1_zr1x_intextmec_raw,zr1_zr1x_intextmec_raw:231-231,,CFC,CFC,"Convertible top, retractable, power-folding hard top, visible carbon fiber, remote control (down only), includes power glass rear window with integral defogger; Nacelles, A-pillars, and header are Carbon-Flash painted (body-color when (GBA) Black exterior color is selected)",,1lz_s07=--; 3lz_s07=--; 1lz_s67=S; 3lz_s67=S,1lz_s07=unavailable; 3lz_s07=unavailable; 1lz_s67=standard; 3lz_s67=standard,opt_cfc_002,sec_stan_001,,,,,,,,,,,needs_section_review,False,
z06,z06_intextmec_raw,z06_intextmec_raw:293-296,CFL,,CFL,"NEW!Ground effects, extended front splitter",Not available with (CFV/CFZ) ground effects.,1lz_h07=A1; 2lz_h07=A1; 3lz_h07=A1; 1lz_h67=A1; 2lz_h67=A1; 3lz_h67=A1,1lz_h07=available; 2lz_h07=available; 3lz_h07=available; 1lz_h67=available; 2lz_h67=available; 3lz_h67=available,opt_cfl_001,sec_perf_ground_001,30,grand_sport:opt_cfl_001,opt_cfl_001,"NEW!Ground effects, extended front splitter",,Not available with (CFV/CFZ) ground effects.,sec_perf_ground_001,True,30,,approved,True,
z06,z06_standard_raw,z06_standard_raw:83-86,CFV,,CFV,"Ground effects, visible carbon fiber",Included with (T0G) Visible Carbon Fiber Aero Package.,1lz_h07=A1; 2lz_h07=A1; 3lz_h07=A1; 1lz_h67=A1; 2lz_h67=A1; 3lz_h67=A1,1lz_h07=available; 2lz_h07=available; 3lz_h07=available; 1lz_h67=available; 2lz_h67=available; 3lz_h67=available,opt_cfv_001,,,,,,,,,,,,deferred,False,
zr1,zr1_zr1x_standard_raw,zr1_zr1x_standard_raw:82-82,,CFV,CFV,"Ground effects, visible carbon fiber",,1lz_r07=S; 3lz_r07=S; 1lz_r67=S; 3lz_r67=S,1lz_r07=standard; 3lz_r07=standard; 1lz_r67=standard; 3lz_r67=standard,opt_cfv_001,,,,,,,,,,,,deferred,False,
zr1x,zr1_zr1x_standard_raw,zr1_zr1x_standard_raw:82-82,,CFV,CFV,"Ground effects, visible carbon fiber",,1lz_s07=S; 3lz_s07=S; 1lz_s67=S; 3lz_s67=S,1lz_s07=standard; 3lz_s07=standard; 1lz_s67=standard; 3lz_s67=standard,opt_cfv_001,,,,,,,,,,,,deferred,False,
z06,z06_intextmec_raw,z06_intextmec_raw:289-292,CFV,,CFV,"Ground effects, visible carbon fiber",Included with (T0G) Visible Carbon Fiber Aero Package.,1lz_h07=A1; 2lz_h07=A1; 3lz_h07=A1; 1lz_h67=A1; 2lz_h67=A1; 3lz_h67=A1,1lz_h07=available; 2lz_h07=available; 3lz_h07=available; 1lz_h67=available; 2lz_h67=available; 3lz_h67=available,opt_cfv_002,sec_perf_ground_001,,,,,,,,,,,needs_section_review,False,
zr1,zr1_zr1x_intextmec_raw,zr1_zr1x_intextmec_raw:248-248,,CFV,CFV,"Ground effects, visible carbon fiber",,1lz_r07=S; 3lz_r07=S; 1lz_r67=S; 3lz_r67=S,1lz_r07=standard; 3lz_r07=standard; 1lz_r67=standard; 3lz_r67=standard,opt_cfv_002,sec_stan_001,,,,,,,,,,,needs_section_review,False,
zr1x,zr1_zr1x_intextmec_raw,zr1_zr1x_intextmec_raw:248-248,,CFV,CFV,"Ground effects, visible carbon fiber",,1lz_s07=S; 3lz_s07=S; 1lz_s67=S; 3lz_s67=S,1lz_s07=standard; 3lz_s07=standard; 1lz_s67=standard; 3lz_s67=standard,opt_cfv_002,sec_stan_001,,,,,,,,,,,needs_section_review,False,
z06,z06_intextmec_raw,z06_intextmec_raw:124-127,,CFX,CFX,"Plaque, personalized with Corvette Museum logo, your name and VIN",Included and only available with (R8C) Corvette Museum Delivery.,1lz_h07=A1; 2lz_h07=A1; 3lz_h07=A1; 1lz_h67=A1; 2lz_h67=A1; 3lz_h67=A1,1lz_h07=available; 2lz_h07=available; 3lz_h07=available; 1lz_h67=available; 2lz_h67=available; 3lz_h67=available,opt_cfx_001,sec_incl_001,30,grand_sport:opt_cfx_001,opt_cfx_001,"Plaque, personalized with Corvette Museum logo, your name and VIN",,Included and only available with (R8C) Corvette Museum Delivery.,sec_incl_001,True,30,,approved,True,
zr1,zr1_zr1x_intextmec_raw,zr1_zr1x_intextmec_raw:124-127,,CFX,CFX,"Plaque, personalized with Corvette Museum logo, your name and VIN",Included and only available with (R8C) Corvette Museum Delivery.,1lz_r07=A1; 3lz_r07=A1; 1lz_r67=A1; 3lz_r67=A1,1lz_r07=available; 3lz_r07=available; 1lz_r67=available; 3lz_r67=available,opt_cfx_001,sec_incl_001,30,grand_sport:opt_cfx_001,opt_cfx_001,"Plaque, personalized with Corvette Museum logo, your name and VIN",,Included and only available with (R8C) Corvette Museum Delivery.,sec_incl_001,True,30,,approved,True,
zr1x,zr1_zr1x_intextmec_raw,zr1_zr1x_intextmec_raw:124-127,,CFX,CFX,"Plaque, personalized with Corvette Museum logo, your name and VIN",Included and only available with (R8C) Corvette Museum Delivery.,1lz_s07=A1; 3lz_s07=A1; 1lz_s67=A1; 3lz_s67=A1,1lz_s07=available; 3lz_s07=available; 1lz_s67=available; 3lz_s67=available,opt_cfx_001,sec_incl_001,30,grand_sport:opt_cfx_001,opt_cfx_001,"Plaque, personalized with Corvette Museum logo, your name and VIN",,Included and only available with (R8C) Corvette Museum Delivery.,sec_incl_001,True,30,,approved,True,
z06,z06_intextmec_raw,z06_intextmec_raw:285-288,CFZ,,CFZ,"Ground effects, carbon fiber, Carbon Flash-painted",Included with (T0F) Carbon Flash-painted Carbon Fiber Aero Package.,1lz_h07=A1; 2lz_h07=A1; 3lz_h07=A1; 1lz_h67=A1; 2lz_h67=A1; 3lz_h67=A1,1lz_h07=available; 2lz_h07=available; 3lz_h07=available; 1lz_h67=available; 2lz_h67=available; 3lz_h67=available,opt_cfz_001,sec_perf_ground_001,35,grand_sport:opt_cfz_001,opt_cfz_001,"Ground effects, carbon fiber, Carbon Flash-painted",,Included with (T0F) Carbon Flash-painted Carbon Fiber Aero Package.,sec_perf_ground_001,True,35,,approved,True,
z06,z06_standard_raw,z06_standard_raw:14-14,,CJ2,CJ2,"Air conditioning, dual-zone automatic climate control, individual climate settings for driver and passenger, with outside temperature display",,1lz_h07=S; 2lz_h07=S; 3lz_h07=S; 1lz_h67=S; 2lz_h67=S; 3lz_h67=S,1lz_h07=standard; 2lz_h07=standard; 3lz_h07=standard; 1lz_h67=standard; 2lz_h67=standard; 3lz_h67=standard,opt_cj2_001,,,,,,,,,,,,deferred,False,
z06,z06_intextmec_raw,z06_intextmec_raw:14-14,,CJ2,CJ2,"Air conditioning, dual-zone automatic climate control, individual climate settings for driver and passenger, with outside temperature display",,1lz_h07=S; 2lz_h07=S; 3lz_h07=S; 1lz_h67=S; 2lz_h67=S; 3lz_h67=S,1lz_h07=standard; 2lz_h07=standard; 3lz_h07=standard; 1lz_h67=standard; 2lz_h67=standard; 3lz_h67=standard,opt_cj2_001,sec_stan_001,10,grand_sport:opt_cj2_001,opt_cj2_001,"Air conditioning, dual-zone automatic climate control, individual climate settings for driver and passenger, with outside temperature display",,,sec_stan_001,False,10,,approved,True,
zr1,zr1_zr1x_standard_raw,zr1_zr1x_standard_raw:14-14,,CJ2,CJ2,"Air conditioning, dual-zone automatic climate control, individual climate settings for driver and passenger, with outside temperature display",,1lz_r07=S; 3lz_r07=S; 1lz_r67=S; 3lz_r67=S,1lz_r07=standard; 3lz_r07=standard; 1lz_r67=standard; 3lz_r67=standard,opt_cj2_001,,,,,,,,,,,,deferred,False,
zr1x,zr1_zr1x_standard_raw,zr1_zr1x_standard_raw:14-14,,CJ2,CJ2,"Air conditioning, dual-zone automatic climate control, individual climate settings for driver and passenger, with outside temperature display",,1lz_s07=S; 3lz_s07=S; 1lz_s67=S; 3lz_s67=S,1lz_s07=standard; 3lz_s07=standard; 1lz_s67=standard; 3lz_s67=standard,opt_cj2_001,,,,,,,,,,,,deferred,False,
zr1,zr1_zr1x_intextmec_raw,zr1_zr1x_intextmec_raw:14-14,,CJ2,CJ2,"Air conditioning, dual-zone automatic climate control, individual climate settings for driver and passenger, with outside temperature display",,1lz_r07=S; 3lz_r07=S; 1lz_r67=S; 3lz_r67=S,1lz_r07=standard; 3lz_r07=standard; 1lz_r67=standard; 3lz_r67=standard,opt_cj2_001,sec_stan_001,10,grand_sport:opt_cj2_001,opt_cj2_001,"Air conditioning, dual-zone automatic climate control, individual climate settings for driver and passenger, with outside temperature display",,,sec_stan_001,False,10,,approved,True,
zr1x,zr1_zr1x_intextmec_raw,zr1_zr1x_intextmec_raw:14-14,,CJ2,CJ2,"Air conditioning, dual-zone automatic climate control, individual climate settings for driver and passenger, with outside temperature display",,1lz_s07=S; 3lz_s07=S; 1lz_s67=S; 3lz_s67=S,1lz_s07=standard; 3lz_s07=standard; 1lz_s67=standard; 3lz_s67=standard,opt_cj2_001,sec_stan_001,10,grand_sport:opt_cj2_001,opt_cj2_001,"Air conditioning, dual-zone automatic climate control, individual climate settings for driver and passenger, with outside temperature display",,,sec_stan_001,False,10,,approved,True,
z06,z06_standard_raw,z06_standard_raw:75-75,,CM9,CM9,"Convertible top, retractable, power-folding hard top, painted body-color roof, remote control (down only), includes power glass rear window with integral defogger",,1lz_h07=--; 2lz_h07=--; 3lz_h07=--; 1lz_h67=S; 2lz_h67=S; 3lz_h67=S,1lz_h07=unavailable; 2lz_h07=unavailable; 3lz_h07=unavailable; 1lz_h67=standard; 2lz_h67=standard; 3lz_h67=standard,opt_cm9_001,,,,,,,,,,,,deferred,False,
z06,z06_intextmec_raw,z06_intextmec_raw:246-246,,CM9,CM9,"Convertible top, retractable, power-folding hard top, painted body-color roof, remote control (down only), includes power glass rear window with integral defogger",,1lz_h07=--; 2lz_h07=--; 3lz_h07=--; 1lz_h67=S; 2lz_h67=S; 3lz_h67=S,1lz_h07=unavailable; 2lz_h07=unavailable; 3lz_h07=unavailable; 1lz_h67=standard; 2lz_h67=standard; 3lz_h67=standard,opt_cm9_001,sec_roof_001,20,grand_sport:opt_cm9_001,opt_cm9_001,"Convertible top, retractable, power-folding hard top, painted body-color roof, remote control (down only), includes power glass rear window with integral defogger",,,sec_roof_001,False,20,,approved,True,
z06,z06_intextmec_raw,z06_intextmec_raw:28-31,D30,,D30,"Color Combination Override, provides the opportunity to individualize vehicle appearance by overriding recommended restrictions to exterior, interior and seat belt color combinations","To be used exclusively to override exterior, interior and seat belt color combinations. SOLD orders only. Color Combination Override is available at an additional charge.",1lz_h07=A1; 2lz_h07=A1; 3lz_h07=A1; 1lz_h67=A1; 2lz_h67=A1; 3lz_h67=A1,1lz_h07=available; 2lz_h07=available; 3lz_h07=available; 1lz_h67=available; 2lz_h67=available; 3lz_h67=available,opt_d30_001,sec_colo_001,10,grand_sport:opt_d30_001,opt_d30_001,"Color Combination Override, provides the opportunity to individualize vehicle appearance by overriding recommended restrictions to exterior, interior and seat belt color combinations",,"To be used exclusively to override exterior, interior and seat belt color combinations. SOLD orders only. Color Combination Override is available at an additional charge.",sec_colo_001,True,10,auto_only,approved,True,
zr1,zr1_zr1x_intextmec_raw,zr1_zr1x_intextmec_raw:28-31,D30,,D30,"Color Combination Override, provides the opportunity to individualize vehicle appearance by overriding recommended restrictions to exterior, interior and seat belt color combinations","To be used exclusively to override exterior, interior and seat belt color combinations. SOLD orders only. Color Combination Override is available at an additional charge.",1lz_r07=A1; 3lz_r07=A1; 1lz_r67=A1; 3lz_r67=A1,1lz_r07=available; 3lz_r07=available; 1lz_r67=available; 3lz_r67=available,opt_d30_001,sec_colo_001,10,grand_sport:opt_d30_001,opt_d30_001,"Color Combination Override, provides the opportunity to individualize vehicle appearance by overriding recommended restrictions to exterior, interior and seat belt color combinations",,"To be used exclusively to override exterior, interior and seat belt color combinations. SOLD orders only. Color Combination Override is available at an additional charge.",sec_colo_001,True,10,auto_only,approved,True,
zr1x,zr1_zr1x_intextmec_raw,zr1_zr1x_intextmec_raw:28-31,D30,,D30,"Color Combination Override, provides the opportunity to individualize vehicle appearance by overriding recommended restrictions to exterior, interior and seat belt color combinations","To be used exclusively to override exterior, interior and seat belt color combinations. SOLD orders only. Color Combination Override is available at an additional charge.",1lz_s07=A1; 3lz_s07=A1; 1lz_s67=A1; 3lz_s67=A1,1lz_s07=available; 3lz_s07=available; 1lz_s67=available; 3lz_s67=available,opt_d30_001,sec_colo_001,10,grand_sport:opt_d30_001,opt_d30_001,"Color Combination Override, provides the opportunity to individualize vehicle appearance by overriding recommended restrictions to exterior, interior and seat belt color combinations",,"To be used exclusively to override exterior, interior and seat belt color combinations. SOLD orders only. Color Combination Override is available at an additional charge.",sec_colo_001,True,10,auto_only,approved,True,
z06,z06_standard_raw,z06_standard_raw:106-109,D3V,,D3V,Engine lighting,Included with (B6P) Coupe Engine Appearance Package or (BCW) Red engine intake.,1lz_h07=A1; 2lz_h07=A1; 3lz_h07=A1; 1lz_h67=--; 2lz_h67=--; 3lz_h67=--,1lz_h07=available; 2lz_h07=available; 3lz_h07=available; 1lz_h67=unavailable; 2lz_h67=unavailable; 3lz_h67=unavailable,opt_d3v_001,,,,,,,,,,,,deferred,False,
z06,z06_intextmec_raw,z06_intextmec_raw:564-567,D3V,,D3V,Engine lighting,Included with (B6P) Coupe Engine Appearance Package or (BCW) Red engine intake.,1lz_h07=A1; 2lz_h07=A1; 3lz_h07=A1; 1lz_h67=--; 2lz_h67=--; 3lz_h67=--,1lz_h07=available; 2lz_h07=available; 3lz_h07=available; 1lz_h67=unavailable; 2lz_h67=unavailable; 3lz_h67=unavailable,opt_d3v_001,sec_engi_001,10,grand_sport:opt_d3v_001,opt_d3v_001,Engine lighting,,Included with (B6P) Coupe Engine Appearance Package or (BCW) Red engine intake.,sec_engi_001,True,10,,approved,True,
zr1,zr1_zr1x_standard_raw,zr1_zr1x_standard_raw:103-103,,D3V,D3V,Engine lighting,,1lz_r07=S; 3lz_r07=S; 1lz_r67=--; 3lz_r67=--,1lz_r07=standard; 3lz_r07=standard; 1lz_r67=unavailable; 3lz_r67=unavailable,opt_d3v_001,,,,,,,,,,,,deferred,False,
zr1x,zr1_zr1x_standard_raw,zr1_zr1x_standard_raw:103-103,,D3V,D3V,Engine lighting,,1lz_s07=S; 3lz_s07=S; 1lz_s67=--; 3lz_s67=--,1lz_s07=standard; 3lz_s07=standard; 1lz_s67=unavailable; 3lz_s67=unavailable,opt_d3v_001,,,,,,,,,,,,deferred,False,
zr1,zr1_zr1x_intextmec_raw,zr1_zr1x_intextmec_raw:442-442,,D3V,D3V,Engine lighting,,1lz_r07=S; 3lz_r07=S; 1lz_r67=--; 3lz_r67=--,1lz_r07=standard; 3lz_r07=standard; 1lz_r67=unavailable; 3lz_r67=unavailable,opt_d3v_001,sec_engi_001,10,grand_sport:opt_d3v_001,opt_d3v_001,Engine lighting,,,sec_engi_001,False,10,,approved,True,
zr1x,zr1_zr1x_intextmec_raw,zr1_zr1x_intextmec_raw:442-442,,D3V,D3V,Engine lighting,,1lz_s07=S; 3lz_s07=S; 1lz_s67=--; 3lz_s67=--,1lz_s07=standard; 3lz_s07=standard; 1lz_s67=unavailable; 3lz_s67=unavailable,opt_d3v_001,sec_engi_001,10,grand_sport:opt_d3v_001,opt_d3v_001,Engine lighting,,,sec_engi_001,False,10,,approved,True,
z06,z06_intextmec_raw,z06_intextmec_raw:247-250,D84,,D84,"Convertible top, Carbon Flash-painted nacelles and roof",Not available with exterior color (GBA) Black.,1lz_h07=--; 2lz_h07=--; 3lz_h07=--; 1lz_h67=A1; 2lz_h67=A1; 3lz_h67=A1,1lz_h07=unavailable; 2lz_h07=unavailable; 3lz_h07=unavailable; 1lz_h67=available; 2lz_h67=available; 3lz_h67=available,opt_d84_001,sec_roof_001,60,grand_sport:opt_d84_001,opt_d84_001,"Convertible top, Carbon Flash-painted nacelles and roof",,Not available with exterior color (GBA) Black.,sec_roof_001,True,60,,approved,True,
z06,z06_intextmec_raw,z06_intextmec_raw:251-254,D86,,D86,"Convertible top, Carbon Flash-painted nacelles and body-color roof",Not available with exterior color (GBA) Black.,1lz_h07=--; 2lz_h07=--; 3lz_h07=--; 1lz_h67=A1; 2lz_h67=A1; 3lz_h67=A1,1lz_h07=unavailable; 2lz_h07=unavailable; 3lz_h07=unavailable; 1lz_h67=available; 2lz_h67=available; 3lz_h67=available,opt_d86_001,sec_roof_001,70,grand_sport:opt_d86_001,opt_d86_001,"Convertible top, Carbon Flash-painted nacelles and body-color roof",,Not available with exterior color (GBA) Black.,sec_roof_001,True,70,,approved,True,
z06,z06_intextmec_raw,z06_intextmec_raw:446-449,DPB,,DPB,Carbon Flash with Blue accent Full Length Dual Racing Stripes,Not available with exterior color (GTR) Admiral Blue Metallic.,1lz_h07=A1; 2lz_h07=A1; 3lz_h07=A1; 1lz_h67=A1; 2lz_h67=A1; 3lz_h67=A1,1lz_h07=available; 2lz_h07=available; 3lz_h07=available; 1lz_h67=available; 2lz_h67=available; 3lz_h67=available,opt_dpb_001,sec_stri_001,70,grand_sport:opt_dpb_001,opt_dpb_001,Carbon Flash with Blue accent Full Length Dual Racing Stripes,,Not available with exterior color (GTR) Admiral Blue Metallic.,sec_stri_001,True,70,,approved,True,
zr1,zr1_zr1x_intextmec_raw,zr1_zr1x_intextmec_raw:352-355,DPB,,DPB,Carbon Flash with Blue accent Full Length Dual Racing Stripes,Not available with exterior color (GTR) Admiral Blue Metallic.,1lz_r07=A1; 3lz_r07=A1; 1lz_r67=A1; 3lz_r67=A1,1lz_r07=available; 3lz_r07=available; 1lz_r67=available; 3lz_r67=available,opt_dpb_001,sec_stri_001,70,grand_sport:opt_dpb_001,opt_dpb_001,Carbon Flash with Blue accent Full Length Dual Racing Stripes,,Not available with exterior color (GTR) Admiral Blue Metallic.,sec_stri_001,True,70,,approved,True,
zr1x,zr1_zr1x_intextmec_raw,zr1_zr1x_intextmec_raw:352-355,DPB,,DPB,Carbon Flash with Blue accent Full Length Dual Racing Stripes,Not available with exterior color (GTR) Admiral Blue Metallic.,1lz_s07=A1; 3lz_s07=A1; 1lz_s67=A1; 3lz_s67=A1,1lz_s07=available; 3lz_s07=available; 1lz_s67=available; 3lz_s67=available,opt_dpb_001,sec_stri_001,70,grand_sport:opt_dpb_001,opt_dpb_001,Carbon Flash with Blue accent Full Length Dual Racing Stripes,,Not available with exterior color (GTR) Admiral Blue Metallic.,sec_stri_001,True,70,,approved,True,
z06,z06_intextmec_raw,z06_intextmec_raw:450-453,DPC,,DPC,Carbon Flash with Yellow accent Full Length Dual Racing Stripes,Not available with exterior color (GBK) Competition Yellow Tintcoat Metallic.,1lz_h07=A1; 2lz_h07=A1; 3lz_h07=A1; 1lz_h67=A1; 2lz_h67=A1; 3lz_h67=A1,1lz_h07=available; 2lz_h07=available; 3lz_h07=available; 1lz_h67=available; 2lz_h67=available; 3lz_h67=available,opt_dpc_001,sec_stri_001,110,grand_sport:opt_dpc_001,opt_dpc_001,Carbon Flash with Yellow accent Full Length Dual Racing Stripes,,Not available with exterior color (GBK) Competition Yellow Tintcoat Metallic.,sec_stri_001,True,110,,approved,True,
zr1,zr1_zr1x_intextmec_raw,zr1_zr1x_intextmec_raw:356-359,DPC,,DPC,Carbon Flash with Yellow accent Full Length Dual Racing Stripes,Not available with exterior color (GBK) Competition Yellow Tintcoat Metallic.,1lz_r07=A1; 3lz_r07=A1; 1lz_r67=A1; 3lz_r67=A1,1lz_r07=available; 3lz_r07=available; 1lz_r67=available; 3lz_r67=available,opt_dpc_001,sec_stri_001,110,grand_sport:opt_dpc_001,opt_dpc_001,Carbon Flash with Yellow accent Full Length Dual Racing Stripes,,Not available with exterior color (GBK) Competition Yellow Tintcoat Metallic.,sec_stri_001,True,110,,approved,True,
zr1x,zr1_zr1x_intextmec_raw,zr1_zr1x_intextmec_raw:356-359,DPC,,DPC,Carbon Flash with Yellow accent Full Length Dual Racing Stripes,Not available with exterior color (GBK) Competition Yellow Tintcoat Metallic.,1lz_s07=A1; 3lz_s07=A1; 1lz_s67=A1; 3lz_s67=A1,1lz_s07=available; 3lz_s07=available; 1lz_s67=available; 3lz_s67=available,opt_dpc_001,sec_stri_001,110,grand_sport:opt_dpc_001,opt_dpc_001,Carbon Flash with Yellow accent Full Length Dual Racing Stripes,,Not available with exterior color (GBK) Competition Yellow Tintcoat Metallic.,sec_stri_001,True,110,,approved,True,
z06,z06_intextmec_raw,z06_intextmec_raw:454-457,DPG,,DPG,Carbon Flash with Orange accent Full Length Dual Racing Stripes,Not available with exterior color (G26) Sebring Orange Tintcoat.,1lz_h07=A1; 2lz_h07=A1; 3lz_h07=A1; 1lz_h67=A1; 2lz_h67=A1; 3lz_h67=A1,1lz_h07=available; 2lz_h07=available; 3lz_h07=available; 1lz_h67=available; 2lz_h67=available; 3lz_h67=available,opt_dpg_001,sec_stri_001,80,grand_sport:opt_dpg_001,opt_dpg_001,Carbon Flash with Orange accent Full Length Dual Racing Stripes,,Not available with exterior color (G26) Sebring Orange Tintcoat.,sec_stri_001,True,80,,approved,True,
zr1,zr1_zr1x_intextmec_raw,zr1_zr1x_intextmec_raw:360-363,DPG,,DPG,Carbon Flash with Orange accent Full Length Dual Racing Stripes,Not available with exterior color (G26) Sebring Orange Tintcoat.,1lz_r07=A1; 3lz_r07=A1; 1lz_r67=A1; 3lz_r67=A1,1lz_r07=available; 3lz_r07=available; 1lz_r67=available; 3lz_r67=available,opt_dpg_001,sec_stri_001,80,grand_sport:opt_dpg_001,opt_dpg_001,Carbon Flash with Orange accent Full Length Dual Racing Stripes,,Not available with exterior color (G26) Sebring Orange Tintcoat.,sec_stri_001,True,80,,approved,True,
zr1x,zr1_zr1x_intextmec_raw,zr1_zr1x_intextmec_raw:360-363,DPG,,DPG,Carbon Flash with Orange accent Full Length Dual Racing Stripes,Not available with exterior color (G26) Sebring Orange Tintcoat.,1lz_s07=A1; 3lz_s07=A1; 1lz_s67=A1; 3lz_s67=A1,1lz_s07=available; 3lz_s07=available; 1lz_s67=available; 3lz_s67=available,opt_dpg_001,sec_stri_001,80,grand_sport:opt_dpg_001,opt_dpg_001,Carbon Flash with Orange accent Full Length Dual Racing Stripes,,Not available with exterior color (G26) Sebring Orange Tintcoat.,sec_stri_001,True,80,,approved,True,
z06,z06_intextmec_raw,z06_intextmec_raw:458-461,DPL,,DPL,Carbon Flash with Red accent Full Length Dual Racing Stripes,Not available with exterior color (GKZ) Torch Red or (GPH) Red Mist Metallic Tintcoat.,1lz_h07=A1; 2lz_h07=A1; 3lz_h07=A1; 1lz_h67=A1; 2lz_h67=A1; 3lz_h67=A1,1lz_h07=available; 2lz_h07=available; 3lz_h07=available; 1lz_h67=available; 2lz_h67=available; 3lz_h67=available,opt_dpl_001,sec_stri_001,90,grand_sport:opt_dpl_001,opt_dpl_001,Carbon Flash with Red accent Full Length Dual Racing Stripes,,Not available with exterior color (GKZ) Torch Red or (GPH) Red Mist Metallic Tintcoat.,sec_stri_001,True,90,,approved,True,
zr1,zr1_zr1x_intextmec_raw,zr1_zr1x_intextmec_raw:364-367,DPL,,DPL,Carbon Flash with Red accent Full Length Dual Racing Stripes,Not available with exterior color (GKZ) Torch Red or (GPH) Red Mist Metallic Tintcoat.,1lz_r07=A1; 3lz_r07=A1; 1lz_r67=A1; 3lz_r67=A1,1lz_r07=available; 3lz_r07=available; 1lz_r67=available; 3lz_r67=available,opt_dpl_001,sec_stri_001,90,grand_sport:opt_dpl_001,opt_dpl_001,Carbon Flash with Red accent Full Length Dual Racing Stripes,,Not available with exterior color (GKZ) Torch Red or (GPH) Red Mist Metallic Tintcoat.,sec_stri_001,True,90,,approved,True,
zr1x,zr1_zr1x_intextmec_raw,zr1_zr1x_intextmec_raw:364-367,DPL,,DPL,Carbon Flash with Red accent Full Length Dual Racing Stripes,Not available with exterior color (GKZ) Torch Red or (GPH) Red Mist Metallic Tintcoat.,1lz_s07=A1; 3lz_s07=A1; 1lz_s67=A1; 3lz_s67=A1,1lz_s07=available; 3lz_s07=available; 1lz_s67=available; 3lz_s67=available,opt_dpl_001,sec_stri_001,90,grand_sport:opt_dpl_001,opt_dpl_001,Carbon Flash with Red accent Full Length Dual Racing Stripes,,Not available with exterior color (GKZ) Torch Red or (GPH) Red Mist Metallic Tintcoat.,sec_stri_001,True,90,,approved,True,
z06,z06_intextmec_raw,z06_intextmec_raw:462-462,DPT,,DPT,Carbon Flash with Silver accent Full Length Dual Racing Stripes,,1lz_h07=A; 2lz_h07=A; 3lz_h07=A; 1lz_h67=A; 2lz_h67=A; 3lz_h67=A,1lz_h07=available; 2lz_h07=available; 3lz_h07=available; 1lz_h67=available; 2lz_h67=available; 3lz_h67=available,opt_dpt_001,sec_stri_001,100,grand_sport:opt_dpt_001,opt_dpt_001,Carbon Flash with Silver accent Full Length Dual Racing Stripes,,,sec_stri_001,True,100,,approved,True,
zr1,zr1_zr1x_intextmec_raw,zr1_zr1x_intextmec_raw:368-368,DPT,,DPT,Carbon Flash with Silver accent Full Length Dual Racing Stripes,,1lz_r07=A; 3lz_r07=A; 1lz_r67=A; 3lz_r67=A,1lz_r07=available; 3lz_r07=available; 1lz_r67=available; 3lz_r67=available,opt_dpt_001,sec_stri_001,100,grand_sport:opt_dpt_001,opt_dpt_001,Carbon Flash with Silver accent Full Length Dual Racing Stripes,,,sec_stri_001,True,100,,approved,True,
zr1x,zr1_zr1x_intextmec_raw,zr1_zr1x_intextmec_raw:368-368,DPT,,DPT,Carbon Flash with Silver accent Full Length Dual Racing Stripes,,1lz_s07=A; 3lz_s07=A; 1lz_s67=A; 3lz_s67=A,1lz_s07=available; 3lz_s07=available; 1lz_s67=available; 3lz_s67=available,opt_dpt_001,sec_stri_001,100,grand_sport:opt_dpt_001,opt_dpt_001,Carbon Flash with Silver accent Full Length Dual Racing Stripes,,,sec_stri_001,True,100,,approved,True,
z06,z06_intextmec_raw,z06_intextmec_raw:421-424,,DRG,DRG,"Mirrors, outside, Carbon Flash Metallic-painted","Included and only available with (ZYC) Carbon Flash Metallic-painted outside mirrors and spoiler (when equipped) or (5JR) outside mirror covers in visible Carbon Fiber, LPO.",1lz_h07=A1; 2lz_h07=A1; 3lz_h07=A1; 1lz_h67=A1; 2lz_h67=A1; 3lz_h67=A1,1lz_h07=available; 2lz_h07=available; 3lz_h07=available; 1lz_h67=available; 2lz_h67=available; 3lz_h67=available,opt_drg_001,sec_incl_001,10,grand_sport:opt_drg_001,opt_drg_001,"Mirrors, outside, Carbon Flash Metallic-painted",,"Included and only available with (ZYC) Carbon Flash Metallic-painted outside mirrors and spoiler (when equipped) or (5JR) outside mirror covers in visible Carbon Fiber, LPO.",sec_incl_001,True,10,,approved,True,
zr1,zr1_zr1x_intextmec_raw,zr1_zr1x_intextmec_raw:333-336,,DRG,DRG,"Mirrors, outside, Carbon Flash Metallic-painted","Included and only available with (ZYC) Carbon Flash Metallic-painted outside mirrors and spoiler (when equipped) or (5JR) outside mirror covers in visible Carbon Fiber, LPO.",1lz_r07=A1; 3lz_r07=A1; 1lz_r67=A1; 3lz_r67=A1,1lz_r07=available; 3lz_r07=available; 1lz_r67=available; 3lz_r67=available,opt_drg_001,sec_incl_001,10,grand_sport:opt_drg_001,opt_drg_001,"Mirrors, outside, Carbon Flash Metallic-painted",,"Included and only available with (ZYC) Carbon Flash Metallic-painted outside mirrors and spoiler (when equipped) or (5JR) outside mirror covers in visible Carbon Fiber, LPO.",sec_incl_001,True,10,,approved,True,
zr1x,zr1_zr1x_intextmec_raw,zr1_zr1x_intextmec_raw:333-336,,DRG,DRG,"Mirrors, outside, Carbon Flash Metallic-painted","Included and only available with (ZYC) Carbon Flash Metallic-painted outside mirrors and spoiler (when equipped) or (5JR) outside mirror covers in visible Carbon Fiber, LPO.",1lz_s07=A1; 3lz_s07=A1; 1lz_s67=A1; 3lz_s67=A1,1lz_s07=available; 3lz_s07=available; 1lz_s67=available; 3lz_s67=available,opt_drg_001,sec_incl_001,10,grand_sport:opt_drg_001,opt_drg_001,"Mirrors, outside, Carbon Flash Metallic-painted",,"Included and only available with (ZYC) Carbon Flash Metallic-painted outside mirrors and spoiler (when equipped) or (5JR) outside mirror covers in visible Carbon Fiber, LPO.",sec_incl_001,True,10,,approved,True,
z06,z06_standard_raw,z06_standard_raw:34-34,,DRZ,DRZ,"Rear Camera Mirror, inside rearview auto-dimming with full camera display",,1lz_h07=S; 2lz_h07=S; 3lz_h07=S; 1lz_h67=S; 2lz_h67=S; 3lz_h67=S,1lz_h07=standard; 2lz_h07=standard; 3lz_h07=standard; 1lz_h67=standard; 2lz_h67=standard; 3lz_h67=standard,opt_drz_001,,,,,,,,,,,,deferred,False,
z06,z06_intextmec_raw,z06_intextmec_raw:82-82,,DRZ,DRZ,"Rear Camera Mirror, inside rearview auto-dimming with full camera display",,1lz_h07=S; 2lz_h07=S; 3lz_h07=S; 1lz_h67=S; 2lz_h67=S; 3lz_h67=S,1lz_h07=standard; 2lz_h07=standard; 3lz_h07=standard; 1lz_h67=standard; 2lz_h67=standard; 3lz_h67=standard,opt_drz_001,sec_safe_001,70,grand_sport:opt_drz_001,opt_drz_001,"Rear Camera Mirror, inside rearview auto-dimming with full camera display",,,sec_safe_001,False,70,,approved,True,
zr1,zr1_zr1x_standard_raw,zr1_zr1x_standard_raw:34-34,,DRZ,DRZ,"Rear Camera Mirror, inside rearview auto-dimming with full camera display",,1lz_r07=S; 3lz_r07=S; 1lz_r67=S; 3lz_r67=S,1lz_r07=standard; 3lz_r07=standard; 1lz_r67=standard; 3lz_r67=standard,opt_drz_001,,,,,,,,,,,,deferred,False,
zr1x,zr1_zr1x_standard_raw,zr1_zr1x_standard_raw:34-34,,DRZ,DRZ,"Rear Camera Mirror, inside rearview auto-dimming with full camera display",,1lz_s07=S; 3lz_s07=S; 1lz_s67=S; 3lz_s67=S,1lz_s07=standard; 3lz_s07=standard; 1lz_s67=standard; 3lz_s67=standard,opt_drz_001,,,,,,,,,,,,deferred,False,
zr1,zr1_zr1x_intextmec_raw,zr1_zr1x_intextmec_raw:82-82,,DRZ,DRZ,"Rear Camera Mirror, inside rearview auto-dimming with full camera display",,1lz_r07=S; 3lz_r07=S; 1lz_r67=S; 3lz_r67=S,1lz_r07=standard; 3lz_r07=standard; 1lz_r67=standard; 3lz_r67=standard,opt_drz_001,sec_safe_001,70,grand_sport:opt_drz_001,opt_drz_001,"Rear Camera Mirror, inside rearview auto-dimming with full camera display",,,sec_safe_001,False,70,,approved,True,
zr1x,zr1_zr1x_intextmec_raw,zr1_zr1x_intextmec_raw:82-82,,DRZ,DRZ,"Rear Camera Mirror, inside rearview auto-dimming with full camera display",,1lz_s07=S; 3lz_s07=S; 1lz_s67=S; 3lz_s67=S,1lz_s07=standard; 3lz_s07=standard; 1lz_s67=standard; 3lz_s67=standard,opt_drz_001,sec_safe_001,70,grand_sport:opt_drz_001,opt_drz_001,"Rear Camera Mirror, inside rearview auto-dimming with full camera display",,,sec_safe_001,False,70,,approved,True,
z06,z06_intextmec_raw,z06_intextmec_raw:468-471,DSY,,DSY,Edge Orange Full Length Dual Racing Stripes,Not available with exterior color (G26) Sebring Orange Tintcoat.,1lz_h07=A1; 2lz_h07=A1; 3lz_h07=A1; 1lz_h67=A1; 2lz_h67=A1; 3lz_h67=A1,1lz_h07=available; 2lz_h07=available; 3lz_h07=available; 1lz_h67=available; 2lz_h67=available; 3lz_h67=available,opt_dsy_001,sec_stri_001,50,grand_sport:opt_dsy_001,opt_dsy_001,Edge Orange Full Length Dual Racing Stripes,,Not available with exterior color (G26) Sebring Orange Tintcoat.,sec_stri_001,True,50,,approved,True,
zr1,zr1_zr1x_intextmec_raw,zr1_zr1x_intextmec_raw:378-381,DSY,,DSY,Edge Orange Full Length Dual Racing Stripes,Not available with exterior color (G26) Sebring Orange Tintcoat.,1lz_r07=A1; 3lz_r07=A1; 1lz_r67=A1; 3lz_r67=A1,1lz_r07=available; 3lz_r07=available; 1lz_r67=available; 3lz_r67=available,opt_dsy_001,sec_stri_001,50,grand_sport:opt_dsy_001,opt_dsy_001,Edge Orange Full Length Dual Racing Stripes,,Not available with exterior color (G26) Sebring Orange Tintcoat.,sec_stri_001,True,50,,approved,True,
zr1x,zr1_zr1x_intextmec_raw,zr1_zr1x_intextmec_raw:378-381,DSY,,DSY,Edge Orange Full Length Dual Racing Stripes,Not available with exterior color (G26) Sebring Orange Tintcoat.,1lz_s07=A1; 3lz_s07=A1; 1lz_s67=A1; 3lz_s67=A1,1lz_s07=available; 3lz_s07=available; 1lz_s67=available; 3lz_s67=available,opt_dsy_001,sec_stri_001,50,grand_sport:opt_dsy_001,opt_dsy_001,Edge Orange Full Length Dual Racing Stripes,,Not available with exterior color (G26) Sebring Orange Tintcoat.,sec_stri_001,True,50,,approved,True,
z06,z06_intextmec_raw,z06_intextmec_raw:472-475,DSZ,,DSZ,Edge Red Full Length Dual Racing Stripes,Not available with exterior color (GKZ) Torch Red or (GPH) Red Mist Metallic Tintcoat.,1lz_h07=A1; 2lz_h07=A1; 3lz_h07=A1; 1lz_h67=A1; 2lz_h67=A1; 3lz_h67=A1,1lz_h07=available; 2lz_h07=available; 3lz_h07=available; 1lz_h67=available; 2lz_h67=available; 3lz_h67=available,opt_dsz_001,sec_stri_001,60,grand_sport:opt_dsz_001,opt_dsz_001,Edge Red Full Length Dual Racing Stripes,,Not available with exterior color (GKZ) Torch Red or (GPH) Red Mist Metallic Tintcoat.,sec_stri_001,True,60,,approved,True,
zr1,zr1_zr1x_intextmec_raw,zr1_zr1x_intextmec_raw:382-385,DSZ,,DSZ,Edge Red Full Length Dual Racing Stripes,Not available with exterior color (GKZ) Torch Red or (GPH) Red Mist Metallic Tintcoat.,1lz_r07=A1; 3lz_r07=A1; 1lz_r67=A1; 3lz_r67=A1,1lz_r07=available; 3lz_r07=available; 1lz_r67=available; 3lz_r67=available,opt_dsz_001,sec_stri_001,60,grand_sport:opt_dsz_001,opt_dsz_001,Edge Red Full Length Dual Racing Stripes,,Not available with exterior color (GKZ) Torch Red or (GPH) Red Mist Metallic Tintcoat.,sec_stri_001,True,60,,approved,True,
zr1x,zr1_zr1x_intextmec_raw,zr1_zr1x_intextmec_raw:382-385,DSZ,,DSZ,Edge Red Full Length Dual Racing Stripes,Not available with exterior color (GKZ) Torch Red or (GPH) Red Mist Metallic Tintcoat.,1lz_s07=A1; 3lz_s07=A1; 1lz_s67=A1; 3lz_s67=A1,1lz_s07=available; 3lz_s07=available; 1lz_s67=available; 3lz_s67=available,opt_dsz_001,sec_stri_001,60,grand_sport:opt_dsz_001,opt_dsz_001,Edge Red Full Length Dual Racing Stripes,,Not available with exterior color (GKZ) Torch Red or (GPH) Red Mist Metallic Tintcoat.,sec_stri_001,True,60,,approved,True,
z06,z06_intextmec_raw,z06_intextmec_raw:477-480,DT0,,DT0,Competition Yellow Full Length Dual Racing Stripes,Not available with exterior color (GBK) Competition Yellow Tintcoat Metallic.,1lz_h07=A1; 2lz_h07=A1; 3lz_h07=A1; 1lz_h67=A1; 2lz_h67=A1; 3lz_h67=A1,1lz_h07=available; 2lz_h07=available; 3lz_h07=available; 1lz_h67=available; 2lz_h67=available; 3lz_h67=available,opt_dt0_001,sec_stri_001,30,grand_sport:opt_dt0_001,opt_dt0_001,Competition Yellow Full Length Dual Racing Stripes,,Not available with exterior color (GBK) Competition Yellow Tintcoat Metallic.,sec_stri_001,True,30,,approved,True,
zr1,zr1_zr1x_intextmec_raw,zr1_zr1x_intextmec_raw:387-390,DT0,,DT0,Competition Yellow Full Length Dual Racing Stripes,Not available with exterior color (GBK) Competition Yellow Tintcoat Metallic.,1lz_r07=A1; 3lz_r07=A1; 1lz_r67=A1; 3lz_r67=A1,1lz_r07=available; 3lz_r07=available; 1lz_r67=available; 3lz_r67=available,opt_dt0_001,sec_stri_001,30,grand_sport:opt_dt0_001,opt_dt0_001,Competition Yellow Full Length Dual Racing Stripes,,Not available with exterior color (GBK) Competition Yellow Tintcoat Metallic.,sec_stri_001,True,30,,approved,True,
zr1x,zr1_zr1x_intextmec_raw,zr1_zr1x_intextmec_raw:387-390,DT0,,DT0,Competition Yellow Full Length Dual Racing Stripes,Not available with exterior color (GBK) Competition Yellow Tintcoat Metallic.,1lz_s07=A1; 3lz_s07=A1; 1lz_s67=A1; 3lz_s67=A1,1lz_s07=available; 3lz_s07=available; 1lz_s67=available; 3lz_s67=available,opt_dt0_001,sec_stri_001,30,grand_sport:opt_dt0_001,opt_dt0_001,Competition Yellow Full Length Dual Racing Stripes,,Not available with exterior color (GBK) Competition Yellow Tintcoat Metallic.,sec_stri_001,True,30,,approved,True,
zr1x,zr1_zr1x_intextmec_raw,zr1_zr1x_intextmec_raw:373-376,DTB,,DTB,Electric Blue Full Length Dual Racing Stripes,Not available with exterior color (GTR) Admiral Blue Metallic.,1lz_s07=A1; 3lz_s07=A1; 1lz_s67=A1; 3lz_s67=A1,1lz_s07=available; 3lz_s07=available; 1lz_s67=available; 3lz_s67=available,opt_dtb_001,sec_stri_001,,,,,,,,,,,needs_section_review,False,
z06,z06_intextmec_raw,z06_intextmec_raw:467-467,DTH,,DTH,Carbon Flash Metallic Full Length Dual Racing Stripes,,1lz_h07=A; 2lz_h07=A; 3lz_h07=A; 1lz_h67=A; 2lz_h67=A; 3lz_h67=A,1lz_h07=available; 2lz_h07=available; 3lz_h07=available; 1lz_h67=available; 2lz_h67=available; 3lz_h67=available,opt_dth_001,sec_stri_001,10,grand_sport:opt_dth_001,opt_dth_001,Carbon Flash Metallic Full Length Dual Racing Stripes,,,sec_stri_001,True,10,,approved,True,
zr1,zr1_zr1x_intextmec_raw,zr1_zr1x_intextmec_raw:377-377,DTH,,DTH,Carbon Flash Metallic Full Length Dual Racing Stripes,,1lz_r07=A; 3lz_r07=A; 1lz_r67=A; 3lz_r67=A,1lz_r07=available; 3lz_r07=available; 1lz_r67=available; 3lz_r67=available,opt_dth_001,sec_stri_001,10,grand_sport:opt_dth_001,opt_dth_001,Carbon Flash Metallic Full Length Dual Racing Stripes,,,sec_stri_001,True,10,,approved,True,
zr1x,zr1_zr1x_intextmec_raw,zr1_zr1x_intextmec_raw:377-377,DTH,,DTH,Carbon Flash Metallic Full Length Dual Racing Stripes,,1lz_s07=A; 3lz_s07=A; 1lz_s67=A; 3lz_s67=A,1lz_s07=available; 3lz_s07=available; 1lz_s67=available; 3lz_s67=available,opt_dth_001,sec_stri_001,10,grand_sport:opt_dth_001,opt_dth_001,Carbon Flash Metallic Full Length Dual Racing Stripes,,,sec_stri_001,True,10,,approved,True,
z06,z06_intextmec_raw,z06_intextmec_raw:476-476,DUB,,DUB,Sterling Silver Full Length Dual Racing Stripes,,1lz_h07=A; 2lz_h07=A; 3lz_h07=A; 1lz_h67=A; 2lz_h67=A; 3lz_h67=A,1lz_h07=available; 2lz_h07=available; 3lz_h07=available; 1lz_h67=available; 2lz_h67=available; 3lz_h67=available,opt_dub_001,sec_stri_001,20,grand_sport:opt_dub_001,opt_dub_001,Sterling Silver Full Length Dual Racing Stripes,,,sec_stri_001,True,20,,approved,True,
zr1,zr1_zr1x_intextmec_raw,zr1_zr1x_intextmec_raw:386-386,DUB,,DUB,Sterling Silver Full Length Dual Racing Stripes,,1lz_r07=A; 3lz_r07=A; 1lz_r67=A; 3lz_r67=A,1lz_r07=available; 3lz_r07=available; 1lz_r67=available; 3lz_r67=available,opt_dub_001,sec_stri_001,20,grand_sport:opt_dub_001,opt_dub_001,Sterling Silver Full Length Dual Racing Stripes,,,sec_stri_001,True,20,,approved,True,
zr1x,zr1_zr1x_intextmec_raw,zr1_zr1x_intextmec_raw:386-386,DUB,,DUB,Sterling Silver Full Length Dual Racing Stripes,,1lz_s07=A; 3lz_s07=A; 1lz_s67=A; 3lz_s67=A,1lz_s07=available; 3lz_s07=available; 1lz_s67=available; 3lz_s67=available,opt_dub_001,sec_stri_001,20,grand_sport:opt_dub_001,opt_dub_001,Sterling Silver Full Length Dual Racing Stripes,,,sec_stri_001,True,20,,approved,True,
z06,z06_intextmec_raw,z06_intextmec_raw:438-441,DUE,,DUE,NEW!Asymmetrical Santorini Blue/Carbon Flash Full Length Dual Racing Stripes,Not available with exterior color (GTR) Admiral Blue Metallic.,1lz_h07=A1; 2lz_h07=A1; 3lz_h07=A1; 1lz_h67=A1; 2lz_h67=A1; 3lz_h67=A1,1lz_h07=available; 2lz_h07=available; 3lz_h07=available; 1lz_h67=available; 2lz_h67=available; 3lz_h67=available,opt_due_001,sec_stri_001,130,grand_sport:opt_due_001,opt_due_001,NEW!Asymmetrical Santorini Blue/Carbon Flash Full Length Dual Racing Stripes,,Not available with exterior color (GTR) Admiral Blue Metallic.,sec_stri_001,True,130,,approved,True,
zr1,zr1_zr1x_intextmec_raw,zr1_zr1x_intextmec_raw:344-347,DUE,,DUE,NEW!Asymmetrical Santorini Blue/Carbon Flash Full Length Dual Racing Stripes,Not available with exterior color (GTR) Admiral Blue Metallic.,1lz_r07=A1; 3lz_r07=A1; 1lz_r67=A1; 3lz_r67=A1,1lz_r07=available; 3lz_r07=available; 1lz_r67=available; 3lz_r67=available,opt_due_001,sec_stri_001,130,grand_sport:opt_due_001,opt_due_001,NEW!Asymmetrical Santorini Blue/Carbon Flash Full Length Dual Racing Stripes,,Not available with exterior color (GTR) Admiral Blue Metallic.,sec_stri_001,True,130,,approved,True,
zr1x,zr1_zr1x_intextmec_raw,zr1_zr1x_intextmec_raw:344-347,DUE,,DUE,NEW!Asymmetrical Santorini Blue/Carbon Flash Full Length Dual Racing Stripes,Not available with exterior color (GTR) Admiral Blue Metallic.,1lz_s07=A1; 3lz_s07=A1; 1lz_s67=A1; 3lz_s67=A1,1lz_s07=available; 3lz_s07=available; 1lz_s67=available; 3lz_s67=available,opt_due_001,sec_stri_001,130,grand_sport:opt_due_001,opt_due_001,NEW!Asymmetrical Santorini Blue/Carbon Flash Full Length Dual Racing Stripes,,Not available with exterior color (GTR) Admiral Blue Metallic.,sec_stri_001,True,130,,approved,True,
z06,z06_intextmec_raw,z06_intextmec_raw:442-445,DUK,,DUK,Asymmetrical Edge Red/Carbon Flash Full Length Dual Racing Stripes,Not available with exterior color (GKZ) Torch Red or (GPH) Red Mist Metallic Tintcoat.,1lz_h07=A1; 2lz_h07=A1; 3lz_h07=A1; 1lz_h67=A1; 2lz_h67=A1; 3lz_h67=A1,1lz_h07=available; 2lz_h07=available; 3lz_h07=available; 1lz_h67=available; 2lz_h67=available; 3lz_h67=available,opt_duk_001,sec_stri_001,120,grand_sport:opt_duk_001,opt_duk_001,Asymmetrical Edge Red/Carbon Flash Full Length Dual Racing Stripes,,Not available with exterior color (GKZ) Torch Red or (GPH) Red Mist Metallic Tintcoat.,sec_stri_001,True,120,,approved,True,
zr1,zr1_zr1x_intextmec_raw,zr1_zr1x_intextmec_raw:348-351,DUK,,DUK,Asymmetrical Edge Red/Carbon Flash Full Length Dual Racing Stripes,Not available with exterior color (GKZ) Torch Red or (GPH) Red Mist Metallic Tintcoat.,1lz_r07=A1; 3lz_r07=A1; 1lz_r67=A1; 3lz_r67=A1,1lz_r07=available; 3lz_r07=available; 1lz_r67=available; 3lz_r67=available,opt_duk_001,sec_stri_001,120,grand_sport:opt_duk_001,opt_duk_001,Asymmetrical Edge Red/Carbon Flash Full Length Dual Racing Stripes,,Not available with exterior color (GKZ) Torch Red or (GPH) Red Mist Metallic Tintcoat.,sec_stri_001,True,120,,approved,True,
zr1x,zr1_zr1x_intextmec_raw,zr1_zr1x_intextmec_raw:348-351,DUK,,DUK,Asymmetrical Edge Red/Carbon Flash Full Length Dual Racing Stripes,Not available with exterior color (GKZ) Torch Red or (GPH) Red Mist Metallic Tintcoat.,1lz_s07=A1; 3lz_s07=A1; 1lz_s67=A1; 3lz_s67=A1,1lz_s07=available; 3lz_s07=available; 1lz_s67=available; 3lz_s67=available,opt_duk_001,sec_stri_001,120,grand_sport:opt_duk_001,opt_duk_001,Asymmetrical Edge Red/Carbon Flash Full Length Dual Racing Stripes,,Not available with exterior color (GKZ) Torch Red or (GPH) Red Mist Metallic Tintcoat.,sec_stri_001,True,120,,approved,True,
z06,z06_intextmec_raw,z06_intextmec_raw:463-466,DUW,,DUW,Edge Blue Full Length Dual Racing Stripes,Not available with exterior color (GTR) Admiral Blue Metallic.,1lz_h07=A1; 2lz_h07=A1; 3lz_h07=A1; 1lz_h67=A1; 2lz_h67=A1; 3lz_h67=A1,1lz_h07=available; 2lz_h07=available; 3lz_h07=available; 1lz_h67=available; 2lz_h67=available; 3lz_h67=available,opt_duw_001,sec_stri_001,40,grand_sport:opt_duw_001,opt_duw_001,Edge Blue Full Length Dual Racing Stripes,,Not available with exterior color (GTR) Admiral Blue Metallic.,sec_stri_001,True,40,,approved,True,
zr1,zr1_zr1x_intextmec_raw,zr1_zr1x_intextmec_raw:369-372,DUW,,DUW,Edge Blue Full Length Dual Racing Stripes,Not available with exterior color (GTR) Admiral Blue Metallic.,1lz_r07=A1; 3lz_r07=A1; 1lz_r67=A1; 3lz_r67=A1,1lz_r07=available; 3lz_r07=available; 1lz_r67=available; 3lz_r67=available,opt_duw_001,sec_stri_001,40,grand_sport:opt_duw_001,opt_duw_001,Edge Blue Full Length Dual Racing Stripes,,Not available with exterior color (GTR) Admiral Blue Metallic.,sec_stri_001,True,40,,approved,True,
zr1x,zr1_zr1x_intextmec_raw,zr1_zr1x_intextmec_raw:369-372,DUW,,DUW,Edge Blue Full Length Dual Racing Stripes,Not available with exterior color (GTR) Admiral Blue Metallic.,1lz_s07=A1; 3lz_s07=A1; 1lz_s67=A1; 3lz_s67=A1,1lz_s07=available; 3lz_s07=available; 1lz_s67=available; 3lz_s67=available,opt_duw_001,sec_stri_001,40,grand_sport:opt_duw_001,opt_duw_001,Edge Blue Full Length Dual Racing Stripes,,Not available with exterior color (GTR) Admiral Blue Metallic.,sec_stri_001,True,40,,approved,True,
z06,z06_standard_raw,z06_standard_raw:90-90,,DWK,DWK,"Mirrors, outside heated, power-adjustable, manual-folding with turn signal indicators",,1lz_h07=S; 2lz_h07=--; 3lz_h07=--; 1lz_h67=S; 2lz_h67=--; 3lz_h67=--,1lz_h07=standard; 2lz_h07=unavailable; 3lz_h07=unavailable; 1lz_h67=standard; 2lz_h67=unavailable; 3lz_h67=unavailable,opt_dwk_001,,,,,,,,,,,,deferred,False,
z06,z06_intextmec_raw,z06_intextmec_raw:425-425,,DWK,DWK,"Mirrors, outside heated, power-adjustable, manual-folding with turn signal indicators",,1lz_h07=S; 2lz_h07=--; 3lz_h07=--; 1lz_h67=S; 2lz_h67=--; 3lz_h67=--,1lz_h07=standard; 2lz_h07=unavailable; 3lz_h07=unavailable; 1lz_h67=standard; 2lz_h67=unavailable; 3lz_h67=unavailable,opt_dwk_001,sec_1lte_001,50,grand_sport:opt_dwk_001,opt_dwk_001,"Mirrors, outside heated, power-adjustable, manual-folding with turn signal indicators",,,sec_1lte_001,False,50,,approved,True,
zr1,zr1_zr1x_standard_raw,zr1_zr1x_standard_raw:86-86,,DWK,DWK,"Mirrors, outside heated, power-adjustable, manual-folding with turn signal indicators",,1lz_r07=S; 3lz_r07=--; 1lz_r67=S; 3lz_r67=--,1lz_r07=standard; 3lz_r07=unavailable; 1lz_r67=standard; 3lz_r67=unavailable,opt_dwk_001,,,,,,,,,,,,deferred,False,
zr1x,zr1_zr1x_standard_raw,zr1_zr1x_standard_raw:86-86,,DWK,DWK,"Mirrors, outside heated, power-adjustable, manual-folding with turn signal indicators",,1lz_s07=S; 3lz_s07=--; 1lz_s67=S; 3lz_s67=--,1lz_s07=standard; 3lz_s07=unavailable; 1lz_s67=standard; 3lz_s67=unavailable,opt_dwk_001,,,,,,,,,,,,deferred,False,
zr1,zr1_zr1x_intextmec_raw,zr1_zr1x_intextmec_raw:337-337,,DWK,DWK,"Mirrors, outside heated, power-adjustable, manual-folding with turn signal indicators",,1lz_r07=S; 3lz_r07=--; 1lz_r67=S; 3lz_r67=--,1lz_r07=standard; 3lz_r07=unavailable; 1lz_r67=standard; 3lz_r67=unavailable,opt_dwk_001,sec_1lte_001,50,grand_sport:opt_dwk_001,opt_dwk_001,"Mirrors, outside heated, power-adjustable, manual-folding with turn signal indicators",,,sec_1lte_001,False,50,,approved,True,
zr1x,zr1_zr1x_intextmec_raw,zr1_zr1x_intextmec_raw:337-337,,DWK,DWK,"Mirrors, outside heated, power-adjustable, manual-folding with turn signal indicators",,1lz_s07=S; 3lz_s07=--; 1lz_s67=S; 3lz_s67=--,1lz_s07=standard; 3lz_s07=unavailable; 1lz_s67=standard; 3lz_s67=unavailable,opt_dwk_001,sec_1lte_001,50,grand_sport:opt_dwk_001,opt_dwk_001,"Mirrors, outside heated, power-adjustable, manual-folding with turn signal indicators",,,sec_1lte_001,False,50,,approved,True,
z06,z06_standard_raw,z06_standard_raw:25-25,DY0,,DY0,"Display hood, Carbon Fiber, located above the Driver Information Center display",,1lz_h07=--; 2lz_h07=--; 3lz_h07=A; 1lz_h67=--; 2lz_h67=--; 3lz_h67=A,1lz_h07=unavailable; 2lz_h07=unavailable; 3lz_h07=available; 1lz_h67=unavailable; 2lz_h67=unavailable; 3lz_h67=available,opt_dy0_001,,,,,,,,,,,,deferred,False,
zr1,zr1_zr1x_standard_raw,zr1_zr1x_standard_raw:25-25,,DY0,DY0,"Display hood, Carbon Fiber, located above the Driver Information Center display",,1lz_r07=S; 3lz_r07=S; 1lz_r67=S; 3lz_r67=S,1lz_r07=standard; 3lz_r07=standard; 1lz_r67=standard; 3lz_r67=standard,opt_dy0_001,,,,,,,,,,,,deferred,False,
zr1x,zr1_zr1x_standard_raw,zr1_zr1x_standard_raw:25-25,,DY0,DY0,"Display hood, Carbon Fiber, located above the Driver Information Center display",,1lz_s07=S; 3lz_s07=S; 1lz_s67=S; 3lz_s67=S,1lz_s07=standard; 3lz_s07=standard; 1lz_s67=standard; 3lz_s67=standard,opt_dy0_001,,,,,,,,,,,,deferred,False,
z06,z06_intextmec_raw,z06_intextmec_raw:39-39,DY0,,DY0,"Display hood, Carbon Fiber, located above the Driver Information Center display",,1lz_h07=--; 2lz_h07=--; 3lz_h07=A; 1lz_h67=--; 2lz_h67=--; 3lz_h67=A,1lz_h07=unavailable; 2lz_h07=unavailable; 3lz_h07=available; 1lz_h67=unavailable; 2lz_h67=unavailable; 3lz_h67=available,opt_dy0_002,sec_inte_001,,,,,,,,,,,needs_section_review,False,
zr1,zr1_zr1x_intextmec_raw,zr1_zr1x_intextmec_raw:39-39,,DY0,DY0,"Display hood, Carbon Fiber, located above the Driver Information Center display",,1lz_r07=S; 3lz_r07=S; 1lz_r67=S; 3lz_r67=S,1lz_r07=standard; 3lz_r07=standard; 1lz_r67=standard; 3lz_r67=standard,opt_dy0_002,sec_stan_001,,,,,,,,,,,needs_section_review,False,
zr1x,zr1_zr1x_intextmec_raw,zr1_zr1x_intextmec_raw:39-39,,DY0,DY0,"Display hood, Carbon Fiber, located above the Driver Information Center display",,1lz_s07=S; 3lz_s07=S; 1lz_s67=S; 3lz_s67=S,1lz_s07=standard; 3lz_s07=standard; 1lz_s67=standard; 3lz_s67=standard,opt_dy0_002,sec_stan_001,,,,,,,,,,,needs_section_review,False,
z06,z06_intextmec_raw,z06_intextmec_raw:426-426,,DYX,DYX,"Mirrors, outside heated, power-adjustable, power-folding, driver-side auto-dimming with turn signal indicators",,1lz_h07=--; 2lz_h07=■; 3lz_h07=■; 1lz_h67=--; 2lz_h67=■; 3lz_h67=■,1lz_h07=unavailable; 2lz_h07=standard; 3lz_h07=standard; 1lz_h67=unavailable; 2lz_h67=standard; 3lz_h67=standard,opt_dyx_001,sec_2lte_001,170,grand_sport:opt_dyx_001,opt_dyx_001,"Mirrors, outside heated, power-adjustable, power-folding, driver-side auto-dimming with turn signal indicators",,,sec_2lte_001,False,170,,approved,True,
zr1,zr1_zr1x_intextmec_raw,zr1_zr1x_intextmec_raw:338-338,,DYX,DYX,"Mirrors, outside heated, power-adjustable, power-folding, driver-side auto-dimming with turn signal indicators",,1lz_r07=--; 3lz_r07=■; 1lz_r67=--; 3lz_r67=■,1lz_r07=unavailable; 3lz_r07=standard; 1lz_r67=unavailable; 3lz_r67=standard,opt_dyx_001,sec_2lte_001,170,grand_sport:opt_dyx_001,opt_dyx_001,"Mirrors, outside heated, power-adjustable, power-folding, driver-side auto-dimming with turn signal indicators",,,sec_2lte_001,False,170,,approved,True,
zr1x,zr1_zr1x_intextmec_raw,zr1_zr1x_intextmec_raw:338-338,,DYX,DYX,"Mirrors, outside heated, power-adjustable, power-folding, driver-side auto-dimming with turn signal indicators",,1lz_s07=--; 3lz_s07=■; 1lz_s67=--; 3lz_s67=■,1lz_s07=unavailable; 3lz_s07=standard; 1lz_s67=unavailable; 3lz_s67=standard,opt_dyx_001,sec_2lte_001,170,grand_sport:opt_dyx_001,opt_dyx_001,"Mirrors, outside heated, power-adjustable, power-folding, driver-side auto-dimming with turn signal indicators",,,sec_2lte_001,False,170,,approved,True,
z06,z06_intextmec_raw,z06_intextmec_raw:486-489,DZU,,DZU,Carbon Flash/Competition Yellow Stinger Stripe,Not available with exterior color (GBK) Competition Yellow Tintcoat Metallic.,1lz_h07=A1; 2lz_h07=A1; 3lz_h07=A1; 1lz_h67=A1; 2lz_h67=A1; 3lz_h67=A1,1lz_h07=available; 2lz_h07=available; 3lz_h07=available; 1lz_h67=available; 2lz_h67=available; 3lz_h67=available,opt_dzu_001,sec_stri_001,140,grand_sport:opt_dzu_001,opt_dzu_001,Carbon Flash/Competition Yellow Stinger Stripe,,Not available with exterior color (GBK) Competition Yellow Tintcoat Metallic.,sec_stri_001,True,140,,approved,True,
z06,z06_intextmec_raw,z06_intextmec_raw:485-485,DZV,,DZV,Carbon Flash/Midnight Silver Stinger Stripe,,1lz_h07=A; 2lz_h07=A; 3lz_h07=A; 1lz_h67=A; 2lz_h67=A; 3lz_h67=A,1lz_h07=available; 2lz_h07=available; 3lz_h07=available; 1lz_h67=available; 2lz_h67=available; 3lz_h67=available,opt_dzv_001,sec_stri_001,160,grand_sport:opt_dzv_001,opt_dzv_001,Carbon Flash/Midnight Silver Stinger Stripe,,,sec_stri_001,True,160,,approved,True,
z06,z06_intextmec_raw,z06_intextmec_raw:481-484,DZX,,DZX,Carbon Flash/Edge Red Stinger Stripe,Not available with exterior color (GKZ) Torch Red or (GPH) Red Mist Metallic Tintcoat.,1lz_h07=A1; 2lz_h07=A1; 3lz_h07=A1; 1lz_h67=A1; 2lz_h67=A1; 3lz_h67=A1,1lz_h07=available; 2lz_h07=available; 3lz_h07=available; 1lz_h67=available; 2lz_h67=available; 3lz_h67=available,opt_dzx_001,sec_stri_001,150,grand_sport:opt_dzx_001,opt_dzx_001,Carbon Flash/Edge Red Stinger Stripe,,Not available with exterior color (GKZ) Torch Red or (GPH) Red Mist Metallic Tintcoat.,sec_stri_001,True,150,,approved,True,
z06,z06_intextmec_raw,z06_intextmec_raw:283-283,E60,,E60,"Front lift adjustable height with memory, includes (TR7) automatic headlamp leveling system",,1lz_h07=--; 2lz_h07=A; 3lz_h07=A; 1lz_h67=--; 2lz_h67=A; 3lz_h67=A,1lz_h07=unavailable; 2lz_h07=available; 3lz_h07=available; 1lz_h67=unavailable; 2lz_h67=available; 3lz_h67=available,opt_e60_001,sec_perf_support_001,15,grand_sport:opt_e60_001,opt_e60_001,"Front lift adjustable height with memory, includes (TR7) automatic headlamp leveling system",,,sec_perf_support_001,True,15,,approved,True,
zr1,zr1_zr1x_intextmec_raw,zr1_zr1x_intextmec_raw:246-246,E60,,E60,"Front lift adjustable height with memory, includes (TR7) automatic headlamp leveling system",,1lz_r07=--; 3lz_r07=A; 1lz_r67=--; 3lz_r67=A,1lz_r07=unavailable; 3lz_r07=available; 1lz_r67=unavailable; 3lz_r67=available,opt_e60_001,sec_perf_support_001,15,grand_sport:opt_e60_001,opt_e60_001,"Front lift adjustable height with memory, includes (TR7) automatic headlamp leveling system",,,sec_perf_support_001,True,15,,approved,True,
zr1x,zr1_zr1x_intextmec_raw,zr1_zr1x_intextmec_raw:246-246,E60,,E60,"Front lift adjustable height with memory, includes (TR7) automatic headlamp leveling system",,1lz_s07=--; 3lz_s07=A; 1lz_s67=--; 3lz_s67=A,1lz_s07=unavailable; 3lz_s07=available; 1lz_s67=unavailable; 3lz_s67=available,opt_e60_001,sec_perf_support_001,15,grand_sport:opt_e60_001,opt_e60_001,"Front lift adjustable height with memory, includes (TR7) automatic headlamp leveling system",,,sec_perf_support_001,True,15,,approved,True,
z06,z06_intextmec_raw,z06_intextmec_raw:274-278,EDU,,EDU,"Exterior accents, Carbon Flash and body-color; body-color side vents and front splitter, Carbon Flash-painted rockers and front/rear grille accents","Front splitter is not body-color when (CFV/CFZ) ground effects is also ordered.
Tonneau grille is Carbon Flash-painted. Front splitter is not body-color when (CFV/CFZ) ground effects is also ordered.",1lz_h07=A1; 2lz_h07=A1; 3lz_h07=A1; 1lz_h67=A2; 2lz_h67=A2; 3lz_h67=A2,1lz_h07=available; 2lz_h07=available; 3lz_h07=available; 1lz_h67=available; 2lz_h67=available; 3lz_h67=available,opt_edu_001,sec_exte_001,20,grand_sport:opt_edu_001,opt_edu_001,"Exterior accents, Carbon Flash and body-color; body-color side vents and front splitter, Carbon Flash-painted rockers and front/rear grille accents",,"Front splitter is not body-color when (CFV/CFZ) ground effects is also ordered.
Tonneau grille is Carbon Flash-painted. Front splitter is not body-color when (CFV/CFZ) ground effects is also ordered.",sec_exte_001,True,20,,approved,True,
z06,z06_standard_raw,z06_standard_raw:77-81,,EFR,EFR,"Exterior accents, Carbon Flash, side vents, rockers, splitter and front/rear grille accents","Rockers and splitters are not Carbon Flash when (CFV) visible carbon fiber ground effects is also ordered.
Also includes tonneau grille. Rockers and splitters are not Carbon Flash when (CFV) visible carbon fiber ground effects is also ordered.",1lz_h07=S1; 2lz_h07=S1; 3lz_h07=S1; 1lz_h67=S2; 2lz_h67=S2; 3lz_h67=S2,1lz_h07=standard; 2lz_h07=standard; 3lz_h07=standard; 1lz_h67=standard; 2lz_h67=standard; 3lz_h67=standard,opt_efr_001,,,,,,,,,,,,deferred,False,
z06,z06_intextmec_raw,z06_intextmec_raw:269-273,,EFR,EFR,"Exterior accents, Carbon Flash, side vents, rockers, splitter and front/rear grille accents","Rockers and splitters are not Carbon Flash when (CFV) visible carbon fiber ground effects is also ordered.
Also includes tonneau grille. Rockers and splitters are not Carbon Flash when (CFV) visible carbon fiber ground effects is also ordered.",1lz_h07=S1; 2lz_h07=S1; 3lz_h07=S1; 1lz_h67=S2; 2lz_h67=S2; 3lz_h67=S2,1lz_h07=standard; 2lz_h07=standard; 3lz_h07=standard; 1lz_h67=standard; 2lz_h67=standard; 3lz_h67=standard,opt_efr_001,sec_exte_001,10,grand_sport:opt_efr_001,opt_efr_001,"Exterior accents, Carbon Flash, side vents, rockers, splitter and front/rear grille accents",,"Rockers and splitters are not Carbon Flash when (CFV) visible carbon fiber ground effects is also ordered.
Also includes tonneau grille. Rockers and splitters are not Carbon Flash when (CFV) visible carbon fiber ground effects is also ordered.",sec_exte_001,False,10,default_selected,approved,True,
zr1,zr1_zr1x_standard_raw,zr1_zr1x_standard_raw:77-80,,EFR,EFR,"Exterior accents, Carbon Flash, side vents and front/rear grille accents",Also includes tonneau grille.,1lz_r07=S; 3lz_r07=S; 1lz_r67=S1; 3lz_r67=S1,1lz_r07=standard; 3lz_r07=standard; 1lz_r67=standard; 3lz_r67=standard,opt_efr_001,,,,,,,,,,,,deferred,False,
zr1x,zr1_zr1x_standard_raw,zr1_zr1x_standard_raw:77-80,,EFR,EFR,"Exterior accents, Carbon Flash, side vents and front/rear grille accents",Also includes tonneau grille.,1lz_s07=S; 3lz_s07=S; 1lz_s67=S1; 3lz_s67=S1,1lz_s07=standard; 3lz_s07=standard; 1lz_s67=standard; 3lz_s67=standard,opt_efr_001,,,,,,,,,,,,deferred,False,
zr1,zr1_zr1x_intextmec_raw,zr1_zr1x_intextmec_raw:241-244,,EFR,EFR,"Exterior accents, Carbon Flash, side vents and front/rear grille accents",Also includes tonneau grille.,1lz_r07=S; 3lz_r07=S; 1lz_r67=S1; 3lz_r67=S1,1lz_r07=standard; 3lz_r07=standard; 1lz_r67=standard; 3lz_r67=standard,opt_efr_001,sec_exte_001,10,grand_sport:opt_efr_001,opt_efr_001,"Exterior accents, Carbon Flash, side vents and front/rear grille accents",,Also includes tonneau grille.,sec_exte_001,False,10,default_selected,approved,True,
zr1x,zr1_zr1x_intextmec_raw,zr1_zr1x_intextmec_raw:241-244,,EFR,EFR,"Exterior accents, Carbon Flash, side vents and front/rear grille accents",Also includes tonneau grille.,1lz_s07=S; 3lz_s07=S; 1lz_s67=S1; 3lz_s67=S1,1lz_s07=standard; 3lz_s07=standard; 1lz_s67=standard; 3lz_s67=standard,opt_efr_001,sec_exte_001,10,grand_sport:opt_efr_001,opt_efr_001,"Exterior accents, Carbon Flash, side vents and front/rear grille accents",,Also includes tonneau grille.,sec_exte_001,False,10,default_selected,approved,True,
z06,z06_intextmec_raw,z06_intextmec_raw:264-268,EFY,,EFY,"Exterior accents, body-color, side vents, rockers, splitter and front/rear grille accents","Not available with exterior color (GBA) Black. Rockers are not body-color when (CFZ/CFV) ground effects is also ordered.
Not available with exterior color (GBA) Black. Also includes tonneau grille. Rockers are not body-color when (CFZ/CFV) ground effects is also ordered.",1lz_h07=A1; 2lz_h07=A1; 3lz_h07=A1; 1lz_h67=A2; 2lz_h67=A2; 3lz_h67=A2,1lz_h07=available; 2lz_h07=available; 3lz_h07=available; 1lz_h67=available; 2lz_h67=available; 3lz_h67=available,opt_efy_001,sec_exte_001,,,,,,,,,,,needs_section_review,False,
z06,z06_intextmec_raw,z06_intextmec_raw:518-518,ERI,,ERI,Battery Protection Package,,1lz_h07=A; 2lz_h07=A; 3lz_h07=A; 1lz_h67=A; 2lz_h67=A; 3lz_h67=A,1lz_h07=available; 2lz_h07=available; 3lz_h07=available; 1lz_h67=available; 2lz_h67=available; 3lz_h67=available,opt_eri_001,sec_perf_support_001,10,grand_sport:opt_eri_001,opt_eri_001,Battery Protection Package,,,sec_perf_support_001,True,10,,approved,True,
zr1,zr1_zr1x_intextmec_raw,zr1_zr1x_intextmec_raw:403-406,ERI,,ERI,Battery Protection Package,12-volt battery.,1lz_r07=A; 3lz_r07=A; 1lz_r67=A; 3lz_r67=A,1lz_r07=available; 3lz_r07=available; 1lz_r67=available; 3lz_r67=available,opt_eri_001,sec_perf_support_001,10,grand_sport:opt_eri_001,opt_eri_001,Battery Protection Package,,12-volt battery.,sec_perf_support_001,True,10,,approved,True,
zr1x,zr1_zr1x_intextmec_raw,zr1_zr1x_intextmec_raw:403-406,ERI,,ERI,Battery Protection Package,12-volt battery.,1lz_s07=A1; 3lz_s07=A1; 1lz_s67=A1; 3lz_s67=A1,1lz_s07=available; 3lz_s07=available; 1lz_s67=available; 3lz_s67=available,opt_eri_001,sec_perf_support_001,10,grand_sport:opt_eri_001,opt_eri_001,Battery Protection Package,,12-volt battery.,sec_perf_support_001,True,10,,approved,True,
zr1,zr1_zr1x_intextmec_raw,zr1_zr1x_intextmec_raw:245-245,ETV,,ETV,"Exterior trim, carbon fiber split window trim, painted body-color",,1lz_r07=A; 3lz_r07=A; 1lz_r67=--; 3lz_r67=--,1lz_r07=available; 3lz_r07=available; 1lz_r67=unavailable; 3lz_r67=unavailable,opt_etv_001,sec_engi_001,,,,,,,,,,,needs_section_review,False,
zr1x,zr1_zr1x_intextmec_raw,zr1_zr1x_intextmec_raw:245-245,ETV,,ETV,"Exterior trim, carbon fiber split window trim, painted body-color",,1lz_s07=A; 3lz_s07=A; 1lz_s67=--; 3lz_s67=--,1lz_s07=available; 3lz_s07=available; 1lz_s67=unavailable; 3lz_s67=unavailable,opt_etv_001,sec_engi_001,,,,,,,,,,,needs_section_review,False,
z06,z06_intextmec_raw,z06_intextmec_raw:245-245,EYK,,EYK,Chrome Exterior Badge Package,,1lz_h07=A; 2lz_h07=A; 3lz_h07=A; 1lz_h67=A; 2lz_h67=A; 3lz_h67=A,1lz_h07=available; 2lz_h07=available; 3lz_h07=available; 1lz_h67=available; 2lz_h67=available; 3lz_h67=available,opt_eyk_001,sec_badg_001,20,grand_sport:opt_eyk_001,opt_eyk_001,Chrome Exterior Badge Package,,,sec_badg_001,True,20,,approved,True,
zr1,zr1_zr1x_intextmec_raw,zr1_zr1x_intextmec_raw:230-230,EYK,,EYK,Chrome Exterior Badge Package,,1lz_r07=A; 3lz_r07=A; 1lz_r67=A; 3lz_r67=A,1lz_r07=available; 3lz_r07=available; 1lz_r67=available; 3lz_r67=available,opt_eyk_001,sec_badg_001,20,grand_sport:opt_eyk_001,opt_eyk_001,Chrome Exterior Badge Package,,,sec_badg_001,True,20,,approved,True,
zr1x,zr1_zr1x_intextmec_raw,zr1_zr1x_intextmec_raw:230-230,EYK,,EYK,Chrome Exterior Badge Package,,1lz_s07=A; 3lz_s07=A; 1lz_s67=A; 3lz_s67=A,1lz_s07=available; 3lz_s07=available; 1lz_s67=available; 3lz_s67=available,opt_eyk_001,sec_badg_001,20,grand_sport:opt_eyk_001,opt_eyk_001,Chrome Exterior Badge Package,,,sec_badg_001,True,20,,approved,True,
z06,z06_standard_raw,z06_standard_raw:74-74,,EYT,EYT,Carbon Flash Exterior Badge Package,,1lz_h07=S; 2lz_h07=S; 3lz_h07=S; 1lz_h67=S; 2lz_h67=S; 3lz_h67=S,1lz_h07=standard; 2lz_h07=standard; 3lz_h07=standard; 1lz_h67=standard; 2lz_h67=standard; 3lz_h67=standard,opt_eyt_001,,,,,,,,,,,,deferred,False,
z06,z06_intextmec_raw,z06_intextmec_raw:244-244,,EYT,EYT,Carbon Flash Exterior Badge Package,,1lz_h07=S; 2lz_h07=S; 3lz_h07=S; 1lz_h67=S; 2lz_h67=S; 3lz_h67=S,1lz_h07=standard; 2lz_h07=standard; 3lz_h07=standard; 1lz_h67=standard; 2lz_h67=standard; 3lz_h67=standard,opt_eyt_001,sec_badg_001,10,grand_sport:opt_eyt_001,opt_eyt_001,Carbon Flash Exterior Badge Package,,,sec_badg_001,False,10,,approved,True,
zr1,zr1_zr1x_standard_raw,zr1_zr1x_standard_raw:74-74,,EYT,EYT,Carbon Flash Exterior Badge Package,,1lz_r07=S; 3lz_r07=S; 1lz_r67=S; 3lz_r67=S,1lz_r07=standard; 3lz_r07=standard; 1lz_r67=standard; 3lz_r67=standard,opt_eyt_001,,,,,,,,,,,,deferred,False,
zr1x,zr1_zr1x_standard_raw,zr1_zr1x_standard_raw:74-74,,EYT,EYT,Carbon Flash Exterior Badge Package,,1lz_s07=S; 3lz_s07=S; 1lz_s67=S; 3lz_s67=S,1lz_s07=standard; 3lz_s07=standard; 1lz_s67=standard; 3lz_s67=standard,opt_eyt_001,,,,,,,,,,,,deferred,False,
zr1,zr1_zr1x_intextmec_raw,zr1_zr1x_intextmec_raw:229-229,,EYT,EYT,Carbon Flash Exterior Badge Package,,1lz_r07=S; 3lz_r07=S; 1lz_r67=S; 3lz_r67=S,1lz_r07=standard; 3lz_r07=standard; 1lz_r67=standard; 3lz_r67=standard,opt_eyt_001,sec_badg_001,10,grand_sport:opt_eyt_001,opt_eyt_001,Carbon Flash Exterior Badge Package,,,sec_badg_001,False,10,,approved,True,
zr1x,zr1_zr1x_intextmec_raw,zr1_zr1x_intextmec_raw:229-229,,EYT,EYT,Carbon Flash Exterior Badge Package,,1lz_s07=S; 3lz_s07=S; 1lz_s67=S; 3lz_s67=S,1lz_s07=standard; 3lz_s07=standard; 1lz_s67=standard; 3lz_s67=standard,opt_eyt_001,sec_badg_001,10,grand_sport:opt_eyt_001,opt_eyt_001,Carbon Flash Exterior Badge Package,,,sec_badg_001,False,10,,approved,True,
z06,z06_intextmec_raw,z06_intextmec_raw:214-214,FA5,,FA5,"Trim, interior, carbon fiber cluster-surround and console/door switch plates",,1lz_h07=--; 2lz_h07=A; 3lz_h07=A; 1lz_h67=--; 2lz_h67=A; 3lz_h67=A,1lz_h07=unavailable; 2lz_h07=available; 3lz_h07=available; 1lz_h67=unavailable; 2lz_h67=available; 3lz_h67=available,opt_fa5_001,sec_inte_001,30,grand_sport:opt_fa5_001,opt_fa5_001,"Trim, interior, carbon fiber cluster-surround and console/door switch plates",,,sec_inte_001,True,30,,approved,True,
zr1,zr1_zr1x_intextmec_raw,zr1_zr1x_intextmec_raw:208-208,FA5,,FA5,"Trim, interior, carbon fiber cluster-surround and console/door switch plates",,1lz_r07=A; 3lz_r07=A; 1lz_r67=A; 3lz_r67=A,1lz_r07=available; 3lz_r07=available; 1lz_r67=available; 3lz_r67=available,opt_fa5_001,sec_inte_001,30,grand_sport:opt_fa5_001,opt_fa5_001,"Trim, interior, carbon fiber cluster-surround and console/door switch plates",,,sec_inte_001,True,30,,approved,True,
zr1x,zr1_zr1x_intextmec_raw,zr1_zr1x_intextmec_raw:208-208,FA5,,FA5,"Trim, interior, carbon fiber cluster-surround and console/door switch plates",,1lz_s07=A; 3lz_s07=A; 1lz_s67=A; 3lz_s67=A,1lz_s07=available; 3lz_s07=available; 1lz_s67=available; 3lz_s67=available,opt_fa5_001,sec_inte_001,30,grand_sport:opt_fa5_001,opt_fa5_001,"Trim, interior, carbon fiber cluster-surround and console/door switch plates",,,sec_inte_001,True,30,,approved,True,
z06,z06_intextmec_raw,z06_intextmec_raw:215-218,FA6,,FA6,"Trim, interior, level 2, carbon fiber instrument panel trim, cluster-surround and console/door inserts",Not available with (FA5) carbon fiber interior trim.,1lz_h07=--; 2lz_h07=--; 3lz_h07=A1; 1lz_h67=--; 2lz_h67=--; 3lz_h67=A1,1lz_h07=unavailable; 2lz_h07=unavailable; 3lz_h07=available; 1lz_h67=unavailable; 2lz_h67=unavailable; 3lz_h67=available,opt_fa6_001,sec_inte_001,,,,,,,,,,,needs_section_review,False,
zr1,zr1_zr1x_intextmec_raw,zr1_zr1x_intextmec_raw:209-212,FA6,,FA6,"Trim, interior, level 2, carbon fiber instrument panel trim, cluster-surround and console/door inserts",Not available with (FA5) carbon fiber interior trim.,1lz_r07=--; 3lz_r07=A1; 1lz_r67=--; 3lz_r67=A1,1lz_r07=unavailable; 3lz_r07=available; 1lz_r67=unavailable; 3lz_r67=available,opt_fa6_001,sec_inte_001,,,,,,,,,,,needs_section_review,False,
zr1x,zr1_zr1x_intextmec_raw,zr1_zr1x_intextmec_raw:209-212,FA6,,FA6,"Trim, interior, level 2, carbon fiber instrument panel trim, cluster-surround and console/door inserts",Not available with (FA5) carbon fiber interior trim.,1lz_s07=--; 3lz_s07=A1; 1lz_s67=--; 3lz_s67=A1,1lz_s07=unavailable; 3lz_s07=available; 1lz_s67=unavailable; 3lz_s67=available,opt_fa6_001,sec_inte_001,,,,,,,,,,,needs_section_review,False,
z06,z06_standard_raw,z06_standard_raw:125-125,,FE6,FE6,"Suspension, performance with Magnetic Selective Ride Control",,1lz_h07=S; 2lz_h07=S; 3lz_h07=S; 1lz_h67=S; 2lz_h67=S; 3lz_h67=S,1lz_h07=standard; 2lz_h07=standard; 3lz_h07=standard; 1lz_h67=standard; 2lz_h67=standard; 3lz_h67=standard,opt_fe6_001,,,,,,,,,,,,deferred,False,
z06,z06_intextmec_raw,z06_intextmec_raw:589-589,,FE6,FE6,"Suspension, performance with Magnetic Selective Ride Control",,1lz_h07=S; 2lz_h07=S; 3lz_h07=S; 1lz_h67=S; 2lz_h67=S; 3lz_h67=S,1lz_h07=standard; 2lz_h07=standard; 3lz_h07=standard; 1lz_h67=standard; 2lz_h67=standard; 3lz_h67=standard,opt_fe6_002,sec_susp_001,,,,,,,,,,,needs_section_review,False,
z06,z06_intextmec_raw,z06_intextmec_raw:590-593,,FE7,FE7,"Suspension, Z07 with Magnetic Selective Ride Control",Included and only available with (Z07) Z07 Performance Package.,1lz_h07=A1; 2lz_h07=A1; 3lz_h07=A1; 1lz_h67=A1; 2lz_h67=A1; 3lz_h67=A1,1lz_h07=available; 2lz_h07=available; 3lz_h07=available; 1lz_h67=available; 2lz_h67=available; 3lz_h67=available,opt_fe7_001,sec_susp_001,,,,,,,,,,,needs_section_review,False,
zr1,zr1_zr1x_standard_raw,zr1_zr1x_standard_raw:119-119,,FE8,FE8,"Suspension, performance with Magnetic Selective Ride Control",,1lz_r07=S; 3lz_r07=S; 1lz_r67=S; 3lz_r67=S,1lz_r07=standard; 3lz_r07=standard; 1lz_r67=standard; 3lz_r67=standard,opt_fe8_001,,,,,,,,,,,,deferred,False,
zr1x,zr1_zr1x_standard_raw,zr1_zr1x_standard_raw:119-119,,FE8,FE8,"Suspension, performance with Magnetic Selective Ride Control",,1lz_s07=--; 3lz_s07=--; 1lz_s67=--; 3lz_s67=--,1lz_s07=unavailable; 3lz_s07=unavailable; 1lz_s67=unavailable; 3lz_s67=unavailable,opt_fe8_001,,,,,,,,,,,,deferred,False,
zr1,zr1_zr1x_intextmec_raw,zr1_zr1x_intextmec_raw:459-459,,FE8,FE8,"Suspension, performance with Magnetic Selective Ride Control",,1lz_r07=S; 3lz_r07=S; 1lz_r67=S; 3lz_r67=S,1lz_r07=standard; 3lz_r07=standard; 1lz_r67=standard; 3lz_r67=standard,opt_fe8_002,sec_susp_001,,,,,,,,,,,needs_section_review,False,
zr1x,zr1_zr1x_intextmec_raw,zr1_zr1x_intextmec_raw:459-459,,FE8,FE8,"Suspension, performance with Magnetic Selective Ride Control",,1lz_s07=--; 3lz_s07=--; 1lz_s67=--; 3lz_s67=--,1lz_s07=unavailable; 3lz_s07=unavailable; 1lz_s67=unavailable; 3lz_s67=unavailable,opt_fe8_002,sec_susp_001,,,,,,,,,,,needs_section_review,False,
zr1,zr1_zr1x_standard_raw,zr1_zr1x_standard_raw:120-120,,FEH,FEH,"Suspension, performance with Magnetic Selective Ride Control",,1lz_r07=--; 3lz_r07=--; 1lz_r67=--; 3lz_r67=--,1lz_r07=unavailable; 3lz_r07=unavailable; 1lz_r67=unavailable; 3lz_r67=unavailable,opt_feh_001,,,,,,,,,,,,deferred,False,
zr1x,zr1_zr1x_standard_raw,zr1_zr1x_standard_raw:120-120,,FEH,FEH,"Suspension, performance with Magnetic Selective Ride Control",,1lz_s07=S; 3lz_s07=S; 1lz_s67=S; 3lz_s67=S,1lz_s07=standard; 3lz_s07=standard; 1lz_s67=standard; 3lz_s67=standard,opt_feh_001,,,,,,,,,,,,deferred,False,
zr1,zr1_zr1x_intextmec_raw,zr1_zr1x_intextmec_raw:464-464,,FEH,FEH,"Suspension, performance with Magnetic Selective Ride Control",,1lz_r07=--; 3lz_r07=--; 1lz_r67=--; 3lz_r67=--,1lz_r07=unavailable; 3lz_r07=unavailable; 1lz_r67=unavailable; 3lz_r67=unavailable,opt_feh_002,sec_susp_001,,,,,,,,,,,needs_section_review,False,
zr1x,zr1_zr1x_intextmec_raw,zr1_zr1x_intextmec_raw:464-464,,FEH,FEH,"Suspension, performance with Magnetic Selective Ride Control",,1lz_s07=S; 3lz_s07=S; 1lz_s67=S; 3lz_s67=S,1lz_s07=standard; 3lz_s07=standard; 1lz_s67=standard; 3lz_s67=standard,opt_feh_002,sec_susp_001,,,,,,,,,,,needs_section_review,False,
zr1,zr1_zr1x_intextmec_raw,zr1_zr1x_intextmec_raw:460-463,,FEJ,FEJ,"Suspension, ZTK with Magnetic Selective Ride Control",Included and only available with (ZTK) ZTK Performance Package.,1lz_r07=A1; 3lz_r07=A1; 1lz_r67=A1; 3lz_r67=A1,1lz_r07=available; 3lz_r07=available; 1lz_r67=available; 3lz_r67=available,opt_fej_001,sec_susp_001,,,,,,,,,,,needs_section_review,False,
zr1x,zr1_zr1x_intextmec_raw,zr1_zr1x_intextmec_raw:460-463,,FEJ,FEJ,"Suspension, ZTK with Magnetic Selective Ride Control",Included and only available with (ZTK) ZTK Performance Package.,1lz_s07=--; 3lz_s07=--; 1lz_s67=--; 3lz_s67=--,1lz_s07=unavailable; 3lz_s07=unavailable; 1lz_s67=unavailable; 3lz_s67=unavailable,opt_fej_001,sec_susp_001,,,,,,,,,,,needs_section_review,False,
zr1,zr1_zr1x_intextmec_raw,zr1_zr1x_intextmec_raw:465-468,,FEZ,FEZ,"Suspension, ZTK with Magnetic Selective Ride Control",Included and only available with (ZTK) ZTK Performance Package.,1lz_r07=--; 3lz_r07=--; 1lz_r67=--; 3lz_r67=--,1lz_r07=unavailable; 3lz_r07=unavailable; 1lz_r67=unavailable; 3lz_r67=unavailable,opt_fez_001,sec_susp_001,,,,,,,,,,,needs_section_review,False,
zr1x,zr1_zr1x_intextmec_raw,zr1_zr1x_intextmec_raw:465-468,,FEZ,FEZ,"Suspension, ZTK with Magnetic Selective Ride Control",Included and only available with (ZTK) ZTK Performance Package.,1lz_s07=A1; 3lz_s07=A1; 1lz_s67=A1; 3lz_s67=A1,1lz_s07=available; 3lz_s07=available; 1lz_s67=available; 3lz_s67=available,opt_fez_001,sec_susp_001,,,,,,,,,,,needs_section_review,False,
z06,z06_standard_raw,z06_standard_raw:123-123,,G0K,G0K,"Rear axle, 5.56 ratio",,1lz_h07=S; 2lz_h07=S; 3lz_h07=S; 1lz_h67=S; 2lz_h67=S; 3lz_h67=S,1lz_h07=standard; 2lz_h07=standard; 3lz_h07=standard; 1lz_h67=standard; 2lz_h67=standard; 3lz_h67=standard,opt_g0k_001,,,,,,,,,,,,deferred,False,
z06,z06_intextmec_raw,z06_intextmec_raw:587-587,,G0K,G0K,"Rear axle, 5.56 ratio",,1lz_h07=S; 2lz_h07=S; 3lz_h07=S; 1lz_h67=S; 2lz_h67=S; 3lz_h67=S,1lz_h07=standard; 2lz_h07=standard; 3lz_h07=standard; 1lz_h67=standard; 2lz_h67=standard; 3lz_h67=standard,opt_g0k_001,sec_stan_001,120,grand_sport:opt_g0k_001,opt_g0k_001,"Rear axle, 5.56 ratio",,,sec_stan_001,False,120,,approved,True,
zr1,zr1_zr1x_standard_raw,zr1_zr1x_standard_raw:116-116,,G0K,G0K,"Rear axle, 5.56 ratio",,1lz_r07=S; 3lz_r07=S; 1lz_r67=S; 3lz_r67=S,1lz_r07=standard; 3lz_r07=standard; 1lz_r67=standard; 3lz_r67=standard,opt_g0k_001,,,,,,,,,,,,deferred,False,
zr1x,zr1_zr1x_standard_raw,zr1_zr1x_standard_raw:116-116,,G0K,G0K,"Rear axle, 5.56 ratio",,1lz_s07=S; 3lz_s07=S; 1lz_s67=S; 3lz_s67=S,1lz_s07=standard; 3lz_s07=standard; 1lz_s67=standard; 3lz_s67=standard,opt_g0k_001,,,,,,,,,,,,deferred,False,
zr1,zr1_zr1x_intextmec_raw,zr1_zr1x_intextmec_raw:457-457,,G0K,G0K,"Rear axle, 5.56 ratio",,1lz_r07=S; 3lz_r07=S; 1lz_r67=S; 3lz_r67=S,1lz_r07=standard; 3lz_r07=standard; 1lz_r67=standard; 3lz_r67=standard,opt_g0k_001,sec_stan_001,120,grand_sport:opt_g0k_001,opt_g0k_001,"Rear axle, 5.56 ratio",,,sec_stan_001,False,120,,approved,True,
zr1x,zr1_zr1x_intextmec_raw,zr1_zr1x_intextmec_raw:457-457,,G0K,G0K,"Rear axle, 5.56 ratio",,1lz_s07=S; 3lz_s07=S; 1lz_s67=S; 3lz_s67=S,1lz_s07=standard; 3lz_s07=standard; 1lz_s67=standard; 3lz_s67=standard,opt_g0k_001,sec_stan_001,120,grand_sport:opt_g0k_001,opt_g0k_001,"Rear axle, 5.56 ratio",,,sec_stan_001,False,120,,approved,True,
zr1,zr1_zr1x_standard_raw,zr1_zr1x_standard_raw:100-100,,HP1,HP1,"Front axle, electrified propulsion (186 hp [138.7 kW], 145 lb-ft of front torque [196.6 N-m]). 1250 (932.1 kW) total combined hp with LT7 engine",,1lz_r07=--; 3lz_r07=--; 1lz_r67=--; 3lz_r67=--,1lz_r07=unavailable; 3lz_r07=unavailable; 1lz_r67=unavailable; 3lz_r67=unavailable,opt_hp1_001,,,,,,,,,,,,deferred,False,
zr1x,zr1_zr1x_standard_raw,zr1_zr1x_standard_raw:100-100,,HP1,HP1,"Front axle, electrified propulsion (186 hp [138.7 kW], 145 lb-ft of front torque [196.6 N-m]). 1250 (932.1 kW) total combined hp with LT7 engine",,1lz_s07=S; 3lz_s07=S; 1lz_s67=S; 3lz_s67=S,1lz_s07=standard; 3lz_s07=standard; 1lz_s67=standard; 3lz_s67=standard,opt_hp1_001,,,,,,,,,,,,deferred,False,
zr1x,zr1_zr1x_intextmec_raw,zr1_zr1x_intextmec_raw:438-438,,HP1,HP1,"Front axle, electrified propulsion (186 hp [138.7 kW], 145 lb-ft of front torque [196.6 N-m]). 1250 (932.1 kW) total combined hp with LT7 engine",,1lz_s07=S; 3lz_s07=S; 1lz_s67=S; 3lz_s67=S,1lz_s07=standard; 3lz_s07=standard; 1lz_s67=standard; 3lz_s67=standard,opt_hp1_002,sec_stan_001,,,,,,,,,,,needs_section_review,False,
z06,z06_standard_raw,z06_standard_raw:16-16,,IVE,IVE,"Infotainment system with Google Built-In,12.7"" diagonal center console display, 14"" diagonal Driver Information Center, and 6.6"" diagonal auxiliary touchscreen, with Google Built-In compatibility, including navigation capability, connected apps, Natural Voice Recognition. Phone integration for Wireless Apple CarPlay/Wireless Android Auto for compatible phones",,1lz_h07=S; 2lz_h07=S; 3lz_h07=S; 1lz_h67=S; 2lz_h67=S; 3lz_h67=S,1lz_h07=standard; 2lz_h07=standard; 3lz_h07=standard; 1lz_h67=standard; 2lz_h67=standard; 3lz_h67=standard,opt_ive_001,,,,,,,,,,,,deferred,False,
z06,z06_intextmec_raw,z06_intextmec_raw:16-16,,IVE,IVE,"Infotainment system with Google Built-In,12.7"" diagonal center console display, 14"" diagonal Driver Information Center, and 6.6"" diagonal auxiliary touchscreen, with Google Built-In compatibility, including navigation capability, connected apps, Natural Voice Recognition. Phone integration for Wireless Apple CarPlay/Wireless Android Auto for compatible phones",,1lz_h07=S; 2lz_h07=S; 3lz_h07=S; 1lz_h67=S; 2lz_h67=S; 3lz_h67=S,1lz_h07=standard; 2lz_h07=standard; 3lz_h07=standard; 1lz_h67=standard; 2lz_h67=standard; 3lz_h67=standard,opt_ive_001,sec_tech_001,10,grand_sport:opt_ive_001,opt_ive_001,"Infotainment system with Google Built-In,12.7"" diagonal center console display, 14"" diagonal Driver Information Center, and 6.6"" diagonal auxiliary touchscreen, with Google Built-In compatibility, including navigation capability, connected apps, Natural Voice Recognition. Phone integration for Wireless Apple CarPlay/Wireless Android Auto for compatible phones",,,sec_tech_001,False,10,,approved,True,
zr1,zr1_zr1x_standard_raw,zr1_zr1x_standard_raw:16-16,,IVE,IVE,"Infotainment system with Google Built-In,12.7"" diagonal center console display, 14"" diagonal Driver Information Center, and 6.6"" diagonal auxiliary touchscreen, with Google Built-In compatibility, including navigation capability, connected apps, Natural Voice Recognition. Phone integration for Wireless Apple CarPlay/Wireless Android Auto for compatible phones",,1lz_r07=S; 3lz_r07=S; 1lz_r67=S; 3lz_r67=S,1lz_r07=standard; 3lz_r07=standard; 1lz_r67=standard; 3lz_r67=standard,opt_ive_001,,,,,,,,,,,,deferred,False,
zr1x,zr1_zr1x_standard_raw,zr1_zr1x_standard_raw:16-16,,IVE,IVE,"Infotainment system with Google Built-In,12.7"" diagonal center console display, 14"" diagonal Driver Information Center, and 6.6"" diagonal auxiliary touchscreen, with Google Built-In compatibility, including navigation capability, connected apps, Natural Voice Recognition. Phone integration for Wireless Apple CarPlay/Wireless Android Auto for compatible phones",,1lz_s07=S; 3lz_s07=S; 1lz_s67=S; 3lz_s67=S,1lz_s07=standard; 3lz_s07=standard; 1lz_s67=standard; 3lz_s67=standard,opt_ive_001,,,,,,,,,,,,deferred,False,
zr1,zr1_zr1x_intextmec_raw,zr1_zr1x_intextmec_raw:16-16,,IVE,IVE,"Infotainment system with Google Built-In,12.7"" diagonal center console display, 14"" diagonal Driver Information Center, and 6.6"" diagonal auxiliary touchscreen, with Google Built-In compatibility, including navigation capability, connected apps, Natural Voice Recognition. Phone integration for Wireless Apple CarPlay/Wireless Android Auto for compatible phones",,1lz_r07=S; 3lz_r07=S; 1lz_r67=S; 3lz_r67=S,1lz_r07=standard; 3lz_r07=standard; 1lz_r67=standard; 3lz_r67=standard,opt_ive_001,sec_tech_001,10,grand_sport:opt_ive_001,opt_ive_001,"Infotainment system with Google Built-In,12.7"" diagonal center console display, 14"" diagonal Driver Information Center, and 6.6"" diagonal auxiliary touchscreen, with Google Built-In compatibility, including navigation capability, connected apps, Natural Voice Recognition. Phone integration for Wireless Apple CarPlay/Wireless Android Auto for compatible phones",,,sec_tech_001,False,10,,approved,True,
zr1x,zr1_zr1x_intextmec_raw,zr1_zr1x_intextmec_raw:16-16,,IVE,IVE,"Infotainment system with Google Built-In,12.7"" diagonal center console display, 14"" diagonal Driver Information Center, and 6.6"" diagonal auxiliary touchscreen, with Google Built-In compatibility, including navigation capability, connected apps, Natural Voice Recognition. Phone integration for Wireless Apple CarPlay/Wireless Android Auto for compatible phones",,1lz_s07=S; 3lz_s07=S; 1lz_s67=S; 3lz_s67=S,1lz_s07=standard; 3lz_s07=standard; 1lz_s67=standard; 3lz_s67=standard,opt_ive_001,sec_tech_001,10,grand_sport:opt_ive_001,opt_ive_001,"Infotainment system with Google Built-In,12.7"" diagonal center console display, 14"" diagonal Driver Information Center, and 6.6"" diagonal auxiliary touchscreen, with Google Built-In compatibility, including navigation capability, connected apps, Natural Voice Recognition. Phone integration for Wireless Apple CarPlay/Wireless Android Auto for compatible phones",,,sec_tech_001,False,10,,approved,True,
z06,z06_intextmec_raw,z06_intextmec_raw:213-213,,IWE,IWE,"Sueded Microfiber-Wrapped Upper Interior Trim Package, includes headliner, visors, trim above windshield and rear window, and A-pillar trim",,1lz_h07=--; 2lz_h07=--; 3lz_h07=■; 1lz_h67=--; 2lz_h67=--; 3lz_h67=■,1lz_h07=unavailable; 2lz_h07=unavailable; 3lz_h07=standard; 1lz_h67=unavailable; 2lz_h67=unavailable; 3lz_h67=standard,opt_iwe_001,sec_3lte_001,20,grand_sport:opt_iwe_001,opt_iwe_001,"Sueded Microfiber-Wrapped Upper Interior Trim Package, includes headliner, visors, trim above windshield and rear window, and A-pillar trim",,,sec_3lte_001,False,20,,approved,True,
zr1,zr1_zr1x_intextmec_raw,zr1_zr1x_intextmec_raw:207-207,,IWE,IWE,"Sueded Microfiber-Wrapped Upper Interior Trim Package, includes headliner, visors, trim above windshield and rear window, and A-pillar trim",,1lz_r07=--; 3lz_r07=■; 1lz_r67=--; 3lz_r67=■,1lz_r07=unavailable; 3lz_r07=standard; 1lz_r67=unavailable; 3lz_r67=standard,opt_iwe_001,sec_3lte_001,20,grand_sport:opt_iwe_001,opt_iwe_001,"Sueded Microfiber-Wrapped Upper Interior Trim Package, includes headliner, visors, trim above windshield and rear window, and A-pillar trim",,,sec_3lte_001,False,20,,approved,True,
zr1x,zr1_zr1x_intextmec_raw,zr1_zr1x_intextmec_raw:207-207,,IWE,IWE,"Sueded Microfiber-Wrapped Upper Interior Trim Package, includes headliner, visors, trim above windshield and rear window, and A-pillar trim",,1lz_s07=--; 3lz_s07=■; 1lz_s67=--; 3lz_s67=■,1lz_s07=unavailable; 3lz_s07=standard; 1lz_s67=unavailable; 3lz_s67=standard,opt_iwe_001,sec_3lte_001,20,grand_sport:opt_iwe_001,opt_iwe_001,"Sueded Microfiber-Wrapped Upper Interior Trim Package, includes headliner, visors, trim above windshield and rear window, and A-pillar trim",,,sec_3lte_001,False,20,,approved,True,
z06,z06_standard_raw,z06_standard_raw:92-92,,J56,J56,"Brakes, 4-wheel antilock, 4-wheel disc, performance 6-piston front and 4-piston rear",,1lz_h07=S; 2lz_h07=S; 3lz_h07=S; 1lz_h67=S; 2lz_h67=S; 3lz_h67=S,1lz_h07=standard; 2lz_h07=standard; 3lz_h07=standard; 1lz_h67=standard; 2lz_h67=standard; 3lz_h67=standard,opt_j56_001,,,,,,,,,,,,deferred,False,
z06,z06_intextmec_raw,z06_intextmec_raw:519-519,,J56,J56,"Brakes, 4-wheel antilock, 4-wheel disc, performance 6-piston front and 4-piston rear",,1lz_h07=S; 2lz_h07=S; 3lz_h07=S; 1lz_h67=S; 2lz_h67=S; 3lz_h67=S,1lz_h07=standard; 2lz_h07=standard; 3lz_h07=standard; 1lz_h67=standard; 2lz_h67=standard; 3lz_h67=standard,opt_j56_001,sec_perf_brake_001,10,grand_sport:opt_j56_001,opt_j56_001,"Brakes, 4-wheel antilock, 4-wheel disc, performance 6-piston front and 4-piston rear",,,sec_perf_brake_001,False,10,display_only,approved,True,
z06,z06_intextmec_raw,z06_intextmec_raw:520-523,J57,,J57,"Brakes, 4-wheel antilock, 4-wheel disc, carbon ceramic, includes (J6D) Dark Gray Metallic-painted calipers",Included with (Z07) Z07 Performance Package or (PDB) Carbon Fiber Wheel and Brake Package.,1lz_h07=A1; 2lz_h07=A1; 3lz_h07=A1; 1lz_h67=A1; 2lz_h67=A1; 3lz_h67=A1,1lz_h07=available; 2lz_h07=available; 3lz_h07=available; 1lz_h67=available; 2lz_h67=available; 3lz_h67=available,opt_j57_001,sec_perf_brake_001,20,grand_sport:opt_j57_001,opt_j57_001,"Brakes, 4-wheel antilock, 4-wheel disc, carbon ceramic, includes (J6D) Dark Gray Metallic-painted calipers",,Included with (Z07) Z07 Performance Package or (PDB) Carbon Fiber Wheel and Brake Package.,sec_perf_brake_001,True,20,,approved,True,
zr1,zr1_zr1x_standard_raw,zr1_zr1x_standard_raw:88-88,,J58,J58,"Brakes, 4-wheel antilock, 4-wheel disc, carbon ceramic, ZR1-specific",,1lz_r07=S; 3lz_r07=S; 1lz_r67=S; 3lz_r67=S,1lz_r07=standard; 3lz_r07=standard; 1lz_r67=standard; 3lz_r67=standard,opt_j58_001,,,,,,,,,,,,deferred,False,
zr1x,zr1_zr1x_standard_raw,zr1_zr1x_standard_raw:88-88,,J58,J58,"Brakes, 4-wheel antilock, 4-wheel disc, carbon ceramic, ZR1-specific",,1lz_s07=--; 3lz_s07=--; 1lz_s67=--; 3lz_s67=--,1lz_s07=unavailable; 3lz_s07=unavailable; 1lz_s67=unavailable; 3lz_s67=unavailable,opt_j58_001,,,,,,,,,,,,deferred,False,
zr1,zr1_zr1x_intextmec_raw,zr1_zr1x_intextmec_raw:407-407,,J58,J58,"Brakes, 4-wheel antilock, 4-wheel disc, carbon ceramic, ZR1-specific",,1lz_r07=S; 3lz_r07=S; 1lz_r67=S; 3lz_r67=S,1lz_r07=standard; 3lz_r07=standard; 1lz_r67=standard; 3lz_r67=standard,opt_j58_002,sec_perf_brake_001,,,,,,,,,,,needs_section_review,False,
zr1,zr1_zr1x_standard_raw,zr1_zr1x_standard_raw:89-92,,J59,J59,"Brakes, 4-wheel antilock, 4-wheel disc, carbon ceramic, 10-piston front, 6-piston rear",Included and only available with (ZTK) ZTK Performance Package.,1lz_r07=A1; 3lz_r07=A1; 1lz_r67=A1; 3lz_r67=A1,1lz_r07=available; 3lz_r07=available; 1lz_r67=available; 3lz_r67=available,opt_j59_001,,,,,,,,,,,,deferred,False,
zr1x,zr1_zr1x_standard_raw,zr1_zr1x_standard_raw:89-92,,J59,J59,"Brakes, 4-wheel antilock, 4-wheel disc, carbon ceramic, 10-piston front, 6-piston rear",Included and only available with (ZTK) ZTK Performance Package.,1lz_s07=S; 3lz_s07=S; 1lz_s67=S; 3lz_s67=S,1lz_s07=standard; 3lz_s07=standard; 1lz_s67=standard; 3lz_s67=standard,opt_j59_001,,,,,,,,,,,,deferred,False,
zr1,zr1_zr1x_intextmec_raw,zr1_zr1x_intextmec_raw:408-411,,J59,J59,"Brakes, 4-wheel antilock, 4-wheel disc, carbon ceramic, 10-piston front, 6-piston rear",Included and only available with (ZTK) ZTK Performance Package.,1lz_r07=A1; 3lz_r07=A1; 1lz_r67=A1; 3lz_r67=A1,1lz_r07=available; 3lz_r07=available; 1lz_r67=available; 3lz_r67=available,opt_j59_002,sec_perf_brake_001,,,,,,,,,,,needs_section_review,False,
zr1x,zr1_zr1x_intextmec_raw,zr1_zr1x_intextmec_raw:408-411,,J59,J59,"Brakes, 4-wheel antilock, 4-wheel disc, carbon ceramic, 10-piston front, 6-piston rear",Included and only available with (ZTK) ZTK Performance Package.,1lz_s07=S; 3lz_s07=S; 1lz_s67=S; 3lz_s67=S,1lz_s07=standard; 3lz_s07=standard; 1lz_s67=standard; 3lz_s67=standard,opt_j59_002,sec_stan_001,,,,,,,,,,,needs_section_review,False,
z06,z06_standard_raw,z06_standard_raw:98-98,,J6A,J6A,"Calipers, Black painted",,1lz_h07=S; 2lz_h07=S; 3lz_h07=S; 1lz_h67=S; 2lz_h67=S; 3lz_h67=S,1lz_h07=standard; 2lz_h07=standard; 3lz_h07=standard; 1lz_h67=standard; 2lz_h67=standard; 3lz_h67=standard,opt_j6a_001,,,,,,,,,,,,deferred,False,
z06,z06_intextmec_raw,z06_intextmec_raw:527-527,,J6A,J6A,"Calipers, Black painted",,1lz_h07=S; 2lz_h07=S; 3lz_h07=S; 1lz_h67=S; 2lz_h67=S; 3lz_h67=S,1lz_h07=standard; 2lz_h07=standard; 3lz_h07=standard; 1lz_h67=standard; 2lz_h67=standard; 3lz_h67=standard,opt_j6a_001,sec_cali_001,10,grand_sport:opt_j6a_001,opt_j6a_001,"Calipers, Black painted",,,sec_cali_001,False,10,,approved,True,
z06,z06_intextmec_raw,z06_intextmec_raw:532-532,J6B,,J6B,"Calipers, Blue-painted",,1lz_h07=A; 2lz_h07=A; 3lz_h07=A; 1lz_h67=A; 2lz_h67=A; 3lz_h67=A,1lz_h07=available; 2lz_h07=available; 3lz_h07=available; 1lz_h67=available; 2lz_h67=available; 3lz_h67=available,opt_j6b_001,sec_cali_001,50,grand_sport:opt_j6b_001,opt_j6b_001,"Calipers, Blue-painted",,,sec_cali_001,True,50,,approved,True,
zr1,zr1_zr1x_intextmec_raw,zr1_zr1x_intextmec_raw:416-416,J6B,,J6B,"Calipers, Blue-painted",,1lz_r07=A; 3lz_r07=A; 1lz_r67=A; 3lz_r67=A,1lz_r07=available; 3lz_r07=available; 1lz_r67=available; 3lz_r67=available,opt_j6b_001,sec_cali_001,50,grand_sport:opt_j6b_001,opt_j6b_001,"Calipers, Blue-painted",,,sec_cali_001,True,50,,approved,True,
zr1x,zr1_zr1x_intextmec_raw,zr1_zr1x_intextmec_raw:416-416,J6B,,J6B,"Calipers, Blue-painted",,1lz_s07=A; 3lz_s07=A; 1lz_s67=A; 3lz_s67=A,1lz_s07=available; 3lz_s07=available; 1lz_s67=available; 3lz_s67=available,opt_j6b_001,sec_cali_001,50,grand_sport:opt_j6b_001,opt_j6b_001,"Calipers, Blue-painted",,,sec_cali_001,True,50,,approved,True,
z06,z06_standard_raw,z06_standard_raw:100-103,,J6D,J6D,"Calipers, Dark Gray Metallic-painted",Included and only available with (J57) carbon ceramic brakes.,1lz_h07=A1; 2lz_h07=A1; 3lz_h07=A1; 1lz_h67=A1; 2lz_h67=A1; 3lz_h67=A1,1lz_h07=available; 2lz_h07=available; 3lz_h07=available; 1lz_h67=available; 2lz_h67=available; 3lz_h67=available,opt_j6d_001,,,,,,,,,,,,deferred,False,
z06,z06_intextmec_raw,z06_intextmec_raw:528-531,,J6D,J6D,"Calipers, Dark Gray Metallic-painted",Included and only available with (J57) carbon ceramic brakes.,1lz_h07=A1; 2lz_h07=A1; 3lz_h07=A1; 1lz_h67=A1; 2lz_h67=A1; 3lz_h67=A1,1lz_h07=available; 2lz_h07=available; 3lz_h07=available; 1lz_h67=available; 2lz_h67=available; 3lz_h67=available,opt_j6d_001,sec_cali_001,15,grand_sport:opt_j6d_001,opt_j6d_001,"Calipers, Dark Gray Metallic-painted",,Included and only available with (J57) carbon ceramic brakes.,sec_cali_001,True,15,,approved,True,
zr1,zr1_zr1x_standard_raw,zr1_zr1x_standard_raw:98-98,,J6D,J6D,"Calipers, Dark Gray Metallic-painted",,1lz_r07=S; 3lz_r07=S; 1lz_r67=S; 3lz_r67=S,1lz_r07=standard; 3lz_r07=standard; 1lz_r67=standard; 3lz_r67=standard,opt_j6d_001,,,,,,,,,,,,deferred,False,
zr1x,zr1_zr1x_standard_raw,zr1_zr1x_standard_raw:98-98,,J6D,J6D,"Calipers, Dark Gray Metallic-painted",,1lz_s07=S; 3lz_s07=S; 1lz_s67=S; 3lz_s67=S,1lz_s07=standard; 3lz_s07=standard; 1lz_s67=standard; 3lz_s67=standard,opt_j6d_001,,,,,,,,,,,,deferred,False,
zr1,zr1_zr1x_intextmec_raw,zr1_zr1x_intextmec_raw:415-415,,J6D,J6D,"Calipers, Dark Gray Metallic-painted",,1lz_r07=S; 3lz_r07=S; 1lz_r67=S; 3lz_r67=S,1lz_r07=standard; 3lz_r07=standard; 1lz_r67=standard; 3lz_r67=standard,opt_j6d_001,sec_cali_001,15,grand_sport:opt_j6d_001,opt_j6d_001,"Calipers, Dark Gray Metallic-painted",,,sec_cali_001,False,15,,approved,True,
zr1x,zr1_zr1x_intextmec_raw,zr1_zr1x_intextmec_raw:415-415,,J6D,J6D,"Calipers, Dark Gray Metallic-painted",,1lz_s07=S; 3lz_s07=S; 1lz_s67=S; 3lz_s67=S,1lz_s07=standard; 3lz_s07=standard; 1lz_s67=standard; 3lz_s67=standard,opt_j6d_001,sec_cali_001,15,grand_sport:opt_j6d_001,opt_j6d_001,"Calipers, Dark Gray Metallic-painted",,,sec_cali_001,False,15,,approved,True,
z06,z06_intextmec_raw,z06_intextmec_raw:533-533,J6E,,J6E,"Calipers, Velocity Yellow-painted",,1lz_h07=A; 2lz_h07=A; 3lz_h07=A; 1lz_h67=A; 2lz_h67=A; 3lz_h67=A,1lz_h07=available; 2lz_h07=available; 3lz_h07=available; 1lz_h67=available; 2lz_h67=available; 3lz_h67=available,opt_j6e_001,sec_cali_001,30,grand_sport:opt_j6e_001,opt_j6e_001,"Calipers, Velocity Yellow-painted",,,sec_cali_001,True,30,,approved,True,
zr1,zr1_zr1x_intextmec_raw,zr1_zr1x_intextmec_raw:417-417,J6E,,J6E,"Calipers, Velocity Yellow-painted",,1lz_r07=A; 3lz_r07=A; 1lz_r67=A; 3lz_r67=A,1lz_r07=available; 3lz_r07=available; 1lz_r67=available; 3lz_r67=available,opt_j6e_001,sec_cali_001,30,grand_sport:opt_j6e_001,opt_j6e_001,"Calipers, Velocity Yellow-painted",,,sec_cali_001,True,30,,approved,True,
zr1x,zr1_zr1x_intextmec_raw,zr1_zr1x_intextmec_raw:417-417,J6E,,J6E,"Calipers, Velocity Yellow-painted",,1lz_s07=A; 3lz_s07=A; 1lz_s67=A; 3lz_s67=A,1lz_s07=available; 3lz_s07=available; 1lz_s67=available; 3lz_s67=available,opt_j6e_001,sec_cali_001,30,grand_sport:opt_j6e_001,opt_j6e_001,"Calipers, Velocity Yellow-painted",,,sec_cali_001,True,30,,approved,True,
z06,z06_intextmec_raw,z06_intextmec_raw:534-534,J6F,,J6F,"Calipers, Bright Red-painted",,1lz_h07=A; 2lz_h07=A; 3lz_h07=A; 1lz_h67=A; 2lz_h67=A; 3lz_h67=A,1lz_h07=available; 2lz_h07=available; 3lz_h07=available; 1lz_h67=available; 2lz_h67=available; 3lz_h67=available,opt_j6f_001,sec_cali_001,20,grand_sport:opt_j6f_001,opt_j6f_001,"Calipers, Bright Red-painted",,,sec_cali_001,True,20,,approved,True,
zr1,zr1_zr1x_intextmec_raw,zr1_zr1x_intextmec_raw:418-418,J6F,,J6F,"Calipers, Bright Red-painted",,1lz_r07=A; 3lz_r07=A; 1lz_r67=A; 3lz_r67=A,1lz_r07=available; 3lz_r07=available; 1lz_r67=available; 3lz_r67=available,opt_j6f_001,sec_cali_001,20,grand_sport:opt_j6f_001,opt_j6f_001,"Calipers, Bright Red-painted",,,sec_cali_001,True,20,,approved,True,
zr1x,zr1_zr1x_intextmec_raw,zr1_zr1x_intextmec_raw:418-418,J6F,,J6F,"Calipers, Bright Red-painted",,1lz_s07=A; 3lz_s07=A; 1lz_s67=A; 3lz_s67=A,1lz_s07=available; 3lz_s07=available; 1lz_s67=available; 3lz_s67=available,opt_j6f_001,sec_cali_001,20,grand_sport:opt_j6f_001,opt_j6f_001,"Calipers, Bright Red-painted",,,sec_cali_001,True,20,,approved,True,
z06,z06_intextmec_raw,z06_intextmec_raw:535-538,J6L,,J6L,"Calipers, Orange-painted",Requires (J57) carbon ceramic brakes.,1lz_h07=A1; 2lz_h07=A1; 3lz_h07=A1; 1lz_h67=A1; 2lz_h67=A1; 3lz_h67=A1,1lz_h07=available; 2lz_h07=available; 3lz_h07=available; 1lz_h67=available; 2lz_h67=available; 3lz_h67=available,opt_j6l_001,sec_cali_001,70,grand_sport:opt_j6l_001,opt_j6l_001,"Calipers, Orange-painted",,Requires (J57) carbon ceramic brakes.,sec_cali_001,True,70,,approved,True,
zr1,zr1_zr1x_intextmec_raw,zr1_zr1x_intextmec_raw:419-419,J6L,,J6L,"Calipers, Orange-painted",,1lz_r07=A; 3lz_r07=A; 1lz_r67=A; 3lz_r67=A,1lz_r07=available; 3lz_r07=available; 1lz_r67=available; 3lz_r67=available,opt_j6l_001,sec_cali_001,70,grand_sport:opt_j6l_001,opt_j6l_001,"Calipers, Orange-painted",,,sec_cali_001,True,70,,approved,True,
zr1x,zr1_zr1x_intextmec_raw,zr1_zr1x_intextmec_raw:419-419,J6L,,J6L,"Calipers, Orange-painted",,1lz_s07=A; 3lz_s07=A; 1lz_s67=A; 3lz_s67=A,1lz_s07=available; 3lz_s07=available; 1lz_s67=available; 3lz_s67=available,opt_j6l_001,sec_cali_001,70,grand_sport:opt_j6l_001,opt_j6l_001,"Calipers, Orange-painted",,,sec_cali_001,True,70,,approved,True,
z06,z06_intextmec_raw,z06_intextmec_raw:539-539,J6N,,J6N,"Calipers, Edge Red-painted",,1lz_h07=A; 2lz_h07=A; 3lz_h07=A; 1lz_h67=A; 2lz_h67=A; 3lz_h67=A,1lz_h07=available; 2lz_h07=available; 3lz_h07=available; 1lz_h67=available; 2lz_h67=available; 3lz_h67=available,opt_j6n_001,sec_cali_001,40,grand_sport:opt_j6n_001,opt_j6n_001,"Calipers, Edge Red-painted",,,sec_cali_001,True,40,,approved,True,
zr1,zr1_zr1x_intextmec_raw,zr1_zr1x_intextmec_raw:420-420,J6N,,J6N,"Calipers, Edge Red-painted",,1lz_r07=A; 3lz_r07=A; 1lz_r67=A; 3lz_r67=A,1lz_r07=available; 3lz_r07=available; 1lz_r67=available; 3lz_r67=available,opt_j6n_001,sec_cali_001,40,grand_sport:opt_j6n_001,opt_j6n_001,"Calipers, Edge Red-painted",,,sec_cali_001,True,40,,approved,True,
zr1x,zr1_zr1x_intextmec_raw,zr1_zr1x_intextmec_raw:420-420,J6N,,J6N,"Calipers, Edge Red-painted",,1lz_s07=A; 3lz_s07=A; 1lz_s67=A; 3lz_s67=A,1lz_s07=available; 3lz_s07=available; 1lz_s67=available; 3lz_s67=available,opt_j6n_001,sec_cali_001,40,grand_sport:opt_j6n_001,opt_j6n_001,"Calipers, Edge Red-painted",,,sec_cali_001,True,40,,approved,True,
zr1,zr1_zr1x_intextmec_raw,zr1_zr1x_intextmec_raw:421-421,J6O,,J6O,"Calipers, Bronze-painted",,1lz_r07=A; 3lz_r07=A; 1lz_r67=A; 3lz_r67=A,1lz_r07=available; 3lz_r07=available; 1lz_r67=available; 3lz_r67=available,opt_j6o_001,sec_cali_001,,,,,,,,,,,needs_section_review,False,
zr1x,zr1_zr1x_intextmec_raw,zr1_zr1x_intextmec_raw:421-421,J6O,,J6O,"Calipers, Bronze-painted",,1lz_s07=A; 3lz_s07=A; 1lz_s67=A; 3lz_s67=A,1lz_s07=available; 3lz_s07=available; 1lz_s67=available; 3lz_s67=available,opt_j6o_001,sec_cali_001,,,,,,,,,,,needs_section_review,False,
z06,z06_standard_raw,z06_standard_raw:73-73,,K7A,K7A,"Wireless Phone Charging, wireless charging pad for phone or portable devices, located on center console",,1lz_h07=S; 2lz_h07=--; 3lz_h07=--; 1lz_h67=S; 2lz_h67=--; 3lz_h67=--,1lz_h07=standard; 2lz_h07=unavailable; 3lz_h07=unavailable; 1lz_h67=standard; 2lz_h67=unavailable; 3lz_h67=unavailable,opt_k7a_001,,,,,,,,,,,,deferred,False,
z06,z06_intextmec_raw,z06_intextmec_raw:230-230,,K7A,K7A,"Wireless Phone Charging, wireless charging pad for phone or portable devices, located on center console",,1lz_h07=S; 2lz_h07=--; 3lz_h07=--; 1lz_h67=S; 2lz_h67=--; 3lz_h67=--,1lz_h07=standard; 2lz_h07=unavailable; 3lz_h07=unavailable; 1lz_h67=standard; 2lz_h67=unavailable; 3lz_h67=unavailable,opt_k7a_001,sec_1lte_001,40,grand_sport:opt_k7a_001,opt_k7a_001,"Wireless Phone Charging, wireless charging pad for phone or portable devices, located on center console",,,sec_1lte_001,False,40,,approved,True,
zr1,zr1_zr1x_standard_raw,zr1_zr1x_standard_raw:73-73,,K7A,K7A,"Wireless Phone Charging, wireless charging pad for phone or portable devices, located on center console",,1lz_r07=S; 3lz_r07=--; 1lz_r67=S; 3lz_r67=--,1lz_r07=standard; 3lz_r07=unavailable; 1lz_r67=standard; 3lz_r67=unavailable,opt_k7a_001,,,,,,,,,,,,deferred,False,
zr1x,zr1_zr1x_standard_raw,zr1_zr1x_standard_raw:73-73,,K7A,K7A,"Wireless Phone Charging, wireless charging pad for phone or portable devices, located on center console",,1lz_s07=S; 3lz_s07=--; 1lz_s67=S; 3lz_s67=--,1lz_s07=standard; 3lz_s07=unavailable; 1lz_s67=standard; 3lz_s67=unavailable,opt_k7a_001,,,,,,,,,,,,deferred,False,
zr1,zr1_zr1x_intextmec_raw,zr1_zr1x_intextmec_raw:224-224,,K7A,K7A,"Wireless Phone Charging, wireless charging pad for phone or portable devices, located on center console",,1lz_r07=S; 3lz_r07=--; 1lz_r67=S; 3lz_r67=--,1lz_r07=standard; 3lz_r07=unavailable; 1lz_r67=standard; 3lz_r67=unavailable,opt_k7a_001,sec_1lte_001,40,grand_sport:opt_k7a_001,opt_k7a_001,"Wireless Phone Charging, wireless charging pad for phone or portable devices, located on center console",,,sec_1lte_001,False,40,,approved,True,
zr1x,zr1_zr1x_intextmec_raw,zr1_zr1x_intextmec_raw:224-224,,K7A,K7A,"Wireless Phone Charging, wireless charging pad for phone or portable devices, located on center console",,1lz_s07=S; 3lz_s07=--; 1lz_s67=S; 3lz_s67=--,1lz_s07=standard; 3lz_s07=unavailable; 1lz_s67=standard; 3lz_s67=unavailable,opt_k7a_001,sec_1lte_001,40,grand_sport:opt_k7a_001,opt_k7a_001,"Wireless Phone Charging, wireless charging pad for phone or portable devices, located on center console",,,sec_1lte_001,False,40,,approved,True,
z06,z06_intextmec_raw,z06_intextmec_raw:231-231,,K7B,K7B,"Wireless Phone Charging, 2 wireless charging pads for phone or portable devices, located on center console and between seatbacks",,1lz_h07=--; 2lz_h07=■; 3lz_h07=■; 1lz_h67=--; 2lz_h67=■; 3lz_h67=■,1lz_h07=unavailable; 2lz_h07=standard; 3lz_h07=standard; 1lz_h67=unavailable; 2lz_h67=standard; 3lz_h67=standard,opt_k7b_001,sec_2lte_001,60,grand_sport:opt_k7b_001,opt_k7b_001,"Wireless Phone Charging, 2 wireless charging pads for phone or portable devices, located on center console and between seatbacks",,,sec_2lte_001,False,60,,approved,True,
zr1,zr1_zr1x_intextmec_raw,zr1_zr1x_intextmec_raw:225-225,,K7B,K7B,"Wireless Phone Charging, 2 wireless charging pads for phone or portable devices, located on center console and between seatbacks",,1lz_r07=--; 3lz_r07=■; 1lz_r67=--; 3lz_r67=■,1lz_r07=unavailable; 3lz_r07=standard; 1lz_r67=unavailable; 3lz_r67=standard,opt_k7b_001,sec_2lte_001,60,grand_sport:opt_k7b_001,opt_k7b_001,"Wireless Phone Charging, 2 wireless charging pads for phone or portable devices, located on center console and between seatbacks",,,sec_2lte_001,False,60,,approved,True,
zr1x,zr1_zr1x_intextmec_raw,zr1_zr1x_intextmec_raw:225-225,,K7B,K7B,"Wireless Phone Charging, 2 wireless charging pads for phone or portable devices, located on center console and between seatbacks",,1lz_s07=--; 3lz_s07=■; 1lz_s67=--; 3lz_s67=■,1lz_s07=unavailable; 3lz_s07=standard; 1lz_s67=unavailable; 3lz_s67=standard,opt_k7b_001,sec_2lte_001,60,grand_sport:opt_k7b_001,opt_k7b_001,"Wireless Phone Charging, 2 wireless charging pads for phone or portable devices, located on center console and between seatbacks",,,sec_2lte_001,False,60,,approved,True,
z06,z06_intextmec_raw,z06_intextmec_raw:191-191,,KI3,KI3,"Steering wheel, heated",,1lz_h07=--; 2lz_h07=■; 3lz_h07=■; 1lz_h67=--; 2lz_h67=■; 3lz_h67=■,1lz_h07=unavailable; 2lz_h07=standard; 3lz_h07=standard; 1lz_h67=unavailable; 2lz_h67=standard; 3lz_h67=standard,opt_ki3_001,sec_2lte_001,80,grand_sport:opt_ki3_001,opt_ki3_001,"Steering wheel, heated",,,sec_2lte_001,False,80,,approved,True,
zr1,zr1_zr1x_intextmec_raw,zr1_zr1x_intextmec_raw:188-188,,KI3,KI3,"Steering wheel, heated",,1lz_r07=--; 3lz_r07=■; 1lz_r67=--; 3lz_r67=■,1lz_r07=unavailable; 3lz_r07=standard; 1lz_r67=unavailable; 3lz_r67=standard,opt_ki3_001,sec_2lte_001,80,grand_sport:opt_ki3_001,opt_ki3_001,"Steering wheel, heated",,,sec_2lte_001,False,80,,approved,True,
zr1x,zr1_zr1x_intextmec_raw,zr1_zr1x_intextmec_raw:188-188,,KI3,KI3,"Steering wheel, heated",,1lz_s07=--; 3lz_s07=■; 1lz_s67=--; 3lz_s67=■,1lz_s07=unavailable; 3lz_s07=standard; 1lz_s67=unavailable; 3lz_s67=standard,opt_ki3_001,sec_2lte_001,80,grand_sport:opt_ki3_001,opt_ki3_001,"Steering wheel, heated",,,sec_2lte_001,False,80,,approved,True,
z06,z06_intextmec_raw,z06_intextmec_raw:172-172,,KQV,KQV,"Seats, heated and vented driver and passenger",,1lz_h07=--; 2lz_h07=■; 3lz_h07=■; 1lz_h67=--; 2lz_h67=■; 3lz_h67=■,1lz_h07=unavailable; 2lz_h07=standard; 3lz_h07=standard; 1lz_h67=unavailable; 2lz_h67=standard; 3lz_h67=standard,opt_kqv_001,sec_2lte_001,100,grand_sport:opt_kqv_001,opt_kqv_001,"Seats, heated and vented driver and passenger",,,sec_2lte_001,False,100,,approved,True,
zr1,zr1_zr1x_intextmec_raw,zr1_zr1x_intextmec_raw:170-170,,KQV,KQV,"Seats, heated and vented driver and passenger",,1lz_r07=--; 3lz_r07=■; 1lz_r67=--; 3lz_r67=■,1lz_r07=unavailable; 3lz_r07=standard; 1lz_r67=unavailable; 3lz_r67=standard,opt_kqv_001,sec_2lte_001,100,grand_sport:opt_kqv_001,opt_kqv_001,"Seats, heated and vented driver and passenger",,,sec_2lte_001,False,100,,approved,True,
zr1x,zr1_zr1x_intextmec_raw,zr1_zr1x_intextmec_raw:170-170,,KQV,KQV,"Seats, heated and vented driver and passenger",,1lz_s07=--; 3lz_s07=■; 1lz_s67=--; 3lz_s67=■,1lz_s07=unavailable; 3lz_s07=standard; 1lz_s67=unavailable; 3lz_s67=standard,opt_kqv_001,sec_2lte_001,100,grand_sport:opt_kqv_001,opt_kqv_001,"Seats, heated and vented driver and passenger",,,sec_2lte_001,False,100,,approved,True,
z06,z06_standard_raw,z06_standard_raw:104-104,,LT6,LT6,"Engine, 5.5L V8 DI, high-output, Variable Valve Timing (VVT), (670 hp [499.6 kW] @ 8400 rpm, 460 lb-ft of torque [623.8 N-m] @ 6300 rpm)",,1lz_h07=S; 2lz_h07=S; 3lz_h07=S; 1lz_h67=S; 2lz_h67=S; 3lz_h67=S,1lz_h07=standard; 2lz_h07=standard; 3lz_h07=standard; 1lz_h67=standard; 2lz_h67=standard; 3lz_h67=standard,opt_lt6_001,,,,,,,,,,,,deferred,False,
z06,z06_intextmec_raw,z06_intextmec_raw:555-555,,LT6,LT6,"Engine, 5.5L V8 DI, high-output, Variable Valve Timing (VVT), (670 hp [499.6 kW] @ 8400 rpm, 460 lb-ft of torque [623.8 N-m] @ 6300 rpm)",,1lz_h07=S; 2lz_h07=S; 3lz_h07=S; 1lz_h67=S; 2lz_h67=S; 3lz_h67=S,1lz_h07=standard; 2lz_h07=standard; 3lz_h07=standard; 1lz_h67=standard; 2lz_h67=standard; 3lz_h67=standard,opt_lt6_002,sec_stan_001,,,,,,,,,,,needs_section_review,False,
zr1,zr1_zr1x_standard_raw,zr1_zr1x_standard_raw:99-99,,LT7,LT7,"Engine, 5.5L V8 Twin Turbo, TPI, DI, high-output, Variable Valve Timing (VVT) (1064 hp [793 kW] @ 7000 rpm, 828 lb-ft of torque [1123 N-m] @ 6000 rpm)",,1lz_r07=S; 3lz_r07=S; 1lz_r67=S; 3lz_r67=S,1lz_r07=standard; 3lz_r07=standard; 1lz_r67=standard; 3lz_r67=standard,opt_lt7_001,,,,,,,,,,,,deferred,False,
zr1x,zr1_zr1x_standard_raw,zr1_zr1x_standard_raw:99-99,,LT7,LT7,"Engine, 5.5L V8 Twin Turbo, TPI, DI, high-output, Variable Valve Timing (VVT) (1064 hp [793 kW] @ 7000 rpm, 828 lb-ft of torque [1123 N-m] @ 6000 rpm)",,1lz_s07=S; 3lz_s07=S; 1lz_s67=S; 3lz_s67=S,1lz_s07=standard; 3lz_s07=standard; 1lz_s67=standard; 3lz_s67=standard,opt_lt7_001,,,,,,,,,,,,deferred,False,
zr1,zr1_zr1x_intextmec_raw,zr1_zr1x_intextmec_raw:437-437,,LT7,LT7,"Engine, 5.5L V8 Twin Turbo, TPI, DI, high-output, Variable Valve Timing (VVT) (1064 hp [793 kW] @ 7000 rpm, 828 lb-ft of torque [1123 N-m] @ 6000 rpm)",,1lz_r07=S; 3lz_r07=S; 1lz_r67=S; 3lz_r67=S,1lz_r07=standard; 3lz_r07=standard; 1lz_r67=standard; 3lz_r67=standard,opt_lt7_002,sec_stan_001,,,,,,,,,,,needs_section_review,False,
zr1x,zr1_zr1x_intextmec_raw,zr1_zr1x_intextmec_raw:437-437,,LT7,LT7,"Engine, 5.5L V8 Twin Turbo, TPI, DI, high-output, Variable Valve Timing (VVT) (1064 hp [793 kW] @ 7000 rpm, 828 lb-ft of torque [1123 N-m] @ 6000 rpm)",,1lz_s07=S; 3lz_s07=S; 1lz_s67=S; 3lz_s67=S,1lz_s07=standard; 3lz_s07=standard; 1lz_s67=standard; 3lz_s67=standard,opt_lt7_002,sec_stan_001,,,,,,,,,,,needs_section_review,False,
zr1,zr1_zr1x_standard_raw,zr1_zr1x_standard_raw:123-123,,M1K,M1K,"Transmission, 8-speed dual clutch, includes manual and auto modes",,1lz_r07=S; 3lz_r07=S; 1lz_r67=S; 3lz_r67=S,1lz_r07=standard; 3lz_r07=standard; 1lz_r67=standard; 3lz_r67=standard,opt_m1k_001,,,,,,,,,,,,deferred,False,
zr1x,zr1_zr1x_standard_raw,zr1_zr1x_standard_raw:123-123,,M1K,M1K,"Transmission, 8-speed dual clutch, includes manual and auto modes",,1lz_s07=--; 3lz_s07=--; 1lz_s67=--; 3lz_s67=--,1lz_s07=unavailable; 3lz_s07=unavailable; 1lz_s67=unavailable; 3lz_s67=unavailable,opt_m1k_001,,,,,,,,,,,,deferred,False,
zr1,zr1_zr1x_intextmec_raw,zr1_zr1x_intextmec_raw:470-470,,M1K,M1K,"Transmission, 8-speed dual clutch, includes manual and auto modes",,1lz_r07=S; 3lz_r07=S; 1lz_r67=S; 3lz_r67=S,1lz_r07=standard; 3lz_r07=standard; 1lz_r67=standard; 3lz_r67=standard,opt_m1k_002,sec_stan_001,,,,,,,,,,,needs_section_review,False,
z06,z06_standard_raw,z06_standard_raw:128-128,,M1M,M1M,"Transmission, 8-speed dual clutch, includes manual and auto modes",,1lz_h07=S; 2lz_h07=S; 3lz_h07=S; 1lz_h67=S; 2lz_h67=S; 3lz_h67=S,1lz_h07=standard; 2lz_h07=standard; 3lz_h07=standard; 1lz_h67=standard; 2lz_h67=standard; 3lz_h67=standard,opt_m1m_001,,,,,,,,,,,,deferred,False,
z06,z06_intextmec_raw,z06_intextmec_raw:595-595,,M1M,M1M,"Transmission, 8-speed dual clutch, includes manual and auto modes",,1lz_h07=S; 2lz_h07=S; 3lz_h07=S; 1lz_h67=S; 2lz_h67=S; 3lz_h67=S,1lz_h07=standard; 2lz_h07=standard; 3lz_h07=standard; 1lz_h67=standard; 2lz_h67=standard; 3lz_h67=standard,opt_m1m_002,sec_stan_001,,,,,,,,,,,needs_section_review,False,
zr1,zr1_zr1x_standard_raw,zr1_zr1x_standard_raw:124-124,,MLP,MLP,"Transmission, 8-speed dual clutch, includes manual and auto modes",,1lz_r07=--; 3lz_r07=--; 1lz_r67=--; 3lz_r67=--,1lz_r07=unavailable; 3lz_r07=unavailable; 1lz_r67=unavailable; 3lz_r67=unavailable,opt_mlp_001,,,,,,,,,,,,deferred,False,
zr1x,zr1_zr1x_standard_raw,zr1_zr1x_standard_raw:124-124,,MLP,MLP,"Transmission, 8-speed dual clutch, includes manual and auto modes",,1lz_s07=S; 3lz_s07=S; 1lz_s67=S; 3lz_s67=S,1lz_s07=standard; 3lz_s07=standard; 1lz_s67=standard; 3lz_s67=standard,opt_mlp_001,,,,,,,,,,,,deferred,False,
zr1x,zr1_zr1x_intextmec_raw,zr1_zr1x_intextmec_raw:471-471,,MLP,MLP,"Transmission, 8-speed dual clutch, includes manual and auto modes",,1lz_s07=S; 3lz_s07=S; 1lz_s67=S; 3lz_s67=S,1lz_s07=standard; 3lz_s07=standard; 1lz_s67=standard; 3lz_s67=standard,opt_mlp_002,sec_stan_001,,,,,,,,,,,needs_section_review,False,
z06,z06_intextmec_raw,z06_intextmec_raw:182-186,N26,,N26,"Steering wheel, sueded microfiber-wrapped","Requires (HTJ) Jet Black interior.
Requires leather seating surfaces with perforated sueded microfiber inserts interior: HTP, HU6, HU7, HTQ.",1lz_h07=A1; 2lz_h07=A2; 3lz_h07=--; 1lz_h67=A1; 2lz_h67=A2; 3lz_h67=--,1lz_h07=available; 2lz_h07=available; 3lz_h07=unavailable; 1lz_h67=available; 2lz_h67=available; 3lz_h67=unavailable,opt_n26_001,sec_inte_001,,,,,,,,,,,needs_section_review,False,
zr1,zr1_zr1x_intextmec_raw,zr1_zr1x_intextmec_raw:180-183,N26,,N26,"Steering wheel, sueded microfiber-wrapped",Requires (HTJ) Jet Black interior.,1lz_r07=A1; 3lz_r07=--; 1lz_r67=A1; 3lz_r67=--,1lz_r07=available; 3lz_r07=unavailable; 1lz_r67=available; 3lz_r67=unavailable,opt_n26_001,sec_inte_001,,,,,,,,,,,needs_section_review,False,
zr1x,zr1_zr1x_intextmec_raw,zr1_zr1x_intextmec_raw:180-183,N26,,N26,"Steering wheel, sueded microfiber-wrapped",Requires (HTJ) Jet Black interior.,1lz_s07=A1; 3lz_s07=--; 1lz_s67=A1; 3lz_s67=--,1lz_s07=available; 3lz_s07=unavailable; 1lz_s67=available; 3lz_s67=unavailable,opt_n26_001,sec_inte_001,,,,,,,,,,,needs_section_review,False,
z06,z06_intextmec_raw,z06_intextmec_raw:187-190,N2Z,,N2Z,"Steering wheel, carbon fiber and sueded microfiber-wrapped","Requires leather seating surfaces with perforated sueded microfiber inserts interiors: HTT, HU9, HUA, HTG, HUF, HMO, HVT, HXO, HZP, HUX, EPX, HUB.",1lz_h07=--; 2lz_h07=--; 3lz_h07=A1; 1lz_h67=--; 2lz_h67=--; 3lz_h67=A1,1lz_h07=unavailable; 2lz_h07=unavailable; 3lz_h07=available; 1lz_h67=unavailable; 2lz_h67=unavailable; 3lz_h67=available,opt_n2z_001,sec_inte_001,,,,,,,,,,,needs_section_review,False,
zr1,zr1_zr1x_intextmec_raw,zr1_zr1x_intextmec_raw:184-187,N2Z,,N2Z,"Steering wheel, carbon fiber and sueded microfiber-wrapped","Requires leather seating surfaces with perforated sueded microfiber inserts interiors: HTT, HU9, HUA, HTG, HUF, HMO, HVT, HXO, HZP, HUX, EPX, HUB.",1lz_r07=--; 3lz_r07=A1; 1lz_r67=--; 3lz_r67=A1,1lz_r07=unavailable; 3lz_r07=available; 1lz_r67=unavailable; 3lz_r67=available,opt_n2z_001,sec_inte_001,,,,,,,,,,,needs_section_review,False,
zr1x,zr1_zr1x_intextmec_raw,zr1_zr1x_intextmec_raw:184-187,N2Z,,N2Z,"Steering wheel, carbon fiber and sueded microfiber-wrapped","Requires leather seating surfaces with perforated sueded microfiber inserts interiors: HTT, HU9, HUA, HTG, HUF, HMO, HVT, HXO, HZP, HUX, EPX, HUB.",1lz_s07=--; 3lz_s07=A1; 1lz_s67=--; 3lz_s67=A1,1lz_s07=unavailable; 3lz_s07=available; 1lz_s67=unavailable; 3lz_s67=available,opt_n2z_001,sec_inte_001,,,,,,,,,,,needs_section_review,False,
z06,z06_standard_raw,z06_standard_raw:61-61,,N38,N38,"Steering column, power tilt and telescopic",,1lz_h07=S; 2lz_h07=S; 3lz_h07=S; 1lz_h67=S; 2lz_h67=S; 3lz_h67=S,1lz_h07=standard; 2lz_h07=standard; 3lz_h07=standard; 1lz_h67=standard; 2lz_h67=standard; 3lz_h67=standard,opt_n38_001,,,,,,,,,,,,deferred,False,
z06,z06_intextmec_raw,z06_intextmec_raw:179-179,,N38,N38,"Steering column, power tilt and telescopic",,1lz_h07=S; 2lz_h07=S; 3lz_h07=S; 1lz_h67=S; 2lz_h67=S; 3lz_h67=S,1lz_h07=standard; 2lz_h07=standard; 3lz_h07=standard; 1lz_h67=standard; 2lz_h67=standard; 3lz_h67=standard,opt_n38_001,sec_stan_001,80,grand_sport:opt_n38_001,opt_n38_001,"Steering column, power tilt and telescopic",,,sec_stan_001,False,80,,approved,True,
zr1,zr1_zr1x_standard_raw,zr1_zr1x_standard_raw:61-61,,N38,N38,"Steering column, power tilt and telescopic",,1lz_r07=S; 3lz_r07=S; 1lz_r67=S; 3lz_r67=S,1lz_r07=standard; 3lz_r07=standard; 1lz_r67=standard; 3lz_r67=standard,opt_n38_001,,,,,,,,,,,,deferred,False,
zr1x,zr1_zr1x_standard_raw,zr1_zr1x_standard_raw:61-61,,N38,N38,"Steering column, power tilt and telescopic",,1lz_s07=S; 3lz_s07=S; 1lz_s67=S; 3lz_s67=S,1lz_s07=standard; 3lz_s07=standard; 1lz_s67=standard; 3lz_s67=standard,opt_n38_001,,,,,,,,,,,,deferred,False,
zr1,zr1_zr1x_intextmec_raw,zr1_zr1x_intextmec_raw:177-177,,N38,N38,"Steering column, power tilt and telescopic",,1lz_r07=S; 3lz_r07=S; 1lz_r67=S; 3lz_r67=S,1lz_r07=standard; 3lz_r07=standard; 1lz_r67=standard; 3lz_r67=standard,opt_n38_001,sec_stan_001,80,grand_sport:opt_n38_001,opt_n38_001,"Steering column, power tilt and telescopic",,,sec_stan_001,False,80,,approved,True,
zr1x,zr1_zr1x_intextmec_raw,zr1_zr1x_intextmec_raw:177-177,,N38,N38,"Steering column, power tilt and telescopic",,1lz_s07=S; 3lz_s07=S; 1lz_s67=S; 3lz_s67=S,1lz_s07=standard; 3lz_s07=standard; 1lz_s67=standard; 3lz_s67=standard,opt_n38_001,sec_stan_001,80,grand_sport:opt_n38_001,opt_n38_001,"Steering column, power tilt and telescopic",,,sec_stan_001,False,80,,approved,True,
z06,z06_standard_raw,z06_standard_raw:63-63,,N3W,N3W,"Steering wheel, carbon fiber and leather-wrapped",,1lz_h07=--; 2lz_h07=--; 3lz_h07=S; 1lz_h67=--; 2lz_h67=--; 3lz_h67=S,1lz_h07=unavailable; 2lz_h07=unavailable; 3lz_h07=standard; 1lz_h67=unavailable; 2lz_h67=unavailable; 3lz_h67=standard,opt_n3w_001,,,,,,,,,,,,deferred,False,
zr1,zr1_zr1x_standard_raw,zr1_zr1x_standard_raw:63-63,,N3W,N3W,"Steering wheel, carbon fiber and leather-wrapped",,1lz_r07=--; 3lz_r07=S; 1lz_r67=--; 3lz_r67=S,1lz_r07=unavailable; 3lz_r07=standard; 1lz_r67=unavailable; 3lz_r67=standard,opt_n3w_001,,,,,,,,,,,,deferred,False,
zr1x,zr1_zr1x_standard_raw,zr1_zr1x_standard_raw:63-63,,N3W,N3W,"Steering wheel, carbon fiber and leather-wrapped",,1lz_s07=--; 3lz_s07=S; 1lz_s67=--; 3lz_s67=S,1lz_s07=unavailable; 3lz_s07=standard; 1lz_s67=unavailable; 3lz_s67=standard,opt_n3w_001,,,,,,,,,,,,deferred,False,
z06,z06_intextmec_raw,z06_intextmec_raw:181-181,,N3W,N3W,"Steering wheel, carbon fiber and leather-wrapped",,1lz_h07=--; 2lz_h07=--; 3lz_h07=S; 1lz_h67=--; 2lz_h67=--; 3lz_h67=S,1lz_h07=unavailable; 2lz_h07=unavailable; 3lz_h07=standard; 1lz_h67=unavailable; 2lz_h67=unavailable; 3lz_h67=standard,opt_n3w_002,sec_inte_001,,,,,,,,,,,needs_section_review,False,
zr1,zr1_zr1x_intextmec_raw,zr1_zr1x_intextmec_raw:179-179,,N3W,N3W,"Steering wheel, carbon fiber and leather-wrapped",,1lz_r07=--; 3lz_r07=S; 1lz_r67=--; 3lz_r67=S,1lz_r07=unavailable; 3lz_r07=standard; 1lz_r67=unavailable; 3lz_r67=standard,opt_n3w_002,sec_inte_001,,,,,,,,,,,needs_section_review,False,
zr1x,zr1_zr1x_intextmec_raw,zr1_zr1x_intextmec_raw:179-179,,N3W,N3W,"Steering wheel, carbon fiber and leather-wrapped",,1lz_s07=--; 3lz_s07=S; 1lz_s67=--; 3lz_s67=S,1lz_s07=unavailable; 3lz_s07=standard; 1lz_s67=unavailable; 3lz_s67=standard,opt_n3w_002,sec_inte_001,,,,,,,,,,,needs_section_review,False,
z06,z06_standard_raw,z06_standard_raw:113-113,,NGA,NGA,"Exhaust tips, Black",,1lz_h07=S; 2lz_h07=S; 3lz_h07=S; 1lz_h67=S; 2lz_h67=S; 3lz_h67=S,1lz_h07=standard; 2lz_h07=standard; 3lz_h07=standard; 1lz_h67=standard; 2lz_h67=standard; 3lz_h67=standard,opt_nga_001,,,,,,,,,,,,deferred,False,
z06,z06_intextmec_raw,z06_intextmec_raw:570-570,,NGA,NGA,"Exhaust tips, Black",,1lz_h07=S; 2lz_h07=S; 3lz_h07=S; 1lz_h67=S; 2lz_h67=S; 3lz_h67=S,1lz_h07=standard; 2lz_h07=standard; 3lz_h07=standard; 1lz_h67=standard; 2lz_h67=standard; 3lz_h67=standard,opt_nga_001,sec_exha_001,10,grand_sport:opt_nga_001,opt_nga_001,"Exhaust tips, Black",,,sec_exha_001,False,10,,approved,True,
zr1,zr1_zr1x_standard_raw,zr1_zr1x_standard_raw:107-107,,NGA,NGA,"Exhaust tips, Black",,1lz_r07=S; 3lz_r07=S; 1lz_r67=S; 3lz_r67=S,1lz_r07=standard; 3lz_r07=standard; 1lz_r67=standard; 3lz_r67=standard,opt_nga_001,,,,,,,,,,,,deferred,False,
zr1x,zr1_zr1x_standard_raw,zr1_zr1x_standard_raw:107-107,,NGA,NGA,"Exhaust tips, Black",,1lz_s07=S; 3lz_s07=S; 1lz_s67=S; 3lz_s67=S,1lz_s07=standard; 3lz_s07=standard; 1lz_s67=standard; 3lz_s67=standard,opt_nga_001,,,,,,,,,,,,deferred,False,
zr1,zr1_zr1x_intextmec_raw,zr1_zr1x_intextmec_raw:445-445,,NGA,NGA,"Exhaust tips, Black",,1lz_r07=S; 3lz_r07=S; 1lz_r67=S; 3lz_r67=S,1lz_r07=standard; 3lz_r07=standard; 1lz_r67=standard; 3lz_r67=standard,opt_nga_001,sec_exha_001,10,grand_sport:opt_nga_001,opt_nga_001,"Exhaust tips, Black",,,sec_exha_001,False,10,,approved,True,
zr1x,zr1_zr1x_intextmec_raw,zr1_zr1x_intextmec_raw:445-445,,NGA,NGA,"Exhaust tips, Black",,1lz_s07=S; 3lz_s07=S; 1lz_s67=S; 3lz_s67=S,1lz_s07=standard; 3lz_s07=standard; 1lz_s67=standard; 3lz_s67=standard,opt_nga_001,sec_exha_001,10,grand_sport:opt_nga_001,opt_nga_001,"Exhaust tips, Black",,,sec_exha_001,False,10,,approved,True,
z06,z06_standard_raw,z06_standard_raw:62-62,,NK4,NK4,"Steering wheel, leather-wrapped",,1lz_h07=S; 2lz_h07=S; 3lz_h07=--; 1lz_h67=S; 2lz_h67=S; 3lz_h67=--,1lz_h07=standard; 2lz_h07=standard; 3lz_h07=unavailable; 1lz_h67=standard; 2lz_h67=standard; 3lz_h67=unavailable,opt_nk4_001,,,,,,,,,,,,deferred,False,
z06,z06_intextmec_raw,z06_intextmec_raw:180-180,,NK4,NK4,"Steering wheel, leather-wrapped",,1lz_h07=S; 2lz_h07=S; 3lz_h07=--; 1lz_h67=S; 2lz_h67=S; 3lz_h67=--,1lz_h07=standard; 2lz_h07=standard; 3lz_h07=unavailable; 1lz_h67=standard; 2lz_h67=standard; 3lz_h67=unavailable,opt_nk4_001,sec_stan_002,80,grand_sport:opt_nk4_001,opt_nk4_001,"Steering wheel, leather-wrapped",,,sec_stan_002,False,80,,approved,True,
zr1,zr1_zr1x_standard_raw,zr1_zr1x_standard_raw:62-62,,NK4,NK4,"Steering wheel, leather-wrapped",,1lz_r07=S; 3lz_r07=--; 1lz_r67=S; 3lz_r67=--,1lz_r07=standard; 3lz_r07=unavailable; 1lz_r67=standard; 3lz_r67=unavailable,opt_nk4_001,,,,,,,,,,,,deferred,False,
zr1x,zr1_zr1x_standard_raw,zr1_zr1x_standard_raw:62-62,,NK4,NK4,"Steering wheel, leather-wrapped",,1lz_s07=S; 3lz_s07=--; 1lz_s67=S; 3lz_s67=--,1lz_s07=standard; 3lz_s07=unavailable; 1lz_s67=standard; 3lz_s67=unavailable,opt_nk4_001,,,,,,,,,,,,deferred,False,
zr1,zr1_zr1x_intextmec_raw,zr1_zr1x_intextmec_raw:178-178,,NK4,NK4,"Steering wheel, leather-wrapped",,1lz_r07=S; 3lz_r07=--; 1lz_r67=S; 3lz_r67=--,1lz_r07=standard; 3lz_r07=unavailable; 1lz_r67=standard; 3lz_r67=unavailable,opt_nk4_001,sec_stan_002,80,grand_sport:opt_nk4_001,opt_nk4_001,"Steering wheel, leather-wrapped",,,sec_stan_002,False,80,,approved,True,
zr1x,zr1_zr1x_intextmec_raw,zr1_zr1x_intextmec_raw:178-178,,NK4,NK4,"Steering wheel, leather-wrapped",,1lz_s07=S; 3lz_s07=--; 1lz_s67=S; 3lz_s67=--,1lz_s07=standard; 3lz_s07=unavailable; 1lz_s67=standard; 3lz_s67=unavailable,opt_nk4_001,sec_stan_002,80,grand_sport:opt_nk4_001,opt_nk4_001,"Steering wheel, leather-wrapped",,,sec_stan_002,False,80,,approved,True,
z06,z06_standard_raw,z06_standard_raw:110-110,,NPP,NPP,"Exhaust, performance, aggressive exhaust sound varies with driver mode selected",,1lz_h07=S; 2lz_h07=S; 3lz_h07=S; 1lz_h67=S; 2lz_h67=S; 3lz_h67=S,1lz_h07=standard; 2lz_h07=standard; 3lz_h07=standard; 1lz_h67=standard; 2lz_h67=standard; 3lz_h67=standard,opt_npp_001,,,,,,,,,,,,deferred,False,
z06,z06_intextmec_raw,z06_intextmec_raw:568-568,,NPP,NPP,"Exhaust, performance, aggressive exhaust sound varies with driver mode selected",,1lz_h07=S; 2lz_h07=S; 3lz_h07=S; 1lz_h67=S; 2lz_h67=S; 3lz_h67=S,1lz_h07=standard; 2lz_h07=standard; 3lz_h07=standard; 1lz_h67=standard; 2lz_h67=standard; 3lz_h67=standard,opt_npp_001,sec_stan_001,30,grand_sport:opt_npp_001,opt_npp_001,"Exhaust, performance, aggressive exhaust sound varies with driver mode selected",,,sec_stan_001,False,30,,approved,True,
zr1,zr1_zr1x_standard_raw,zr1_zr1x_standard_raw:104-104,,NPP,NPP,"Exhaust, performance, aggressive exhaust sound varies with driver mode selected",,1lz_r07=S; 3lz_r07=S; 1lz_r67=S; 3lz_r67=S,1lz_r07=standard; 3lz_r07=standard; 1lz_r67=standard; 3lz_r67=standard,opt_npp_001,,,,,,,,,,,,deferred,False,
zr1x,zr1_zr1x_standard_raw,zr1_zr1x_standard_raw:104-104,,NPP,NPP,"Exhaust, performance, aggressive exhaust sound varies with driver mode selected",,1lz_s07=S; 3lz_s07=S; 1lz_s67=S; 3lz_s67=S,1lz_s07=standard; 3lz_s07=standard; 1lz_s67=standard; 3lz_s67=standard,opt_npp_001,,,,,,,,,,,,deferred,False,
zr1,zr1_zr1x_intextmec_raw,zr1_zr1x_intextmec_raw:443-443,,NPP,NPP,"Exhaust, performance, aggressive exhaust sound varies with driver mode selected",,1lz_r07=S; 3lz_r07=S; 1lz_r67=S; 3lz_r67=S,1lz_r07=standard; 3lz_r07=standard; 1lz_r67=standard; 3lz_r67=standard,opt_npp_001,sec_stan_001,30,grand_sport:opt_npp_001,opt_npp_001,"Exhaust, performance, aggressive exhaust sound varies with driver mode selected",,,sec_stan_001,False,30,,approved,True,
zr1x,zr1_zr1x_intextmec_raw,zr1_zr1x_intextmec_raw:443-443,,NPP,NPP,"Exhaust, performance, aggressive exhaust sound varies with driver mode selected",,1lz_s07=S; 3lz_s07=S; 1lz_s67=S; 3lz_s67=S,1lz_s07=standard; 3lz_s07=standard; 1lz_s67=standard; 3lz_s67=standard,opt_npp_001,sec_stan_001,30,grand_sport:opt_npp_001,opt_npp_001,"Exhaust, performance, aggressive exhaust sound varies with driver mode selected",,,sec_stan_001,False,30,,approved,True,
z06,z06_intextmec_raw,z06_intextmec_raw:571-571,NWI,,NWI,"NEW!Exhaust tips, bright, center, quad, exposed",,1lz_h07=A; 2lz_h07=A; 3lz_h07=A; 1lz_h67=A; 2lz_h67=A; 3lz_h67=A,1lz_h07=available; 2lz_h07=available; 3lz_h07=available; 1lz_h67=available; 2lz_h67=available; 3lz_h67=available,opt_nwi_001,sec_exha_001,30,grand_sport:opt_nwi_001,opt_nwi_001,"NEW!Exhaust tips, bright, center, quad, exposed",,,sec_exha_001,True,30,,approved,True,
zr1,zr1_zr1x_intextmec_raw,zr1_zr1x_intextmec_raw:446-446,NWI,,NWI,"NEW!Exhaust tips, bright, center, quad, exposed",,1lz_r07=A; 3lz_r07=A; 1lz_r67=A; 3lz_r67=A,1lz_r07=available; 3lz_r07=available; 1lz_r67=available; 3lz_r67=available,opt_nwi_001,sec_exha_001,30,grand_sport:opt_nwi_001,opt_nwi_001,"NEW!Exhaust tips, bright, center, quad, exposed",,,sec_exha_001,True,30,,approved,True,
zr1x,zr1_zr1x_intextmec_raw,zr1_zr1x_intextmec_raw:446-446,NWI,,NWI,"NEW!Exhaust tips, bright, center, quad, exposed",,1lz_s07=A; 3lz_s07=A; 1lz_s67=A; 3lz_s67=A,1lz_s07=available; 3lz_s07=available; 1lz_s67=available; 3lz_s67=available,opt_nwi_001,sec_exha_001,30,grand_sport:opt_nwi_001,opt_nwi_001,"NEW!Exhaust tips, bright, center, quad, exposed",,,sec_exha_001,True,30,,approved,True,
z06,z06_intextmec_raw,z06_intextmec_raw:556-556,PBC,,PBC,Customer Engine Build Program,,1lz_h07=A; 2lz_h07=A; 3lz_h07=A; 1lz_h67=A; 2lz_h67=A; 3lz_h67=A,1lz_h07=available; 2lz_h07=available; 3lz_h07=available; 1lz_h67=available; 2lz_h67=available; 3lz_h67=available,opt_pbc_001,sec_cust_001,,,,,,,,,,,needs_section_review,False,
zr1,zr1_zr1x_intextmec_raw,zr1_zr1x_intextmec_raw:439-439,PBC,,PBC,Customer Engine Build Program,,1lz_r07=A; 3lz_r07=A; 1lz_r67=A; 3lz_r67=A,1lz_r07=available; 3lz_r07=available; 1lz_r67=available; 3lz_r67=available,opt_pbc_001,sec_cust_001,,,,,,,,,,,needs_section_review,False,
zr1x,zr1_zr1x_intextmec_raw,zr1_zr1x_intextmec_raw:439-439,PBC,,PBC,Customer Engine Build Program,,1lz_s07=A; 3lz_s07=A; 1lz_s67=A; 3lz_s67=A,1lz_s07=available; 3lz_s07=available; 1lz_s67=available; 3lz_s67=available,opt_pbc_001,sec_cust_001,,,,,,,,,,,needs_section_review,False,
z06,z06_intextmec_raw,z06_intextmec_raw:315-315,PCQ,,PCQ,"LPO, Grille Screen Protection Package, includes (VWE) front radiator grille screens LPO and (VWT) insect protection grille screen LPO, Genuine Corvette Accessories",,1lz_h07=A/D; 2lz_h07=A/D; 3lz_h07=A/D; 1lz_h67=A/D; 2lz_h67=A/D; 3lz_h67=A/D,1lz_h07=available; 2lz_h07=available; 3lz_h07=available; 1lz_h67=available; 2lz_h67=available; 3lz_h67=available,opt_pcq_001,sec_lpoe_001,45,grand_sport:opt_pcq_001,opt_pcq_001,"LPO, Grille Screen Protection Package, includes (VWE) front radiator grille screens LPO and (VWT) insect protection grille screen LPO, Genuine Corvette Accessories",,,sec_lpoe_001,True,45,,approved,True,
zr1,zr1_zr1x_intextmec_raw,zr1_zr1x_intextmec_raw:259-259,PCQ,,PCQ,"LPO, Grille Screen Protection Package, includes (VWE) front radiator grille screens LPO and (VWT) insect protection grille screen LPO, Genuine Corvette Accessories",,1lz_r07=A/D; 3lz_r07=A/D; 1lz_r67=A/D; 3lz_r67=A/D,1lz_r07=available; 3lz_r07=available; 1lz_r67=available; 3lz_r67=available,opt_pcq_001,sec_lpoe_001,45,grand_sport:opt_pcq_001,opt_pcq_001,"LPO, Grille Screen Protection Package, includes (VWE) front radiator grille screens LPO and (VWT) insect protection grille screen LPO, Genuine Corvette Accessories",,,sec_lpoe_001,True,45,,approved,True,
zr1x,zr1_zr1x_intextmec_raw,zr1_zr1x_intextmec_raw:259-259,PCQ,,PCQ,"LPO, Grille Screen Protection Package, includes (VWE) front radiator grille screens LPO and (VWT) insect protection grille screen LPO, Genuine Corvette Accessories",,1lz_s07=A/D; 3lz_s07=A/D; 1lz_s67=A/D; 3lz_s67=A/D,1lz_s07=available; 3lz_s07=available; 1lz_s67=available; 3lz_s67=available,opt_pcq_001,sec_lpoe_001,45,grand_sport:opt_pcq_001,opt_pcq_001,"LPO, Grille Screen Protection Package, includes (VWE) front radiator grille screens LPO and (VWT) insect protection grille screen LPO, Genuine Corvette Accessories",,,sec_lpoe_001,True,45,,approved,True,
z06,z06_intextmec_raw,z06_intextmec_raw:311-314,PCZ,,PCZ,"LPO, Tech Bronze Accent Package, includes (5DK) 20"" front/21"" rear Spider design, Tech Bronze forged aluminum wheels LPO, (SFZ) Dark Stealth crossed flags emblem LPO, (SHT) Jake hood graphic with Tech Bronze accent LPO and (VPO) Jake C8.R rear hash graphic with Tech Bronze accent LPO , Genuine Corvette Accessories","Not available with R8C, SPZ, SFE, SPY, S47, ROY, ROZ, STZ, EYK, PDA, SNE or RPO stripes (DPB, DPC, DPG, DPL, DPT, DSY, DSZ, DT0, DTB, DTH, DUB, DUE, DUK, DUW, DZU, DZV, DZX).",1lz_h07=A/D1; 2lz_h07=A/D1; 3lz_h07=A/D1; 1lz_h67=A/D1; 2lz_h67=A/D1; 3lz_h67=A/D1,1lz_h07=available; 2lz_h07=available; 3lz_h07=available; 1lz_h67=available; 2lz_h67=available; 3lz_h67=available,opt_pcz_001,sec_lpoe_001,,,,,,,,,,,needs_section_review,False,
z06,z06_intextmec_raw,z06_intextmec_raw:307-310,PDA,,PDA,"LPO, Jake C8.R Graphics Package, includes (SNE) Jake hood graphic, LPO and (VPW) Jake C8.R rear hash graphic, LPO, Genuine Corvette Accessories","Not available with RPO stripes (DPB, DPC, DPG, DPL, DPT, DSY, DSZ, DT0, DTB, DTH, DUB, DUE, DUK, DUW, DZU, DZV, DZX).",1lz_h07=A/D1; 2lz_h07=A/D1; 3lz_h07=A/D1; 1lz_h67=A/D1; 2lz_h67=A/D1; 3lz_h67=A/D1,1lz_h07=available; 2lz_h07=available; 3lz_h07=available; 1lz_h67=available; 2lz_h67=available; 3lz_h67=available,opt_pda_001,sec_stri_001,,,,,,,,,,,needs_section_review,False,
z06,z06_intextmec_raw,z06_intextmec_raw:232-232,PDB,,PDB,"Carbon Fiber Wheel and Brake Package, includes (J57) carbon ceramic brakes with (J6D) Dark Gray Metallic-painted calipers and choice of one of the following wheels set: (ROY) 20"" front/21"" rear Carbon Flash-painted carbon fiber wheels, (ROZ) 20"" front/21"" rear visible carbon fiber wheels, or (STZ) 20"" front/21"" rear visible carbon fiber wheels with Red stripe",,1lz_h07=A; 2lz_h07=A; 3lz_h07=A; 1lz_h67=A; 2lz_h67=A; 3lz_h67=A,1lz_h07=available; 2lz_h07=available; 3lz_h07=available; 1lz_h67=available; 2lz_h67=available; 3lz_h67=available,opt_pdb_001,sec_perf_z52_001,,,,,,,,,,,needs_section_review,False,
z06,z06_intextmec_raw,z06_intextmec_raw:233-233,PDD,,PDD,"Z07 Carbon Flash Aero and Wheel Package, includes (Z07) Z07 Performance Package, (T0F) Carbon Flash-painted Carbon Fiber Aero Package, (CFZ) Carbon Flash-painted carbon fiber ground effects, and choice of one of the following wheels set: (ROY) 20"" front/21"" rear Carbon Flash-painted carbon fiber wheels, (ROZ) 20"" front/21"" rear visible carbon fiber wheels, or (STZ) 20"" front/21"" rear visible carbon fiber wheels with Red stripe",,1lz_h07=A; 2lz_h07=A; 3lz_h07=A; 1lz_h67=A; 2lz_h67=A; 3lz_h67=A,1lz_h07=available; 2lz_h07=available; 3lz_h07=available; 1lz_h67=available; 2lz_h67=available; 3lz_h67=available,opt_pdd_001,sec_perf_z52_001,,,,,,,,,,,needs_section_review,False,
z06,z06_intextmec_raw,z06_intextmec_raw:234-234,PDF,,PDF,"Z07 Visible Carbon Aero and Wheel Package, includes (Z07) Z07 Performance Package, (T0G) Visible Carbon Fiber Aero Package, (CFV) visible carbon fiber ground effects, and choice of one of the following wheels set: (ROY) 20"" front/21"" rear Carbon Flash-painted carbon fiber wheels, (ROZ) 20"" front/21"" rear visible carbon fiber wheels, or (STZ) 20"" front/21"" rear visible carbon fiber wheels with Red stripe",,1lz_h07=A; 2lz_h07=A; 3lz_h07=A; 1lz_h67=A; 2lz_h67=A; 3lz_h67=A,1lz_h07=available; 2lz_h07=available; 3lz_h07=available; 1lz_h67=available; 2lz_h67=available; 3lz_h67=available,opt_pdf_001,sec_perf_z52_001,,,,,,,,,,,needs_section_review,False,
z06,z06_intextmec_raw,z06_intextmec_raw:49-49,PDY,,PDY,"LPO, Roadside Safety Package, includes (RYT) First Aid Kit, LPO and (S08) Highway Safety Kit, LPO, Genuine Corvette Accessory",,1lz_h07=A/D; 2lz_h07=A/D; 3lz_h07=A/D; 1lz_h67=A/D; 2lz_h67=A/D; 3lz_h67=A/D,1lz_h07=available; 2lz_h07=available; 3lz_h07=available; 1lz_h67=available; 2lz_h67=available; 3lz_h67=available,opt_pdy_001,sec_lpoi_001,5,grand_sport:opt_pdy_001,opt_pdy_001,"LPO, Roadside Safety Package, includes (RYT) First Aid Kit, LPO and (S08) Highway Safety Kit, LPO, Genuine Corvette Accessory",,,sec_lpoi_001,True,5,,approved,True,
zr1,zr1_zr1x_intextmec_raw,zr1_zr1x_intextmec_raw:49-49,PDY,,PDY,"LPO, Roadside Safety Package, includes (RYT) First Aid Kit, LPO and (S08) Highway Safety Kit, LPO, Genuine Corvette Accessory",,1lz_r07=A/D; 3lz_r07=A/D; 1lz_r67=A/D; 3lz_r67=A/D,1lz_r07=available; 3lz_r07=available; 1lz_r67=available; 3lz_r67=available,opt_pdy_001,sec_lpoi_001,5,grand_sport:opt_pdy_001,opt_pdy_001,"LPO, Roadside Safety Package, includes (RYT) First Aid Kit, LPO and (S08) Highway Safety Kit, LPO, Genuine Corvette Accessory",,,sec_lpoi_001,True,5,,approved,True,
zr1x,zr1_zr1x_intextmec_raw,zr1_zr1x_intextmec_raw:49-49,PDY,,PDY,"LPO, Roadside Safety Package, includes (RYT) First Aid Kit, LPO and (S08) Highway Safety Kit, LPO, Genuine Corvette Accessory",,1lz_s07=A/D; 3lz_s07=A/D; 1lz_s67=A/D; 3lz_s67=A/D,1lz_s07=available; 3lz_s07=available; 1lz_s67=available; 3lz_s67=available,opt_pdy_001,sec_lpoi_001,5,grand_sport:opt_pdy_001,opt_pdy_001,"LPO, Roadside Safety Package, includes (RYT) First Aid Kit, LPO and (S08) Highway Safety Kit, LPO, Genuine Corvette Accessory",,,sec_lpoi_001,True,5,,approved,True,
z06,z06_intextmec_raw,z06_intextmec_raw:48-48,PEF,,PEF,"LPO, Contoured Liner Protection Package, includes (CAV) contoured cargo area liners with Jake logo and (RIA) all-weather floor liners with Jake logo, Genuine Corvette Accessory",,1lz_h07=A/D; 2lz_h07=A/D; 3lz_h07=A/D; 1lz_h67=A/D; 2lz_h67=A/D; 3lz_h67=A/D,1lz_h07=available; 2lz_h07=available; 3lz_h07=available; 1lz_h67=available; 2lz_h67=available; 3lz_h67=available,opt_pef_001,sec_lpoi_001,30,grand_sport:opt_pef_001,opt_pef_001,"LPO, Contoured Liner Protection Package, includes (CAV) contoured cargo area liners with Jake logo and (RIA) all-weather floor liners with Jake logo, Genuine Corvette Accessory",,,sec_lpoi_001,True,30,,approved,True,
zr1,zr1_zr1x_intextmec_raw,zr1_zr1x_intextmec_raw:48-48,PEF,,PEF,"LPO, Contoured Liner Protection Package, includes (CAV) contoured trunk cargo area liner with Jake logo and (RIA) all-weather floor liners with Jake logo, Genuine Corvette Accessory",,1lz_r07=A/D; 3lz_r07=A/D; 1lz_r67=A/D; 3lz_r67=A/D,1lz_r07=available; 3lz_r07=available; 1lz_r67=available; 3lz_r67=available,opt_pef_001,sec_lpoi_001,30,grand_sport:opt_pef_001,opt_pef_001,"LPO, Contoured Liner Protection Package, includes (CAV) contoured trunk cargo area liner with Jake logo and (RIA) all-weather floor liners with Jake logo, Genuine Corvette Accessory",,,sec_lpoi_001,True,30,,approved,True,
zr1x,zr1_zr1x_intextmec_raw,zr1_zr1x_intextmec_raw:48-48,PEF,,PEF,"LPO, Contoured Liner Protection Package, includes (CAV) contoured trunk cargo area liner with Jake logo and (RIA) all-weather floor liners with Jake logo, Genuine Corvette Accessory",,1lz_s07=A/D; 3lz_s07=A/D; 1lz_s67=A/D; 3lz_s67=A/D,1lz_s07=available; 3lz_s07=available; 1lz_s67=available; 3lz_s67=available,opt_pef_001,sec_lpoi_001,30,grand_sport:opt_pef_001,opt_pef_001,"LPO, Contoured Liner Protection Package, includes (CAV) contoured trunk cargo area liner with Jake logo and (RIA) all-weather floor liners with Jake logo, Genuine Corvette Accessory",,,sec_lpoi_001,True,30,,approved,True,
z06,z06_intextmec_raw,z06_intextmec_raw:259-262,PIN,,PIN,Customer VIN ending reservation,This option is subject to restrictions and approval. NOT AVAILABLE on all VINs. Available on SOLD orders only.,1lz_h07=A1; 2lz_h07=A1; 3lz_h07=A1; 1lz_h67=A1; 2lz_h67=A1; 3lz_h67=A1,1lz_h07=available; 2lz_h07=available; 3lz_h07=available; 1lz_h67=available; 2lz_h67=available; 3lz_h67=available,opt_pin_001,sec_cust_001,20,grand_sport:opt_pin_001,opt_pin_001,Customer VIN ending reservation,,This option is subject to restrictions and approval. NOT AVAILABLE on all VINs. Available on SOLD orders only.,sec_cust_001,True,20,,approved,True,
zr1,zr1_zr1x_intextmec_raw,zr1_zr1x_intextmec_raw:236-239,PIN,,PIN,Customer VIN ending reservation,This option is subject to restrictions and approval. NOT AVAILABLE on all VINs. Available on SOLD orders only.,1lz_r07=A1; 3lz_r07=A1; 1lz_r67=A1; 3lz_r67=A1,1lz_r07=available; 3lz_r07=available; 1lz_r67=available; 3lz_r67=available,opt_pin_001,sec_cust_001,20,grand_sport:opt_pin_001,opt_pin_001,Customer VIN ending reservation,,This option is subject to restrictions and approval. NOT AVAILABLE on all VINs. Available on SOLD orders only.,sec_cust_001,True,20,,approved,True,
zr1x,zr1_zr1x_intextmec_raw,zr1_zr1x_intextmec_raw:236-239,PIN,,PIN,Customer VIN ending reservation,This option is subject to restrictions and approval. NOT AVAILABLE on all VINs. Available on SOLD orders only.,1lz_s07=A1; 3lz_s07=A1; 1lz_s67=A1; 3lz_s67=A1,1lz_s07=available; 3lz_s07=available; 1lz_s67=available; 3lz_s67=available,opt_pin_001,sec_cust_001,20,grand_sport:opt_pin_001,opt_pin_001,Customer VIN ending reservation,,This option is subject to restrictions and approval. NOT AVAILABLE on all VINs. Available on SOLD orders only.,sec_cust_001,True,20,,approved,True,
z06,z06_standard_raw,z06_standard_raw:72-72,,PPW,PPW,Wireless Apple CarPlay/Wireless Android Auto,,1lz_h07=S; 2lz_h07=S; 3lz_h07=S; 1lz_h67=S; 2lz_h67=S; 3lz_h67=S,1lz_h07=standard; 2lz_h07=standard; 3lz_h07=standard; 1lz_h67=standard; 2lz_h67=standard; 3lz_h67=standard,opt_ppw_001,,,,,,,,,,,,deferred,False,
z06,z06_intextmec_raw,z06_intextmec_raw:229-229,,PPW,PPW,Wireless Apple CarPlay/Wireless Android Auto,,1lz_h07=S; 2lz_h07=S; 3lz_h07=S; 1lz_h67=S; 2lz_h67=S; 3lz_h67=S,1lz_h07=standard; 2lz_h07=standard; 3lz_h07=standard; 1lz_h67=standard; 2lz_h67=standard; 3lz_h67=standard,opt_ppw_001,sec_tech_001,20,grand_sport:opt_ppw_001,opt_ppw_001,Wireless Apple CarPlay/Wireless Android Auto,,,sec_tech_001,False,20,,approved,True,
zr1,zr1_zr1x_standard_raw,zr1_zr1x_standard_raw:72-72,,PPW,PPW,Wireless Apple CarPlay/Wireless Android Auto,,1lz_r07=S; 3lz_r07=S; 1lz_r67=S; 3lz_r67=S,1lz_r07=standard; 3lz_r07=standard; 1lz_r67=standard; 3lz_r67=standard,opt_ppw_001,,,,,,,,,,,,deferred,False,
zr1x,zr1_zr1x_standard_raw,zr1_zr1x_standard_raw:72-72,,PPW,PPW,Wireless Apple CarPlay/Wireless Android Auto,,1lz_s07=S; 3lz_s07=S; 1lz_s67=S; 3lz_s67=S,1lz_s07=standard; 3lz_s07=standard; 1lz_s67=standard; 3lz_s67=standard,opt_ppw_001,,,,,,,,,,,,deferred,False,
zr1,zr1_zr1x_intextmec_raw,zr1_zr1x_intextmec_raw:223-223,,PPW,PPW,Wireless Apple CarPlay/Wireless Android Auto,,1lz_r07=S; 3lz_r07=S; 1lz_r67=S; 3lz_r67=S,1lz_r07=standard; 3lz_r07=standard; 1lz_r67=standard; 3lz_r67=standard,opt_ppw_001,sec_tech_001,20,grand_sport:opt_ppw_001,opt_ppw_001,Wireless Apple CarPlay/Wireless Android Auto,,,sec_tech_001,False,20,,approved,True,
zr1x,zr1_zr1x_intextmec_raw,zr1_zr1x_intextmec_raw:223-223,,PPW,PPW,Wireless Apple CarPlay/Wireless Android Auto,,1lz_s07=S; 3lz_s07=S; 1lz_s67=S; 3lz_s67=S,1lz_s07=standard; 3lz_s07=standard; 1lz_s67=standard; 3lz_s67=standard,opt_ppw_001,sec_tech_001,20,grand_sport:opt_ppw_001,opt_ppw_001,Wireless Apple CarPlay/Wireless Android Auto,,,sec_tech_001,False,20,,approved,True,
z06,z06_intextmec_raw,z06_intextmec_raw:32-35,R6X,,R6X,Custom Interior Trim and Seat Combination,"SOLD orders only. Requires (HMO/HVV) Jet Black/Sky Cool Gray, (HZB/HVT) Sky Cool Gray/Jet Black, (HU0/HXO) Jet Black/Adrenaline Red, (HUU/HZP) Adrenaline Red/Jet Black interiors. See Custom Interior Trim and Seat Combinations color and trim chart.",1lz_h07=--; 2lz_h07=--; 3lz_h07=A1; 1lz_h67=--; 2lz_h67=--; 3lz_h67=A1,1lz_h07=unavailable; 2lz_h07=unavailable; 3lz_h07=available; 1lz_h67=unavailable; 2lz_h67=unavailable; 3lz_h67=available,opt_r6x_001,sec_colo_001,20,grand_sport:opt_r6x_001,opt_r6x_001,Custom Interior Trim and Seat Combination,,"SOLD orders only. Requires (HMO/HVV) Jet Black/Sky Cool Gray, (HZB/HVT) Sky Cool Gray/Jet Black, (HU0/HXO) Jet Black/Adrenaline Red, (HUU/HZP) Adrenaline Red/Jet Black interiors. See Custom Interior Trim and Seat Combinations color and trim chart.",sec_colo_001,True,20,auto_only,approved,True,
zr1,zr1_zr1x_intextmec_raw,zr1_zr1x_intextmec_raw:32-35,R6X,,R6X,Custom Interior Trim and Seat Combination,"SOLD orders only. Requires (HMO/HVV) Jet Black/Sky Cool Gray, (HZB/HVT) Sky Cool Gray/Jet Black, (HU0/HXO) Jet Black/Adrenaline Red, (HUU/HZP) Adrenaline Red/Jet Black interiors. See Custom Interior Trim and Seat Combinations color and trim chart.",1lz_r07=--; 3lz_r07=A1; 1lz_r67=--; 3lz_r67=A1,1lz_r07=unavailable; 3lz_r07=available; 1lz_r67=unavailable; 3lz_r67=available,opt_r6x_001,sec_colo_001,20,grand_sport:opt_r6x_001,opt_r6x_001,Custom Interior Trim and Seat Combination,,"SOLD orders only. Requires (HMO/HVV) Jet Black/Sky Cool Gray, (HZB/HVT) Sky Cool Gray/Jet Black, (HU0/HXO) Jet Black/Adrenaline Red, (HUU/HZP) Adrenaline Red/Jet Black interiors. See Custom Interior Trim and Seat Combinations color and trim chart.",sec_colo_001,True,20,auto_only,approved,True,
zr1x,zr1_zr1x_intextmec_raw,zr1_zr1x_intextmec_raw:32-35,R6X,,R6X,Custom Interior Trim and Seat Combination,"SOLD orders only. Requires (HMO/HVV) Jet Black/Sky Cool Gray, (HZB/HVT) Sky Cool Gray/Jet Black, (HU0/HXO) Jet Black/Adrenaline Red, (HUU/HZP) Adrenaline Red/Jet Black interiors. See Custom Interior Trim and Seat Combinations color and trim chart.",1lz_s07=--; 3lz_s07=A1; 1lz_s67=--; 3lz_s67=A1,1lz_s07=unavailable; 3lz_s07=available; 1lz_s67=unavailable; 3lz_s67=available,opt_r6x_001,sec_colo_001,20,grand_sport:opt_r6x_001,opt_r6x_001,Custom Interior Trim and Seat Combination,,"SOLD orders only. Requires (HMO/HVV) Jet Black/Sky Cool Gray, (HZB/HVT) Sky Cool Gray/Jet Black, (HU0/HXO) Jet Black/Adrenaline Red, (HUU/HZP) Adrenaline Red/Jet Black interiors. See Custom Interior Trim and Seat Combinations color and trim chart.",sec_colo_001,True,20,auto_only,approved,True,
z06,z06_intextmec_raw,z06_intextmec_raw:332-335,R88,,R88,"LPO, Illuminated crossed flags emblem, front, Genuine Corvette Accessory","Not available with (SFZ) Dark Stealth crossed flags emblems, LPO, (EYK) Chrome Exterior Badge Package or any Full Length Dual Racing Stripes (DPB, DPC, DPG, DPL, DPT, DSY, DSZ, DT0, DTB, DTH, DUB, DUE, DUK, DUW).",1lz_h07=A/D1; 2lz_h07=A/D1; 3lz_h07=A/D1; 1lz_h67=A/D1; 2lz_h67=A/D1; 3lz_h67=A/D1,1lz_h07=available; 2lz_h07=available; 3lz_h07=available; 1lz_h67=available; 2lz_h67=available; 3lz_h67=available,opt_r88_001,sec_lpoe_001,21,grand_sport:opt_r88_001,opt_r88_001,"LPO, Illuminated crossed flags emblem, front, Genuine Corvette Accessory",,"Not available with (SFZ) Dark Stealth crossed flags emblems, LPO, (EYK) Chrome Exterior Badge Package or any Full Length Dual Racing Stripes (DPB, DPC, DPG, DPL, DPT, DSY, DSZ, DT0, DTB, DTH, DUB, DUE, DUK, DUW).",sec_lpoe_001,True,21,,approved,True,
zr1,zr1_zr1x_intextmec_raw,zr1_zr1x_intextmec_raw:279-282,R88,,R88,"LPO, Illuminated crossed flags emblem, front, Genuine Corvette Accessory","Not available with (SFZ) Dark Stealth crossed flags emblems, LPO, (EYK) Chrome Exterior Badge Package or any Full Length Dual Racing Stripes (DPB, DPC, DPG, DPL, DPT, DSY, DSZ, DT0, DTB, DTH, DUB, DUE, DUK, DUW).",1lz_r07=A/D1; 3lz_r07=A/D1; 1lz_r67=A/D1; 3lz_r67=A/D1,1lz_r07=available; 3lz_r07=available; 1lz_r67=available; 3lz_r67=available,opt_r88_001,sec_lpoe_001,21,grand_sport:opt_r88_001,opt_r88_001,"LPO, Illuminated crossed flags emblem, front, Genuine Corvette Accessory",,"Not available with (SFZ) Dark Stealth crossed flags emblems, LPO, (EYK) Chrome Exterior Badge Package or any Full Length Dual Racing Stripes (DPB, DPC, DPG, DPL, DPT, DSY, DSZ, DT0, DTB, DTH, DUB, DUE, DUK, DUW).",sec_lpoe_001,True,21,,approved,True,
zr1x,zr1_zr1x_intextmec_raw,zr1_zr1x_intextmec_raw:279-282,R88,,R88,"LPO, Illuminated crossed flags emblem, front, Genuine Corvette Accessory","Not available with (SFZ) Dark Stealth crossed flags emblems, LPO, (EYK) Chrome Exterior Badge Package or any Full Length Dual Racing Stripes (DPB, DPC, DPG, DPL, DPT, DSY, DSZ, DT0, DTB, DTH, DUB, DUE, DUK, DUW).",1lz_s07=A/D1; 3lz_s07=A/D1; 1lz_s67=A/D1; 3lz_s67=A/D1,1lz_s07=available; 3lz_s07=available; 1lz_s67=available; 3lz_s67=available,opt_r88_001,sec_lpoe_001,21,grand_sport:opt_r88_001,opt_r88_001,"LPO, Illuminated crossed flags emblem, front, Genuine Corvette Accessory",,"Not available with (SFZ) Dark Stealth crossed flags emblems, LPO, (EYK) Chrome Exterior Badge Package or any Full Length Dual Racing Stripes (DPB, DPC, DPG, DPL, DPT, DSY, DSZ, DT0, DTB, DTH, DUB, DUE, DUK, DUW).",sec_lpoe_001,True,21,,approved,True,
z06,z06_intextmec_raw,z06_intextmec_raw:255-258,R8C,,R8C,"Corvette Museum Delivery, acknowledgement form required, includes (CFX) Corvette Museum logo plaque personalized with your name and VIN",Must also add Ship To BAC 184590 (Dealer code 31-728). Available on SOLD orders only. Not available with LPO wheels.,1lz_h07=A1; 2lz_h07=A1; 3lz_h07=A1; 1lz_h67=A1; 2lz_h67=A1; 3lz_h67=A1,1lz_h07=available; 2lz_h07=available; 3lz_h07=available; 1lz_h67=available; 2lz_h67=available; 3lz_h67=available,opt_r8c_001,sec_cust_001,10,grand_sport:opt_r8c_001,opt_r8c_001,"Corvette Museum Delivery, acknowledgement form required, includes (CFX) Corvette Museum logo plaque personalized with your name and VIN",,Must also add Ship To BAC 184590 (Dealer code 31-728). Available on SOLD orders only. Not available with LPO wheels.,sec_cust_001,True,10,,approved,True,
zr1,zr1_zr1x_intextmec_raw,zr1_zr1x_intextmec_raw:232-235,R8C,,R8C,"Corvette Museum Delivery, acknowledgement form required, includes (CFX) Corvette Museum logo plaque personalized with your name and VIN",Must also add Ship To BAC 184590 (Dealer code 31-728). Available on SOLD orders only. Not available with LPO wheels.,1lz_r07=A1; 3lz_r07=A1; 1lz_r67=A1; 3lz_r67=A1,1lz_r07=available; 3lz_r07=available; 1lz_r67=available; 3lz_r67=available,opt_r8c_001,sec_cust_001,10,grand_sport:opt_r8c_001,opt_r8c_001,"Corvette Museum Delivery, acknowledgement form required, includes (CFX) Corvette Museum logo plaque personalized with your name and VIN",,Must also add Ship To BAC 184590 (Dealer code 31-728). Available on SOLD orders only. Not available with LPO wheels.,sec_cust_001,True,10,,approved,True,
zr1x,zr1_zr1x_intextmec_raw,zr1_zr1x_intextmec_raw:232-235,R8C,,R8C,"Corvette Museum Delivery, acknowledgement form required, includes (CFX) Corvette Museum logo plaque personalized with your name and VIN",Must also add Ship To BAC 184590 (Dealer code 31-728). Available on SOLD orders only. Not available with LPO wheels.,1lz_s07=A1; 3lz_s07=A1; 1lz_s67=A1; 3lz_s67=A1,1lz_s07=available; 3lz_s07=available; 1lz_s67=available; 3lz_s67=available,opt_r8c_001,sec_cust_001,10,grand_sport:opt_r8c_001,opt_r8c_001,"Corvette Museum Delivery, acknowledgement form required, includes (CFX) Corvette Museum logo plaque personalized with your name and VIN",,Must also add Ship To BAC 184590 (Dealer code 31-728). Available on SOLD orders only. Not available with LPO wheels.,sec_cust_001,True,10,,approved,True,
z06,z06_standard_raw,z06_standard_raw:115-115,,R8E,R8E,"Gas guzzler tax, mandatory federal tax added to price of vehicle",,1lz_h07=S; 2lz_h07=S; 3lz_h07=S; 1lz_h67=S; 2lz_h67=S; 3lz_h67=S,1lz_h07=standard; 2lz_h07=standard; 3lz_h07=standard; 1lz_h67=standard; 2lz_h67=standard; 3lz_h67=standard,opt_r8e_001,,,,,,,,,,,,deferred,False,
zr1,zr1_zr1x_standard_raw,zr1_zr1x_standard_raw:109-109,,R8E,R8E,"Gas guzzler tax, mandatory federal tax added to price of vehicle",,1lz_r07=S; 3lz_r07=S; 1lz_r67=S; 3lz_r67=S,1lz_r07=standard; 3lz_r07=standard; 1lz_r67=standard; 3lz_r67=standard,opt_r8e_001,,,,,,,,,,,,deferred,False,
zr1x,zr1_zr1x_standard_raw,zr1_zr1x_standard_raw:109-109,,R8E,R8E,"Gas guzzler tax, mandatory federal tax added to price of vehicle",,1lz_s07=S; 3lz_s07=S; 1lz_s67=S; 3lz_s67=S,1lz_s07=standard; 3lz_s07=standard; 1lz_s67=standard; 3lz_s67=standard,opt_r8e_001,,,,,,,,,,,,deferred,False,
z06,z06_intextmec_raw,z06_intextmec_raw:573-573,,R8E,R8E,"Gas guzzler tax, mandatory federal tax added to price of vehicle",,1lz_h07=S; 2lz_h07=S; 3lz_h07=S; 1lz_h67=S; 2lz_h67=S; 3lz_h67=S,1lz_h07=standard; 2lz_h07=standard; 3lz_h07=standard; 1lz_h67=standard; 2lz_h67=standard; 3lz_h67=standard,opt_r8e_002,sec_incl_001,,,,,,,,,,,needs_section_review,False,
zr1,zr1_zr1x_intextmec_raw,zr1_zr1x_intextmec_raw:448-448,,R8E,R8E,"Gas guzzler tax, mandatory federal tax added to price of vehicle",,1lz_r07=S; 3lz_r07=S; 1lz_r67=S; 3lz_r67=S,1lz_r07=standard; 3lz_r07=standard; 1lz_r67=standard; 3lz_r67=standard,opt_r8e_002,sec_incl_001,,,,,,,,,,,needs_section_review,False,
zr1x,zr1_zr1x_intextmec_raw,zr1_zr1x_intextmec_raw:448-448,,R8E,R8E,"Gas guzzler tax, mandatory federal tax added to price of vehicle",,1lz_s07=S; 3lz_s07=S; 1lz_s67=S; 3lz_s67=S,1lz_s07=standard; 3lz_s07=standard; 1lz_s67=standard; 3lz_s67=standard,opt_r8e_002,sec_incl_001,,,,,,,,,,,needs_section_review,False,
z06,z06_intextmec_raw,z06_intextmec_raw:56-59,RIA,,RIA,"LPO, All-weather floor liners with Jake logo, Genuine Corvette Accessory","Included with (PEF) Contoured Liner Protection Package, LPO.",1lz_h07=A/D1; 2lz_h07=A/D1; 3lz_h07=A/D1; 1lz_h67=A/D1; 2lz_h67=A/D1; 3lz_h67=A/D1,1lz_h07=available; 2lz_h07=available; 3lz_h07=available; 1lz_h67=available; 2lz_h67=available; 3lz_h67=available,opt_ria_001,sec_lpoi_001,31,grand_sport:opt_ria_001,opt_ria_001,"LPO, All-weather floor liners with Jake logo, Genuine Corvette Accessory",,"Included with (PEF) Contoured Liner Protection Package, LPO.",sec_lpoi_001,True,31,,approved,True,
zr1,zr1_zr1x_intextmec_raw,zr1_zr1x_intextmec_raw:56-59,RIA,,RIA,"LPO, All-weather floor liners with Jake logo, Genuine Corvette Accessory","Included with (PEF) Contoured Liner Protection Package, LPO.",1lz_r07=A/D1; 3lz_r07=A/D1; 1lz_r67=A/D1; 3lz_r67=A/D1,1lz_r07=available; 3lz_r07=available; 1lz_r67=available; 3lz_r67=available,opt_ria_001,sec_lpoi_001,31,grand_sport:opt_ria_001,opt_ria_001,"LPO, All-weather floor liners with Jake logo, Genuine Corvette Accessory",,"Included with (PEF) Contoured Liner Protection Package, LPO.",sec_lpoi_001,True,31,,approved,True,
zr1x,zr1_zr1x_intextmec_raw,zr1_zr1x_intextmec_raw:56-59,RIA,,RIA,"LPO, All-weather floor liners with Jake logo, Genuine Corvette Accessory","Included with (PEF) Contoured Liner Protection Package, LPO.",1lz_s07=A/D1; 3lz_s07=A/D1; 1lz_s67=A/D1; 3lz_s67=A/D1,1lz_s07=available; 3lz_s07=available; 1lz_s67=available; 3lz_s67=available,opt_ria_001,sec_lpoi_001,31,grand_sport:opt_ria_001,opt_ria_001,"LPO, All-weather floor liners with Jake logo, Genuine Corvette Accessory",,"Included with (PEF) Contoured Liner Protection Package, LPO.",sec_lpoi_001,True,31,,approved,True,
z06,z06_intextmec_raw,z06_intextmec_raw:359-362,RIK,,RIK,"LPO, Rear Corvette script badge in Torch Red, Genuine Corvette Accessory","Not available with RIN, SL8.",1lz_h07=A/D1; 2lz_h07=A/D1; 3lz_h07=A/D1; 1lz_h67=A/D1; 2lz_h67=A/D1; 3lz_h67=A/D1,1lz_h07=available; 2lz_h07=available; 3lz_h07=available; 1lz_h67=available; 2lz_h67=available; 3lz_h67=available,opt_rik_001,sec_lpoe_001,82,grand_sport:opt_rik_001,opt_rik_001,"LPO, Rear Corvette script badge in Torch Red, Genuine Corvette Accessory",,"Not available with RIN, SL8.",sec_lpoe_001,True,82,,approved,True,
zr1,zr1_zr1x_intextmec_raw,zr1_zr1x_intextmec_raw:303-306,RIK,,RIK,"LPO, Rear Corvette script badge in Torch Red, Genuine Corvette Accessory","Not available with RIN, SL8.",1lz_r07=A/D1; 3lz_r07=A/D1; 1lz_r67=A/D1; 3lz_r67=A/D1,1lz_r07=available; 3lz_r07=available; 1lz_r67=available; 3lz_r67=available,opt_rik_001,sec_lpoe_001,82,grand_sport:opt_rik_001,opt_rik_001,"LPO, Rear Corvette script badge in Torch Red, Genuine Corvette Accessory",,"Not available with RIN, SL8.",sec_lpoe_001,True,82,,approved,True,
zr1x,zr1_zr1x_intextmec_raw,zr1_zr1x_intextmec_raw:303-306,RIK,,RIK,"LPO, Rear Corvette script badge in Torch Red, Genuine Corvette Accessory","Not available with RIN, SL8.",1lz_s07=A/D1; 3lz_s07=A/D1; 1lz_s67=A/D1; 3lz_s67=A/D1,1lz_s07=available; 3lz_s07=available; 1lz_s67=available; 3lz_s67=available,opt_rik_001,sec_lpoe_001,82,grand_sport:opt_rik_001,opt_rik_001,"LPO, Rear Corvette script badge in Torch Red, Genuine Corvette Accessory",,"Not available with RIN, SL8.",sec_lpoe_001,True,82,,approved,True,
z06,z06_intextmec_raw,z06_intextmec_raw:351-354,RIN,,RIN,"LPO, Rear Corvette script badge in Arctic White, Genuine Corvette Accessory","Not available with RIK, SL8.",1lz_h07=A/D1; 2lz_h07=A/D1; 3lz_h07=A/D1; 1lz_h67=A/D1; 2lz_h67=A/D1; 3lz_h67=A/D1,1lz_h07=available; 2lz_h07=available; 3lz_h07=available; 1lz_h67=available; 2lz_h67=available; 3lz_h67=available,opt_rin_001,sec_lpoe_001,80,grand_sport:opt_rin_001,opt_rin_001,"LPO, Rear Corvette script badge in Arctic White, Genuine Corvette Accessory",,"Not available with RIK, SL8.",sec_lpoe_001,True,80,,approved,True,
zr1,zr1_zr1x_intextmec_raw,zr1_zr1x_intextmec_raw:295-298,RIN,,RIN,"LPO, Rear Corvette script badge in Arctic White, Genuine Corvette Accessory","Not available with RIK, SL8.",1lz_r07=A/D1; 3lz_r07=A/D1; 1lz_r67=A/D1; 3lz_r67=A/D1,1lz_r07=available; 3lz_r07=available; 1lz_r67=available; 3lz_r67=available,opt_rin_001,sec_lpoe_001,80,grand_sport:opt_rin_001,opt_rin_001,"LPO, Rear Corvette script badge in Arctic White, Genuine Corvette Accessory",,"Not available with RIK, SL8.",sec_lpoe_001,True,80,,approved,True,
zr1x,zr1_zr1x_intextmec_raw,zr1_zr1x_intextmec_raw:295-298,RIN,,RIN,"LPO, Rear Corvette script badge in Arctic White, Genuine Corvette Accessory","Not available with RIK, SL8.",1lz_s07=A/D1; 3lz_s07=A/D1; 1lz_s67=A/D1; 3lz_s67=A/D1,1lz_s07=available; 3lz_s07=available; 1lz_s67=available; 3lz_s67=available,opt_rin_001,sec_lpoe_001,80,grand_sport:opt_rin_001,opt_rin_001,"LPO, Rear Corvette script badge in Arctic White, Genuine Corvette Accessory",,"Not available with RIK, SL8.",sec_lpoe_001,True,80,,approved,True,
z06,z06_intextmec_raw,z06_intextmec_raw:514-514,ROU,,ROU,"Wheels, 20"" x 10"" (50.8 cm x 25.4 cm) front and 21"" x 13"" (53.3 cm x 33 cm) rear Pearl Nickel forged aluminum",,1lz_h07=A; 2lz_h07=A; 3lz_h07=A; 1lz_h67=A; 2lz_h67=A; 3lz_h67=A,1lz_h07=available; 2lz_h07=available; 3lz_h07=available; 1lz_h67=available; 2lz_h67=available; 3lz_h67=available,opt_rou_001,sec_whee_002,,,,,,,,,,,needs_section_review,False,
z06,z06_intextmec_raw,z06_intextmec_raw:515-515,ROX,,ROX,"Wheels, 20"" x 10"" (50.8 cm x 25.4 cm) front and 21"" x 13"" (53.3 cm x 33 cm) rear Carbon Flash with machined edge forged aluminum",,1lz_h07=A; 2lz_h07=A; 3lz_h07=A; 1lz_h67=A; 2lz_h67=A; 3lz_h67=A,1lz_h07=available; 2lz_h07=available; 3lz_h07=available; 1lz_h67=available; 2lz_h67=available; 3lz_h67=available,opt_rox_001,sec_whee_002,,,,,,,,,,,needs_section_review,False,
z06,z06_intextmec_raw,z06_intextmec_raw:500-503,ROY,,ROY,"Wheels, 20"" x 10"" (50.8 cm x 25.4 cm) front and 21"" x 13"" (53.3 cm x 33 cm) rear Carbon Flash-painted carbon fiber",Requires (J57) carbon ceramic brakes.,1lz_h07=A1; 2lz_h07=A1; 3lz_h07=A1; 1lz_h67=A1; 2lz_h67=A1; 3lz_h67=A1,1lz_h07=available; 2lz_h07=available; 3lz_h07=available; 1lz_h67=available; 2lz_h67=available; 3lz_h67=available,opt_roy_001,sec_whee_002,50,grand_sport:opt_roy_001,opt_roy_001,"Wheels, 20"" x 10"" (50.8 cm x 25.4 cm) front and 21"" x 13"" (53.3 cm x 33 cm) rear Carbon Flash-painted carbon fiber",,Requires (J57) carbon ceramic brakes.,sec_whee_002,True,50,,approved,True,
z06,z06_intextmec_raw,z06_intextmec_raw:504-507,ROZ,,ROZ,"Wheels, 20"" x 10"" (50.8 cm x 25.4 cm) front and 21"" x 13"" (53.3 cm x 33 cm) rear visible carbon fiber",Requires (J57) carbon ceramic brakes.,1lz_h07=A1; 2lz_h07=A1; 3lz_h07=A1; 1lz_h67=A1; 2lz_h67=A1; 3lz_h67=A1,1lz_h07=available; 2lz_h07=available; 3lz_h07=available; 1lz_h67=available; 2lz_h67=available; 3lz_h67=available,opt_roz_001,sec_whee_002,60,grand_sport:opt_roz_001,opt_roz_001,"Wheels, 20"" x 10"" (50.8 cm x 25.4 cm) front and 21"" x 13"" (53.3 cm x 33 cm) rear visible carbon fiber",,Requires (J57) carbon ceramic brakes.,sec_whee_002,True,60,,approved,True,
z06,z06_intextmec_raw,z06_intextmec_raw:317-317,RWH,,RWH,"LPO, Premium indoor car cover, Black with crossed flags logo, Genuine Corvette Accessory",,1lz_h07=A/D; 2lz_h07=A/D; 3lz_h07=A/D; 1lz_h67=A/D; 2lz_h67=A/D; 3lz_h67=A/D,1lz_h07=available; 2lz_h07=available; 3lz_h07=available; 1lz_h67=available; 2lz_h67=available; 3lz_h67=available,opt_rwh_001,sec_lpoe_001,70,grand_sport:opt_rwh_001,opt_rwh_001,"LPO, Premium indoor car cover, Black with crossed flags logo, Genuine Corvette Accessory",,,sec_lpoe_001,True,70,,approved,True,
zr1,zr1_zr1x_intextmec_raw,zr1_zr1x_intextmec_raw:260-260,RWH,,RWH,"LPO, Premium indoor car cover, Black with crossed flags logo, Genuine Corvette Accessory",,1lz_r07=A/D; 3lz_r07=A/D; 1lz_r67=A/D; 3lz_r67=A/D,1lz_r07=available; 3lz_r07=available; 1lz_r67=available; 3lz_r67=available,opt_rwh_001,sec_lpoe_001,70,grand_sport:opt_rwh_001,opt_rwh_001,"LPO, Premium indoor car cover, Black with crossed flags logo, Genuine Corvette Accessory",,,sec_lpoe_001,True,70,,approved,True,
zr1x,zr1_zr1x_intextmec_raw,zr1_zr1x_intextmec_raw:260-260,RWH,,RWH,"LPO, Premium indoor car cover, Black with crossed flags logo, Genuine Corvette Accessory",,1lz_s07=A/D; 3lz_s07=A/D; 1lz_s67=A/D; 3lz_s67=A/D,1lz_s07=available; 3lz_s07=available; 1lz_s67=available; 3lz_s67=available,opt_rwh_001,sec_lpoe_001,70,grand_sport:opt_rwh_001,opt_rwh_001,"LPO, Premium indoor car cover, Black with crossed flags logo, Genuine Corvette Accessory",,,sec_lpoe_001,True,70,,approved,True,
z06,z06_intextmec_raw,z06_intextmec_raw:323-323,RWJ,,RWJ,"LPO, Premium outdoor car cover, Gray with crossed flags logo and Corvette silhouette, Genuine Corvette Accessory",,1lz_h07=A/D; 2lz_h07=A/D; 3lz_h07=A/D; 1lz_h67=A/D; 2lz_h67=A/D; 3lz_h67=A/D,1lz_h07=available; 2lz_h07=available; 3lz_h07=available; 1lz_h67=available; 2lz_h67=available; 3lz_h67=available,opt_rwj_001,sec_lpoe_001,72,grand_sport:opt_rwj_001,opt_rwj_001,"LPO, Premium outdoor car cover, Gray with crossed flags logo and Corvette silhouette, Genuine Corvette Accessory",,,sec_lpoe_001,True,72,,approved,True,
zr1,zr1_zr1x_intextmec_raw,zr1_zr1x_intextmec_raw:266-270,RWJ,,RWJ,"LPO, Premium outdoor car cover, Gray with crossed flags logo and Corvette silhouette, Genuine Corvette Accessory","Not available with (TOM) ZR1 Carbon Fiber Aero Package.
Not available with (TOM) ZR1X Carbon Fiber Aero Package.",1lz_r07=A/D1; 3lz_r07=A/D1; 1lz_r67=A/D1; 3lz_r67=A/D1,1lz_r07=available; 3lz_r07=available; 1lz_r67=available; 3lz_r67=available,opt_rwj_001,sec_lpoe_001,72,grand_sport:opt_rwj_001,opt_rwj_001,"LPO, Premium outdoor car cover, Gray with crossed flags logo and Corvette silhouette, Genuine Corvette Accessory",,"Not available with (TOM) ZR1 Carbon Fiber Aero Package.
Not available with (TOM) ZR1X Carbon Fiber Aero Package.",sec_lpoe_001,True,72,,approved,True,
zr1x,zr1_zr1x_intextmec_raw,zr1_zr1x_intextmec_raw:266-270,RWJ,,RWJ,"LPO, Premium outdoor car cover, Gray with crossed flags logo and Corvette silhouette, Genuine Corvette Accessory","Not available with (TOM) ZR1 Carbon Fiber Aero Package.
Not available with (TOM) ZR1X Carbon Fiber Aero Package.",1lz_s07=A/D2; 3lz_s07=A/D2; 1lz_s67=A/D2; 3lz_s67=A/D2,1lz_s07=available; 3lz_s07=available; 1lz_s67=available; 3lz_s67=available,opt_rwj_001,sec_lpoe_001,72,grand_sport:opt_rwj_001,opt_rwj_001,"LPO, Premium outdoor car cover, Gray with crossed flags logo and Corvette silhouette, Genuine Corvette Accessory",,"Not available with (TOM) ZR1 Carbon Fiber Aero Package.
Not available with (TOM) ZR1X Carbon Fiber Aero Package.",sec_lpoe_001,True,72,,approved,True,
z06,z06_intextmec_raw,z06_intextmec_raw:51-51,RWU,,RWU,"LPO, Cargo area organizer, collapsible, Genuine Corvette Accessory",,1lz_h07=A/D; 2lz_h07=A/D; 3lz_h07=A/D; 1lz_h67=A/D; 2lz_h67=A/D; 3lz_h67=A/D,1lz_h07=available; 2lz_h07=available; 3lz_h07=available; 1lz_h67=available; 2lz_h67=available; 3lz_h67=available,opt_rwu_001,sec_lpoi_001,50,grand_sport:opt_rwu_001,opt_rwu_001,"LPO, Cargo area organizer, collapsible, Genuine Corvette Accessory",,,sec_lpoi_001,True,50,,approved,True,
zr1,zr1_zr1x_intextmec_raw,zr1_zr1x_intextmec_raw:51-51,RWU,,RWU,"LPO, Cargo area organizer, collapsible, Genuine Corvette Accessory",,1lz_r07=A/D; 3lz_r07=A/D; 1lz_r67=A/D; 3lz_r67=A/D,1lz_r07=available; 3lz_r07=available; 1lz_r67=available; 3lz_r67=available,opt_rwu_001,sec_lpoi_001,50,grand_sport:opt_rwu_001,opt_rwu_001,"LPO, Cargo area organizer, collapsible, Genuine Corvette Accessory",,,sec_lpoi_001,True,50,,approved,True,
zr1x,zr1_zr1x_intextmec_raw,zr1_zr1x_intextmec_raw:51-51,RWU,,RWU,"LPO, Cargo area organizer, collapsible, Genuine Corvette Accessory",,1lz_s07=A/D; 3lz_s07=A/D; 1lz_s67=A/D; 3lz_s67=A/D,1lz_s07=available; 3lz_s07=available; 1lz_s67=available; 3lz_s67=available,opt_rwu_001,sec_lpoi_001,50,grand_sport:opt_rwu_001,opt_rwu_001,"LPO, Cargo area organizer, collapsible, Genuine Corvette Accessory",,,sec_lpoi_001,True,50,,approved,True,
z06,z06_intextmec_raw,z06_intextmec_raw:574-574,RXI,,RXI,"LPO, LT6 engine cover in visible carbon fiber, Genuine Corvette Accessory",,1lz_h07=A/D; 2lz_h07=A/D; 3lz_h07=A/D; 1lz_h67=--; 2lz_h67=--; 3lz_h67=--,1lz_h07=available; 2lz_h07=available; 3lz_h07=available; 1lz_h67=unavailable; 2lz_h67=unavailable; 3lz_h67=unavailable,opt_rxi_001,sec_engi_001,,,,,,,,,,,needs_section_review,False,
z06,z06_intextmec_raw,z06_intextmec_raw:324-327,RYQ,,RYQ,"LPO, Visible Carbon Fiber door intake trim, Genuine Corvette Accessory",Not available at this time. Not available with (EFY) body-color exterior accents.,1lz_h07=--; 2lz_h07=--; 3lz_h07=A/D1; 1lz_h67=--; 2lz_h67=--; 3lz_h67=A/D1,1lz_h07=unavailable; 2lz_h07=unavailable; 3lz_h07=available; 1lz_h67=unavailable; 2lz_h67=unavailable; 3lz_h67=available,opt_ryq_001,sec_lpoe_001,,,,,,,,,,,needs_section_review,False,
z06,z06_intextmec_raw,z06_intextmec_raw:60-63,RYT,,RYT,"LPO, First Aid Kit, Genuine Corvette Accessory",Included with (PDY) Roadside Safety Package.,1lz_h07=A/D1; 2lz_h07=A/D1; 3lz_h07=A/D1; 1lz_h67=A/D1; 2lz_h67=A/D1; 3lz_h67=A/D1,1lz_h07=available; 2lz_h07=available; 3lz_h07=available; 1lz_h67=available; 2lz_h67=available; 3lz_h67=available,opt_ryt_001,sec_lpoi_001,6,grand_sport:opt_ryt_001,opt_ryt_001,"LPO, First Aid Kit, Genuine Corvette Accessory",,Included with (PDY) Roadside Safety Package.,sec_lpoi_001,True,6,,approved,True,
zr1,zr1_zr1x_intextmec_raw,zr1_zr1x_intextmec_raw:60-63,RYT,,RYT,"LPO, First Aid Kit, Genuine Corvette Accessory",Included with (PDY) Roadside Safety Package.,1lz_r07=A/D1; 3lz_r07=A/D1; 1lz_r67=A/D1; 3lz_r67=A/D1,1lz_r07=available; 3lz_r07=available; 1lz_r67=available; 3lz_r67=available,opt_ryt_001,sec_lpoi_001,6,grand_sport:opt_ryt_001,opt_ryt_001,"LPO, First Aid Kit, Genuine Corvette Accessory",,Included with (PDY) Roadside Safety Package.,sec_lpoi_001,True,6,,approved,True,
zr1x,zr1_zr1x_intextmec_raw,zr1_zr1x_intextmec_raw:60-63,RYT,,RYT,"LPO, First Aid Kit, Genuine Corvette Accessory",Included with (PDY) Roadside Safety Package.,1lz_s07=A/D1; 3lz_s07=A/D1; 1lz_s67=A/D1; 3lz_s67=A/D1,1lz_s07=available; 3lz_s07=available; 1lz_s67=available; 3lz_s67=available,opt_ryt_001,sec_lpoi_001,6,grand_sport:opt_ryt_001,opt_ryt_001,"LPO, First Aid Kit, Genuine Corvette Accessory",,Included with (PDY) Roadside Safety Package.,sec_lpoi_001,True,6,,approved,True,
z06,z06_intextmec_raw,z06_intextmec_raw:68-71,S08,,S08,"LPO, Highway Safety Kit, Genuine Corvette Accessory",Included with (PDY) Roadside Safety Package.,1lz_h07=A/D1; 2lz_h07=A/D1; 3lz_h07=A/D1; 1lz_h67=A/D1; 2lz_h67=A/D1; 3lz_h67=A/D1,1lz_h07=available; 2lz_h07=available; 3lz_h07=available; 1lz_h67=available; 2lz_h67=available; 3lz_h67=available,opt_s08_001,sec_lpoi_001,7,grand_sport:opt_s08_001,opt_s08_001,"LPO, Highway Safety Kit, Genuine Corvette Accessory",,Included with (PDY) Roadside Safety Package.,sec_lpoi_001,True,7,,approved,True,
zr1,zr1_zr1x_intextmec_raw,zr1_zr1x_intextmec_raw:68-71,S08,,S08,"LPO, Highway Safety Kit, Genuine Corvette Accessory",Included with (PDY) Roadside Safety Package.,1lz_r07=A/D1; 3lz_r07=A/D1; 1lz_r67=A/D1; 3lz_r67=A/D1,1lz_r07=available; 3lz_r07=available; 1lz_r67=available; 3lz_r67=available,opt_s08_001,sec_lpoi_001,7,grand_sport:opt_s08_001,opt_s08_001,"LPO, Highway Safety Kit, Genuine Corvette Accessory",,Included with (PDY) Roadside Safety Package.,sec_lpoi_001,True,7,,approved,True,
zr1x,zr1_zr1x_intextmec_raw,zr1_zr1x_intextmec_raw:68-71,S08,,S08,"LPO, Highway Safety Kit, Genuine Corvette Accessory",Included with (PDY) Roadside Safety Package.,1lz_s07=A/D1; 3lz_s07=A/D1; 1lz_s67=A/D1; 3lz_s67=A/D1,1lz_s07=available; 3lz_s07=available; 1lz_s67=available; 3lz_s67=available,opt_s08_001,sec_lpoi_001,7,grand_sport:opt_s08_001,opt_s08_001,"LPO, Highway Safety Kit, Genuine Corvette Accessory",,Included with (PDY) Roadside Safety Package.,sec_lpoi_001,True,7,,approved,True,
z06,z06_intextmec_raw,z06_intextmec_raw:72-72,S2L,,S2L,"LPO, Set of premium leather weekend/travel bags, Genuine Corvette Accessory",,1lz_h07=A/D; 2lz_h07=A/D; 3lz_h07=A/D; 1lz_h67=A/D; 2lz_h67=A/D; 3lz_h67=A/D,1lz_h07=available; 2lz_h07=available; 3lz_h07=available; 1lz_h67=available; 2lz_h67=available; 3lz_h67=available,opt_s2l_001,sec_lpoi_001,70,grand_sport:opt_s2l_001,opt_s2l_001,"LPO, Set of premium leather weekend/travel bags, Genuine Corvette Accessory",,,sec_lpoi_001,True,70,,approved,True,
zr1,zr1_zr1x_intextmec_raw,zr1_zr1x_intextmec_raw:72-72,S2L,,S2L,"LPO, Set of premium leather weekend/travel bags, Genuine Corvette Accessory",,1lz_r07=A/D; 3lz_r07=A/D; 1lz_r67=A/D; 3lz_r67=A/D,1lz_r07=available; 3lz_r07=available; 1lz_r67=available; 3lz_r67=available,opt_s2l_001,sec_lpoi_001,70,grand_sport:opt_s2l_001,opt_s2l_001,"LPO, Set of premium leather weekend/travel bags, Genuine Corvette Accessory",,,sec_lpoi_001,True,70,,approved,True,
zr1x,zr1_zr1x_intextmec_raw,zr1_zr1x_intextmec_raw:72-72,S2L,,S2L,"LPO, Set of premium leather weekend/travel bags, Genuine Corvette Accessory",,1lz_s07=A/D; 3lz_s07=A/D; 1lz_s67=A/D; 3lz_s67=A/D,1lz_s07=available; 3lz_s07=available; 1lz_s67=available; 3lz_s67=available,opt_s2l_001,sec_lpoi_001,70,grand_sport:opt_s2l_001,opt_s2l_001,"LPO, Set of premium leather weekend/travel bags, Genuine Corvette Accessory",,,sec_lpoi_001,True,70,,approved,True,
z06,z06_intextmec_raw,z06_intextmec_raw:405-408,S47,,S47,"LPO, Chrome lug nuts, Genuine Corvette Accessory","Not available with (SPY) Black lug nuts, LPO or (ROY/ROZ/STZ) wheels.",1lz_h07=A/D1; 2lz_h07=A/D1; 3lz_h07=A/D1; 1lz_h67=A/D1; 2lz_h67=A/D1; 3lz_h67=A/D1,1lz_h07=available; 2lz_h07=available; 3lz_h07=available; 1lz_h67=available; 2lz_h67=available; 3lz_h67=available,opt_s47_001,sec_whee_001,30,grand_sport:opt_s47_001,opt_s47_001,"LPO, Chrome lug nuts, Genuine Corvette Accessory",,"Not available with (SPY) Black lug nuts, LPO or (ROY/ROZ/STZ) wheels.",sec_whee_001,True,30,,approved,True,
zr1,zr1_zr1x_intextmec_raw,zr1_zr1x_intextmec_raw:325-328,S47,,S47,"LPO, Chrome lug nuts, Genuine Corvette Accessory","Not available with (SPY) Black lug nuts, LPO or (SU1) 20"" front/21"" rear 10-spoke, visible carbon fiber wheels.",1lz_r07=A/D1; 3lz_r07=A/D1; 1lz_r67=A/D1; 3lz_r67=A/D1,1lz_r07=available; 3lz_r07=available; 1lz_r67=available; 3lz_r67=available,opt_s47_001,sec_whee_001,30,grand_sport:opt_s47_001,opt_s47_001,"LPO, Chrome lug nuts, Genuine Corvette Accessory",,"Not available with (SPY) Black lug nuts, LPO or (SU1) 20"" front/21"" rear 10-spoke, visible carbon fiber wheels.",sec_whee_001,True,30,,approved,True,
zr1x,zr1_zr1x_intextmec_raw,zr1_zr1x_intextmec_raw:325-328,S47,,S47,"LPO, Chrome lug nuts, Genuine Corvette Accessory","Not available with (SPY) Black lug nuts, LPO or (SU1) 20"" front/21"" rear 10-spoke, visible carbon fiber wheels.",1lz_s07=A/D1; 3lz_s07=A/D1; 1lz_s67=A/D1; 3lz_s67=A/D1,1lz_s07=available; 3lz_s07=available; 1lz_s67=available; 3lz_s67=available,opt_s47_001,sec_whee_001,30,grand_sport:opt_s47_001,opt_s47_001,"LPO, Chrome lug nuts, Genuine Corvette Accessory",,"Not available with (SPY) Black lug nuts, LPO or (SU1) 20"" front/21"" rear 10-spoke, visible carbon fiber wheels.",sec_whee_001,True,30,,approved,True,
zr1,zr1_zr1x_intextmec_raw,zr1_zr1x_intextmec_raw:271-274,SB9,,SB9,"NEW!LPO, Hood and Roof Decal Package, Genuine Corvette Accessory","Not available with any Full Length Dual Racing Stripes (DPB, DPC, DPG, DPL, DPT, DSY, DSZ, DT0, DTB, DTH, DUB, DUE, DUK, DUW).",1lz_r07=A/D1; 3lz_r07=A/D1; 1lz_r67=A/D1; 3lz_r67=A/D1,1lz_r07=available; 3lz_r07=available; 1lz_r67=available; 3lz_r67=available,opt_sb9_001,sec_stri_001,,,,,,,,,,,needs_section_review,False,
zr1x,zr1_zr1x_intextmec_raw,zr1_zr1x_intextmec_raw:271-274,SB9,,SB9,"NEW!LPO, Hood and Roof Decal Package, Genuine Corvette Accessory","Not available with any Full Length Dual Racing Stripes (DPB, DPC, DPG, DPL, DPT, DSY, DSZ, DT0, DTB, DTH, DUB, DUE, DUK, DUW).",1lz_s07=A/D1; 3lz_s07=A/D1; 1lz_s67=A/D1; 3lz_s67=A/D1,1lz_s07=available; 3lz_s07=available; 1lz_s67=available; 3lz_s67=available,opt_sb9_001,sec_stri_001,,,,,,,,,,,needs_section_review,False,
z06,z06_intextmec_raw,z06_intextmec_raw:347-350,SBT,,SBT,"LPO, Dual roof, adds transparent removable roof panel and includes (SC7) roof panel storage pouch, Genuine Corvette Accessories","Not available with (CC3) transparent, removable roof panel.",1lz_h07=A/D1; 2lz_h07=A/D1; 3lz_h07=A/D1; 1lz_h67=--; 2lz_h67=--; 3lz_h67=--,1lz_h07=available; 2lz_h07=available; 3lz_h07=available; 1lz_h67=unavailable; 2lz_h67=unavailable; 3lz_h67=unavailable,opt_sbt_001,sec_lpoe_001,30,grand_sport:opt_sbt_001,opt_sbt_001,"LPO, Dual roof, adds transparent removable roof panel and includes (SC7) roof panel storage pouch, Genuine Corvette Accessories",,"Not available with (CC3) transparent, removable roof panel.",sec_lpoe_001,True,30,,approved,True,
zr1,zr1_zr1x_intextmec_raw,zr1_zr1x_intextmec_raw:294-294,SBT,,SBT,"LPO, Dual roof, adds transparent removable roof panel and includes (SC7) roof panel storage pouch, Genuine Corvette Accessories",,1lz_r07=A/D; 3lz_r07=A/D; 1lz_r67=--; 3lz_r67=--,1lz_r07=available; 3lz_r07=available; 1lz_r67=unavailable; 3lz_r67=unavailable,opt_sbt_001,sec_lpoe_001,30,grand_sport:opt_sbt_001,opt_sbt_001,"LPO, Dual roof, adds transparent removable roof panel and includes (SC7) roof panel storage pouch, Genuine Corvette Accessories",,,sec_lpoe_001,True,30,,approved,True,
zr1x,zr1_zr1x_intextmec_raw,zr1_zr1x_intextmec_raw:294-294,SBT,,SBT,"LPO, Dual roof, adds transparent removable roof panel and includes (SC7) roof panel storage pouch, Genuine Corvette Accessories",,1lz_s07=A/D; 3lz_s07=A/D; 1lz_s67=--; 3lz_s67=--,1lz_s07=available; 3lz_s07=available; 1lz_s67=unavailable; 3lz_s67=unavailable,opt_sbt_001,sec_lpoe_001,30,grand_sport:opt_sbt_001,opt_sbt_001,"LPO, Dual roof, adds transparent removable roof panel and includes (SC7) roof panel storage pouch, Genuine Corvette Accessories",,,sec_lpoe_001,True,30,,approved,True,
z06,z06_intextmec_raw,z06_intextmec_raw:73-76,SC7,,SC7,"LPO, Roof panel storage pouch, Genuine Corvette Accessory","Included with (SBT) dual roof, LPO.",1lz_h07=A/D1; 2lz_h07=A/D1; 3lz_h07=A/D1; 1lz_h67=--; 2lz_h67=--; 3lz_h67=--,1lz_h07=available; 2lz_h07=available; 3lz_h07=available; 1lz_h67=unavailable; 2lz_h67=unavailable; 3lz_h67=unavailable,opt_sc7_001,sec_lpoe_001,31,grand_sport:opt_sc7_001,opt_sc7_001,"LPO, Roof panel storage pouch, Genuine Corvette Accessory",,"Included with (SBT) dual roof, LPO.",sec_lpoe_001,True,31,,approved,True,
zr1,zr1_zr1x_intextmec_raw,zr1_zr1x_intextmec_raw:73-76,SC7,,SC7,"LPO, Roof panel storage pouch, Genuine Corvette Accessory","Included with (SBT) dual roof, LPO.",1lz_r07=A/D1; 3lz_r07=A/D1; 1lz_r67=--; 3lz_r67=--,1lz_r07=available; 3lz_r07=available; 1lz_r67=unavailable; 3lz_r67=unavailable,opt_sc7_001,sec_lpoe_001,31,grand_sport:opt_sc7_001,opt_sc7_001,"LPO, Roof panel storage pouch, Genuine Corvette Accessory",,"Included with (SBT) dual roof, LPO.",sec_lpoe_001,True,31,,approved,True,
zr1x,zr1_zr1x_intextmec_raw,zr1_zr1x_intextmec_raw:73-76,SC7,,SC7,"LPO, Roof panel storage pouch, Genuine Corvette Accessory","Included with (SBT) dual roof, LPO.",1lz_s07=A/D1; 3lz_s07=A/D1; 1lz_s67=--; 3lz_s67=--,1lz_s07=available; 3lz_s07=available; 1lz_s67=unavailable; 3lz_s67=unavailable,opt_sc7_001,sec_lpoe_001,31,grand_sport:opt_sc7_001,opt_sc7_001,"LPO, Roof panel storage pouch, Genuine Corvette Accessory",,"Included with (SBT) dual roof, LPO.",sec_lpoe_001,True,31,,approved,True,
z06,z06_intextmec_raw,z06_intextmec_raw:346-346,SDA,,SDA,"LPO, Black recovery hook, Genuine Corvette Accessory",,1lz_h07=A/D; 2lz_h07=A/D; 3lz_h07=A/D; 1lz_h67=A/D; 2lz_h67=A/D; 3lz_h67=A/D,1lz_h07=available; 2lz_h07=available; 3lz_h07=available; 1lz_h67=available; 2lz_h67=available; 3lz_h67=available,opt_sda_001,sec_lpoe_001,10,grand_sport:opt_sda_001,opt_sda_001,"LPO, Black recovery hook, Genuine Corvette Accessory",,,sec_lpoe_001,True,10,,approved,True,
zr1,zr1_zr1x_intextmec_raw,zr1_zr1x_intextmec_raw:293-293,SDA,,SDA,"LPO, Black recovery hook, Genuine Corvette Accessory",,1lz_r07=A/D; 3lz_r07=A/D; 1lz_r67=A/D; 3lz_r67=A/D,1lz_r07=available; 3lz_r07=available; 1lz_r67=available; 3lz_r67=available,opt_sda_001,sec_lpoe_001,10,grand_sport:opt_sda_001,opt_sda_001,"LPO, Black recovery hook, Genuine Corvette Accessory",,,sec_lpoe_001,True,10,,approved,True,
zr1x,zr1_zr1x_intextmec_raw,zr1_zr1x_intextmec_raw:293-293,SDA,,SDA,"LPO, Black recovery hook, Genuine Corvette Accessory",,1lz_s07=A/D; 3lz_s07=A/D; 1lz_s67=A/D; 3lz_s67=A/D,1lz_s07=available; 3lz_s07=available; 1lz_s67=available; 3lz_s67=available,opt_sda_001,sec_lpoe_001,10,grand_sport:opt_sda_001,opt_sda_001,"LPO, Black recovery hook, Genuine Corvette Accessory",,,sec_lpoe_001,True,10,,approved,True,
z06,z06_intextmec_raw,z06_intextmec_raw:397-400,SFE,,SFE,"LPO, Chrome wheel locks, Genuine Corvette Accessory","Not available with (SPY) Black lug nuts, LPO or (ROY/ROZ/STZ) wheels.",1lz_h07=A/D1; 2lz_h07=A/D1; 3lz_h07=A/D1; 1lz_h67=A/D1; 2lz_h67=A/D1; 3lz_h67=A/D1,1lz_h07=available; 2lz_h07=available; 3lz_h07=available; 1lz_h67=available; 2lz_h67=available; 3lz_h67=available,opt_sfe_001,sec_whee_001,40,grand_sport:opt_sfe_001,opt_sfe_001,"LPO, Chrome wheel locks, Genuine Corvette Accessory",,"Not available with (SPY) Black lug nuts, LPO or (ROY/ROZ/STZ) wheels.",sec_whee_001,True,40,,approved,True,
zr1,zr1_zr1x_intextmec_raw,zr1_zr1x_intextmec_raw:317-320,SFE,,SFE,"LPO, Chrome wheel locks, Genuine Corvette Accessory","Not available with (SPY) Black lug nuts, LPO or (SU1) 20"" front/21"" rear 10-spoke, visible carbon fiber wheels.",1lz_r07=A/D1; 3lz_r07=A/D1; 1lz_r67=A/D1; 3lz_r67=A/D1,1lz_r07=available; 3lz_r07=available; 1lz_r67=available; 3lz_r67=available,opt_sfe_001,sec_whee_001,40,grand_sport:opt_sfe_001,opt_sfe_001,"LPO, Chrome wheel locks, Genuine Corvette Accessory",,"Not available with (SPY) Black lug nuts, LPO or (SU1) 20"" front/21"" rear 10-spoke, visible carbon fiber wheels.",sec_whee_001,True,40,,approved,True,
zr1x,zr1_zr1x_intextmec_raw,zr1_zr1x_intextmec_raw:317-320,SFE,,SFE,"LPO, Chrome wheel locks, Genuine Corvette Accessory","Not available with (SPY) Black lug nuts, LPO or (SU1) 20"" front/21"" rear 10-spoke, visible carbon fiber wheels.",1lz_s07=A/D1; 3lz_s07=A/D1; 1lz_s67=A/D1; 3lz_s67=A/D1,1lz_s07=available; 3lz_s07=available; 1lz_s67=available; 3lz_s67=available,opt_sfe_001,sec_whee_001,40,grand_sport:opt_sfe_001,opt_sfe_001,"LPO, Chrome wheel locks, Genuine Corvette Accessory",,"Not available with (SPY) Black lug nuts, LPO or (SU1) 20"" front/21"" rear 10-spoke, visible carbon fiber wheels.",sec_whee_001,True,40,,approved,True,
z06,z06_intextmec_raw,z06_intextmec_raw:328-331,SFZ,,SFZ,"LPO, Dark Stealth crossed flags emblems, front and rear on Z06 models, front and rear on Grand Sport, Z06, ZR1 and ZR1X models, Genuine Corvette Accessory","Not available with (EYK) Chrome Exterior Badge Package or any Full Length Dual Racing Stripes (DPB, DPC, DPG, DPL, DPT, DSY, DSZ, DT0, DTB, DTH, DUB, DUE, DUK, DUW). Included with (PCZ) Tech Bronze Accent Package, LPO.",1lz_h07=A/D1; 2lz_h07=A/D1; 3lz_h07=A/D1; 1lz_h67=A/D1; 2lz_h67=A/D1; 3lz_h67=A/D1,1lz_h07=available; 2lz_h07=available; 3lz_h07=available; 1lz_h67=available; 2lz_h67=available; 3lz_h67=available,opt_sfz_001,sec_lpoe_001,20,grand_sport:opt_sfz_001,opt_sfz_001,"LPO, Dark Stealth crossed flags emblems, front and rear on Z06 models, front and rear on Grand Sport, Z06, ZR1 and ZR1X models, Genuine Corvette Accessory",,"Not available with (EYK) Chrome Exterior Badge Package or any Full Length Dual Racing Stripes (DPB, DPC, DPG, DPL, DPT, DSY, DSZ, DT0, DTB, DTH, DUB, DUE, DUK, DUW). Included with (PCZ) Tech Bronze Accent Package, LPO.",sec_lpoe_001,True,20,,approved,True,
zr1,zr1_zr1x_intextmec_raw,zr1_zr1x_intextmec_raw:275-278,SFZ,,SFZ,"LPO, Dark Stealth crossed flags emblems, front and rear on Z06 models, front and rear on Grand Sport, Z06, ZR1 and ZR1X models, Genuine Corvette Accessory","Not available with (EYK) Chrome Exterior Badge Package or any Full Length Dual Racing Stripes (DPB, DPC, DPG, DPL, DPT, DSY, DSZ, DT0, DTB, DTH, DUB, DUE, DUK, DUW) or (SB9) Hood and Roof Decal Package LPO.",1lz_r07=A/D1; 3lz_r07=A/D1; 1lz_r67=A/D1; 3lz_r67=A/D1,1lz_r07=available; 3lz_r07=available; 1lz_r67=available; 3lz_r67=available,opt_sfz_001,sec_lpoe_001,20,grand_sport:opt_sfz_001,opt_sfz_001,"LPO, Dark Stealth crossed flags emblems, front and rear on Z06 models, front and rear on Grand Sport, Z06, ZR1 and ZR1X models, Genuine Corvette Accessory",,"Not available with (EYK) Chrome Exterior Badge Package or any Full Length Dual Racing Stripes (DPB, DPC, DPG, DPL, DPT, DSY, DSZ, DT0, DTB, DTH, DUB, DUE, DUK, DUW) or (SB9) Hood and Roof Decal Package LPO.",sec_lpoe_001,True,20,,approved,True,
zr1x,zr1_zr1x_intextmec_raw,zr1_zr1x_intextmec_raw:275-278,SFZ,,SFZ,"LPO, Dark Stealth crossed flags emblems, front and rear on Z06 models, front and rear on Grand Sport, Z06, ZR1 and ZR1X models, Genuine Corvette Accessory","Not available with (EYK) Chrome Exterior Badge Package or any Full Length Dual Racing Stripes (DPB, DPC, DPG, DPL, DPT, DSY, DSZ, DT0, DTB, DTH, DUB, DUE, DUK, DUW) or (SB9) Hood and Roof Decal Package LPO.",1lz_s07=A/D1; 3lz_s07=A/D1; 1lz_s67=A/D1; 3lz_s67=A/D1,1lz_s07=available; 3lz_s07=available; 1lz_s67=available; 3lz_s67=available,opt_sfz_001,sec_lpoe_001,20,grand_sport:opt_sfz_001,opt_sfz_001,"LPO, Dark Stealth crossed flags emblems, front and rear on Z06 models, front and rear on Grand Sport, Z06, ZR1 and ZR1X models, Genuine Corvette Accessory",,"Not available with (EYK) Chrome Exterior Badge Package or any Full Length Dual Racing Stripes (DPB, DPC, DPG, DPL, DPT, DSY, DSZ, DT0, DTB, DTH, DUB, DUE, DUK, DUW) or (SB9) Hood and Roof Decal Package LPO.",sec_lpoe_001,True,20,,approved,True,
z06,z06_intextmec_raw,z06_intextmec_raw:316-316,SG1,,SG1,"LPO, Z06 badges in Edge Red, Genuine Corvette Accessory",,1lz_h07=A/D; 2lz_h07=A/D; 3lz_h07=A/D; 1lz_h67=A/D; 2lz_h67=A/D; 3lz_h67=A/D,1lz_h07=available; 2lz_h07=available; 3lz_h07=available; 1lz_h67=available; 2lz_h67=available; 3lz_h67=available,opt_sg1_001,sec_lpoe_001,,,,,,,,,,,needs_section_review,False,
z06,z06_intextmec_raw,z06_intextmec_raw:387-390,SHT,,SHT,"LPO, Jake hood graphic with Tech Bronze accent, Genuine Corvette Accessory","Not available with PDA, SNE or RPO stripes (DPB, DPC, DPG, DPL, DPT, DSY, DSZ, DT0, DTB, DTH, DUB, DUE, DUK, DUW, DZU, DZV, DZX). Included with (PCZ) Tech Bronze Accent Package, LPO.",1lz_h07=A/D1; 2lz_h07=A/D1; 3lz_h07=A/D1; 1lz_h67=A/D1; 2lz_h67=A/D1; 3lz_h67=A/D1,1lz_h07=available; 2lz_h07=available; 3lz_h07=available; 1lz_h67=available; 2lz_h67=available; 3lz_h67=available,opt_sht_001,sec_stri_001,170,grand_sport:opt_sht_001,opt_sht_001,"LPO, Jake hood graphic with Tech Bronze accent, Genuine Corvette Accessory",,"Not available with PDA, SNE or RPO stripes (DPB, DPC, DPG, DPL, DPT, DSY, DSZ, DT0, DTB, DTH, DUB, DUE, DUK, DUW, DZU, DZV, DZX). Included with (PCZ) Tech Bronze Accent Package, LPO.",sec_stri_001,True,170,,approved,True,
z06,z06_intextmec_raw,z06_intextmec_raw:371-374,SIG,,SIG,"LPO, Spoiler extension, clear smoked center bridge with Jake logo, Genuine Corvette Accessory",Requires (T0E) rear spoiler.,1lz_h07=A/D1; 2lz_h07=A/D1; 3lz_h07=A/D1; 1lz_h67=A/D1; 2lz_h67=A/D1; 3lz_h67=A/D1,1lz_h07=available; 2lz_h07=available; 3lz_h07=available; 1lz_h67=available; 2lz_h67=available; 3lz_h67=available,opt_sig_001,sec_lpoe_001,90,grand_sport:opt_sig_001,opt_sig_001,"LPO, Spoiler extension, clear smoked center bridge with Jake logo, Genuine Corvette Accessory",,Requires (T0E) rear spoiler.,sec_lpoe_001,True,90,,approved,True,
zr1,zr1_zr1x_intextmec_raw,zr1_zr1x_intextmec_raw:307-310,SIG,,SIG,"LPO, Spoiler extension, clear smoked center bridge with Jake logo, Genuine Corvette Accessory",Requires (T0E) rear spoiler.,1lz_r07=A/D1; 3lz_r07=A/D1; 1lz_r67=A/D1; 3lz_r67=A/D1,1lz_r07=available; 3lz_r07=available; 1lz_r67=available; 3lz_r67=available,opt_sig_001,sec_lpoe_001,90,grand_sport:opt_sig_001,opt_sig_001,"LPO, Spoiler extension, clear smoked center bridge with Jake logo, Genuine Corvette Accessory",,Requires (T0E) rear spoiler.,sec_lpoe_001,True,90,,approved,True,
zr1x,zr1_zr1x_intextmec_raw,zr1_zr1x_intextmec_raw:307-310,SIG,,SIG,"LPO, Spoiler extension, clear smoked center bridge with Jake logo, Genuine Corvette Accessory",Requires (T0E) rear spoiler.,1lz_s07=--; 3lz_s07=--; 1lz_s67=--; 3lz_s67=--,1lz_s07=unavailable; 3lz_s07=unavailable; 1lz_s67=unavailable; 3lz_s67=unavailable,opt_sig_001,sec_lpoe_001,90,grand_sport:opt_sig_001,opt_sig_001,"LPO, Spoiler extension, clear smoked center bridge with Jake logo, Genuine Corvette Accessory",,Requires (T0E) rear spoiler.,sec_lpoe_001,False,90,,approved,True,
z06,z06_intextmec_raw,z06_intextmec_raw:355-358,SL8,,SL8,"LPO, Rear Corvette script badge in Edge Red, Genuine Corvette Accessory","Not available with RIK, RIN.",1lz_h07=A/D1; 2lz_h07=A/D1; 3lz_h07=A/D1; 1lz_h67=A/D1; 2lz_h67=A/D1; 3lz_h67=A/D1,1lz_h07=available; 2lz_h07=available; 3lz_h07=available; 1lz_h67=available; 2lz_h67=available; 3lz_h67=available,opt_sl8_001,sec_lpoe_001,81,grand_sport:opt_sl8_001,opt_sl8_001,"LPO, Rear Corvette script badge in Edge Red, Genuine Corvette Accessory",,"Not available with RIK, RIN.",sec_lpoe_001,True,81,,approved,True,
zr1,zr1_zr1x_intextmec_raw,zr1_zr1x_intextmec_raw:299-302,SL8,,SL8,"LPO, Rear Corvette script badge in Edge Red, Genuine Corvette Accessory","Not available with RIK, RIN.",1lz_r07=A/D1; 3lz_r07=A/D1; 1lz_r67=A/D1; 3lz_r67=A/D1,1lz_r07=available; 3lz_r07=available; 1lz_r67=available; 3lz_r67=available,opt_sl8_001,sec_lpoe_001,81,grand_sport:opt_sl8_001,opt_sl8_001,"LPO, Rear Corvette script badge in Edge Red, Genuine Corvette Accessory",,"Not available with RIK, RIN.",sec_lpoe_001,True,81,,approved,True,
zr1x,zr1_zr1x_intextmec_raw,zr1_zr1x_intextmec_raw:299-302,SL8,,SL8,"LPO, Rear Corvette script badge in Edge Red, Genuine Corvette Accessory","Not available with RIK, RIN.",1lz_s07=A/D1; 3lz_s07=A/D1; 1lz_s67=A/D1; 3lz_s67=A/D1,1lz_s07=available; 3lz_s07=available; 1lz_s67=available; 3lz_s67=available,opt_sl8_001,sec_lpoe_001,81,grand_sport:opt_sl8_001,opt_sl8_001,"LPO, Rear Corvette script badge in Edge Red, Genuine Corvette Accessory",,"Not available with RIK, RIN.",sec_lpoe_001,True,81,,approved,True,
z06,z06_standard_raw,z06_standard_raw:116-119,SL9,,SL9,"LPO, Engine specification plaque, Genuine Corvette Accessory",Included with (B6P/ZZ3) Engine Appearance Package.,1lz_h07=A/D1; 2lz_h07=A/D1; 3lz_h07=A/D1; 1lz_h67=A/D1; 2lz_h67=A/D1; 3lz_h67=A/D1,1lz_h07=available; 2lz_h07=available; 3lz_h07=available; 1lz_h67=available; 2lz_h67=available; 3lz_h67=available,opt_sl9_001,,,,,,,,,,,,deferred,False,
z06,z06_intextmec_raw,z06_intextmec_raw:580-583,SL9,,SL9,"LPO, Engine specification plaque, Genuine Corvette Accessory",Included with (B6P/ZZ3) Engine Appearance Package.,1lz_h07=A/D1; 2lz_h07=A/D1; 3lz_h07=A/D1; 1lz_h67=A/D1; 2lz_h67=A/D1; 3lz_h67=A/D1,1lz_h07=available; 2lz_h07=available; 3lz_h07=available; 1lz_h67=available; 2lz_h67=available; 3lz_h67=available,opt_sl9_001,sec_engi_001,11,grand_sport:opt_sl9_001,opt_sl9_001,"LPO, Engine specification plaque, Genuine Corvette Accessory",,Included with (B6P/ZZ3) Engine Appearance Package.,sec_engi_001,True,11,,approved,True,
zr1,zr1_zr1x_standard_raw,zr1_zr1x_standard_raw:110-113,,SL9,SL9,"LPO, Engine specification plaque, Genuine Corvette Accessory",Included with (B6P/ZZ3) Engine Appearance Package.,1lz_r07=S1; 3lz_r07=S1; 1lz_r67=S1; 3lz_r67=S1,1lz_r07=standard; 3lz_r07=standard; 1lz_r67=standard; 3lz_r67=standard,opt_sl9_001,,,,,,,,,,,,deferred,False,
zr1x,zr1_zr1x_standard_raw,zr1_zr1x_standard_raw:110-113,,SL9,SL9,"LPO, Engine specification plaque, Genuine Corvette Accessory",Included with (B6P/ZZ3) Engine Appearance Package.,1lz_s07=S1; 3lz_s07=S1; 1lz_s67=S1; 3lz_s67=S1,1lz_s07=standard; 3lz_s07=standard; 1lz_s67=standard; 3lz_s67=standard,opt_sl9_001,,,,,,,,,,,,deferred,False,
zr1,zr1_zr1x_intextmec_raw,zr1_zr1x_intextmec_raw:450-453,,SL9,SL9,"LPO, Engine specification plaque, Genuine Corvette Accessory",Included with (B6P/ZZ3) Engine Appearance Package.,1lz_r07=S1; 3lz_r07=S1; 1lz_r67=S1; 3lz_r67=S1,1lz_r07=standard; 3lz_r07=standard; 1lz_r67=standard; 3lz_r67=standard,opt_sl9_001,sec_engi_001,11,grand_sport:opt_sl9_001,opt_sl9_001,"LPO, Engine specification plaque, Genuine Corvette Accessory",,Included with (B6P/ZZ3) Engine Appearance Package.,sec_engi_001,False,11,,approved,True,
zr1x,zr1_zr1x_intextmec_raw,zr1_zr1x_intextmec_raw:450-453,,SL9,SL9,"LPO, Engine specification plaque, Genuine Corvette Accessory",Included with (B6P/ZZ3) Engine Appearance Package.,1lz_s07=S1; 3lz_s07=S1; 1lz_s67=S1; 3lz_s67=S1,1lz_s07=standard; 3lz_s07=standard; 1lz_s67=standard; 3lz_s67=standard,opt_sl9_001,sec_engi_001,11,grand_sport:opt_sl9_001,opt_sl9_001,"LPO, Engine specification plaque, Genuine Corvette Accessory",,Included with (B6P/ZZ3) Engine Appearance Package.,sec_engi_001,False,11,,approved,True,
z06,z06_intextmec_raw,z06_intextmec_raw:584-584,SLK,,SLK,"LPO, Rear hatch strut bracket, Edge Red, Genuine Corvette Accessory",,1lz_h07=A/D; 2lz_h07=A/D; 3lz_h07=A/D; 1lz_h67=--; 2lz_h67=--; 3lz_h67=--,1lz_h07=available; 2lz_h07=available; 3lz_h07=available; 1lz_h67=unavailable; 2lz_h67=unavailable; 3lz_h67=unavailable,opt_slk_001,sec_engi_001,50,grand_sport:opt_slk_001,opt_slk_001,"LPO, Rear hatch strut bracket, Edge Red, Genuine Corvette Accessory",,,sec_engi_001,True,50,,approved,True,
zr1,zr1_zr1x_intextmec_raw,zr1_zr1x_intextmec_raw:454-454,SLK,,SLK,"LPO, Rear hatch strut bracket, Edge Red, Genuine Corvette Accessory",,1lz_r07=A/D; 3lz_r07=A/D; 1lz_r67=--; 3lz_r67=--,1lz_r07=available; 3lz_r07=available; 1lz_r67=unavailable; 3lz_r67=unavailable,opt_slk_001,sec_engi_001,50,grand_sport:opt_slk_001,opt_slk_001,"LPO, Rear hatch strut bracket, Edge Red, Genuine Corvette Accessory",,,sec_engi_001,True,50,,approved,True,
zr1x,zr1_zr1x_intextmec_raw,zr1_zr1x_intextmec_raw:454-454,SLK,,SLK,"LPO, Rear hatch strut bracket, Edge Red, Genuine Corvette Accessory",,1lz_s07=A/D; 3lz_s07=A/D; 1lz_s67=--; 3lz_s67=--,1lz_s07=available; 3lz_s07=available; 1lz_s67=unavailable; 3lz_s67=unavailable,opt_slk_001,sec_engi_001,50,grand_sport:opt_slk_001,opt_slk_001,"LPO, Rear hatch strut bracket, Edge Red, Genuine Corvette Accessory",,,sec_engi_001,True,50,,approved,True,
z06,z06_intextmec_raw,z06_intextmec_raw:575-578,SLN,,SLN,"LPO, Visible carbon fiber engine cross brace with Jake logo, Genuine Corvette Accessory","Not available with (RXI) LT6 engine cover in visible carbon fiber, LPO.",1lz_h07=A/D1; 2lz_h07=A/D1; 3lz_h07=A/D1; 1lz_h67=--; 2lz_h67=--; 3lz_h67=--,1lz_h07=available; 2lz_h07=available; 3lz_h07=available; 1lz_h67=unavailable; 2lz_h67=unavailable; 3lz_h67=unavailable,opt_sln_001,sec_engi_001,60,grand_sport:opt_sln_001,opt_sln_001,"LPO, Visible carbon fiber engine cross brace with Jake logo, Genuine Corvette Accessory",,"Not available with (RXI) LT6 engine cover in visible carbon fiber, LPO.",sec_engi_001,True,60,,approved,True,
zr1,zr1_zr1x_intextmec_raw,zr1_zr1x_intextmec_raw:449-449,SLN,,SLN,"LPO, Visible carbon fiber engine cross brace with Jake logo, Genuine Corvette Accessory",,1lz_r07=A/D; 3lz_r07=A/D; 1lz_r67=--; 3lz_r67=--,1lz_r07=available; 3lz_r07=available; 1lz_r67=unavailable; 3lz_r67=unavailable,opt_sln_001,sec_engi_001,60,grand_sport:opt_sln_001,opt_sln_001,"LPO, Visible carbon fiber engine cross brace with Jake logo, Genuine Corvette Accessory",,,sec_engi_001,True,60,,approved,True,
zr1x,zr1_zr1x_intextmec_raw,zr1_zr1x_intextmec_raw:449-449,SLN,,SLN,"LPO, Visible carbon fiber engine cross brace with Jake logo, Genuine Corvette Accessory",,1lz_s07=A/D; 3lz_s07=A/D; 1lz_s67=--; 3lz_s67=--,1lz_s07=available; 3lz_s07=available; 1lz_s67=unavailable; 3lz_s67=unavailable,opt_sln_001,sec_engi_001,60,grand_sport:opt_sln_001,opt_sln_001,"LPO, Visible carbon fiber engine cross brace with Jake logo, Genuine Corvette Accessory",,,sec_engi_001,True,60,,approved,True,
z06,z06_intextmec_raw,z06_intextmec_raw:383-386,SNE,,SNE,"LPO, Jake hood graphic","Included with (PDA) Jake C8.R Graphics Package, LPO. Not available with RPO stripes (DPB, DPC, DPG, DPL, DPT, DSY, DSZ, DT0, DTB, DTH, DUB, DUE, DUK, DUW, DZU, DZV, DZX).",1lz_h07=A/D1; 2lz_h07=A/D1; 3lz_h07=A/D1; 1lz_h67=A/D1; 2lz_h67=A/D1; 3lz_h67=A/D1,1lz_h07=available; 2lz_h07=available; 3lz_h07=available; 1lz_h67=available; 2lz_h67=available; 3lz_h67=available,opt_sne_001,sec_stri_001,,,,,,,,,,,needs_section_review,False,
z06,z06_intextmec_raw,z06_intextmec_raw:496-496,SOA,,SOA,"Wheels, 20"" x 10"" (50.8 cm x 25.4 cm) front and 21"" x 13"" (53.3 cm x 33 cm) rear Spider design, Black forged aluminum",,1lz_h07=A; 2lz_h07=A; 3lz_h07=A; 1lz_h67=A; 2lz_h67=A; 3lz_h67=A,1lz_h07=available; 2lz_h07=available; 3lz_h07=available; 1lz_h67=available; 2lz_h67=available; 3lz_h67=available,opt_soa_001,sec_whee_002,,,,,,,,,,,needs_section_review,False,
z06,z06_standard_raw,z06_standard_raw:120-120,,SOE,SOE,"Wheels, 20"" x 10"" (50.8 cm x 25.4 cm) front and 21"" x 13"" (53.3 cm x 33 cm) rear Spider design, Titanium Satin forged aluminum",,1lz_h07=S; 2lz_h07=S; 3lz_h07=S; 1lz_h67=S; 2lz_h67=S; 3lz_h67=S,1lz_h07=standard; 2lz_h07=standard; 3lz_h07=standard; 1lz_h67=standard; 2lz_h67=standard; 3lz_h67=standard,opt_soe_001,,,,,,,,,,,,deferred,False,
z06,z06_intextmec_raw,z06_intextmec_raw:495-495,,SOE,SOE,"Wheels, 20"" x 10"" (50.8 cm x 25.4 cm) front and 21"" x 13"" (53.3 cm x 33 cm) rear Spider design, Titanium Satin forged aluminum",,1lz_h07=S; 2lz_h07=S; 3lz_h07=S; 1lz_h67=S; 2lz_h67=S; 3lz_h67=S,1lz_h07=standard; 2lz_h07=standard; 3lz_h07=standard; 1lz_h67=standard; 2lz_h67=standard; 3lz_h67=standard,opt_soe_002,sec_whee_002,,,,,,,,,,,needs_section_review,False,
zr1,zr1_zr1x_intextmec_raw,zr1_zr1x_intextmec_raw:397-397,SOF,,SOF,"Wheels, 20"" x 10"" (50.8 cm x 25.4 cm) front and 21"" x 13"" (53.3 cm x 33 cm) rear 20-spoke, Edge Blue-painted forged aluminum",,1lz_r07=A; 3lz_r07=A; 1lz_r67=A; 3lz_r67=A,1lz_r07=available; 3lz_r07=available; 1lz_r67=available; 3lz_r67=available,opt_sof_001,sec_whee_002,,,,,,,,,,,needs_section_review,False,
zr1x,zr1_zr1x_intextmec_raw,zr1_zr1x_intextmec_raw:397-397,SOF,,SOF,"Wheels, 20"" x 10"" (50.8 cm x 25.4 cm) front and 21"" x 13"" (53.3 cm x 33 cm) rear 20-spoke, Edge Blue-painted forged aluminum",,1lz_s07=A; 3lz_s07=A; 1lz_s67=A; 3lz_s67=A,1lz_s07=available; 3lz_s07=available; 1lz_s67=available; 3lz_s67=available,opt_sof_001,sec_whee_002,,,,,,,,,,,needs_section_review,False,
zr1,zr1_zr1x_intextmec_raw,zr1_zr1x_intextmec_raw:398-398,SOG,,SOG,"Wheels, 20"" x 10"" (50.8 cm x 25.4 cm) front and 21"" x 13"" (53.3 cm x 33 cm) rear 20-spoke, Carbon Flash-painted forged aluminum",,1lz_r07=A; 3lz_r07=A; 1lz_r67=A; 3lz_r67=A,1lz_r07=available; 3lz_r07=available; 1lz_r67=available; 3lz_r67=available,opt_sog_001,sec_whee_002,,,,,,,,,,,needs_section_review,False,
zr1x,zr1_zr1x_intextmec_raw,zr1_zr1x_intextmec_raw:398-398,SOG,,SOG,"Wheels, 20"" x 10"" (50.8 cm x 25.4 cm) front and 21"" x 13"" (53.3 cm x 33 cm) rear 20-spoke, Carbon Flash-painted forged aluminum",,1lz_s07=A; 3lz_s07=A; 1lz_s67=A; 3lz_s67=A,1lz_s07=available; 3lz_s07=available; 1lz_s67=available; 3lz_s67=available,opt_sog_001,sec_whee_002,,,,,,,,,,,needs_section_review,False,
zr1,zr1_zr1x_intextmec_raw,zr1_zr1x_intextmec_raw:399-399,SOH,,SOH,"Wheels, 20"" x 10"" (50.8 cm x 25.4 cm) front and 21"" x 13"" (53.3 cm x 33 cm) rear 20-spoke, Bright machined forged aluminum",,1lz_r07=A; 3lz_r07=A; 1lz_r67=A; 3lz_r67=A,1lz_r07=available; 3lz_r07=available; 1lz_r67=available; 3lz_r67=available,opt_soh_001,sec_whee_002,,,,,,,,,,,needs_section_review,False,
zr1x,zr1_zr1x_intextmec_raw,zr1_zr1x_intextmec_raw:399-399,SOH,,SOH,"Wheels, 20"" x 10"" (50.8 cm x 25.4 cm) front and 21"" x 13"" (53.3 cm x 33 cm) rear 20-spoke, Bright machined forged aluminum",,1lz_s07=A; 3lz_s07=A; 1lz_s67=A; 3lz_s67=A,1lz_s07=available; 3lz_s07=available; 1lz_s67=available; 3lz_s67=available,opt_soh_001,sec_whee_002,,,,,,,,,,,needs_section_review,False,
zr1,zr1_zr1x_standard_raw,zr1_zr1x_standard_raw:118-118,,SOJ,SOJ,"Wheels, 20"" x 10"" (50.8 cm x 25.4 cm) front and 21"" x 13"" (53.3 cm x 33 cm) rear 20-spoke, Sterling Silver-painted forged aluminum",,1lz_r07=S; 3lz_r07=S; 1lz_r67=S; 3lz_r67=S,1lz_r07=standard; 3lz_r07=standard; 1lz_r67=standard; 3lz_r67=standard,opt_soj_001,,,,,,,,,,,,deferred,False,
zr1x,zr1_zr1x_standard_raw,zr1_zr1x_standard_raw:118-118,,SOJ,SOJ,"Wheels, 20"" x 10"" (50.8 cm x 25.4 cm) front and 21"" x 13"" (53.3 cm x 33 cm) rear 20-spoke, Sterling Silver-painted forged aluminum",,1lz_s07=S; 3lz_s07=S; 1lz_s67=S; 3lz_s67=S,1lz_s07=standard; 3lz_s07=standard; 1lz_s67=standard; 3lz_s67=standard,opt_soj_001,,,,,,,,,,,,deferred,False,
zr1,zr1_zr1x_intextmec_raw,zr1_zr1x_intextmec_raw:396-396,,SOJ,SOJ,"Wheels, 20"" x 10"" (50.8 cm x 25.4 cm) front and 21"" x 13"" (53.3 cm x 33 cm) rear 20-spoke, Sterling Silver-painted forged aluminum",,1lz_r07=S; 3lz_r07=S; 1lz_r67=S; 3lz_r67=S,1lz_r07=standard; 3lz_r07=standard; 1lz_r67=standard; 3lz_r67=standard,opt_soj_002,sec_whee_002,,,,,,,,,,,needs_section_review,False,
zr1x,zr1_zr1x_intextmec_raw,zr1_zr1x_intextmec_raw:396-396,,SOJ,SOJ,"Wheels, 20"" x 10"" (50.8 cm x 25.4 cm) front and 21"" x 13"" (53.3 cm x 33 cm) rear 20-spoke, Sterling Silver-painted forged aluminum",,1lz_s07=S; 3lz_s07=S; 1lz_s67=S; 3lz_s67=S,1lz_s07=standard; 3lz_s07=standard; 1lz_s67=standard; 3lz_s67=standard,opt_soj_002,sec_whee_002,,,,,,,,,,,needs_section_review,False,
z06,z06_intextmec_raw,z06_intextmec_raw:512-512,SOM,,SOM,"Wheels, 20"" x 10"" (50.8 cm x 25.4 cm) front and 21"" x 13"" (53.3 cm x 33 cm) rear bright polished forged aluminum",,1lz_h07=A; 2lz_h07=A; 3lz_h07=A; 1lz_h67=A; 2lz_h67=A; 3lz_h67=A,1lz_h07=available; 2lz_h07=available; 3lz_h07=available; 1lz_h67=available; 2lz_h67=available; 3lz_h67=available,opt_som_001,sec_whee_002,,,,,,,,,,,needs_section_review,False,
z06,z06_intextmec_raw,z06_intextmec_raw:513-513,SON,,SON,"Wheels, 20"" x 10"" (50.8 cm x 25.4 cm) front and 21"" x 13"" (53.3 cm x 33 cm) rear Gloss Black forged aluminum",,1lz_h07=A; 2lz_h07=A; 3lz_h07=A; 1lz_h67=A; 2lz_h67=A; 3lz_h67=A,1lz_h07=available; 2lz_h07=available; 3lz_h07=available; 1lz_h67=available; 2lz_h67=available; 3lz_h67=available,opt_son_001,sec_whee_002,,,,,,,,,,,needs_section_review,False,
z06,z06_intextmec_raw,z06_intextmec_raw:401-404,SPY,,SPY,"LPO, Black lug nuts, Genuine Corvette Accessory","Not available with (S47) Chrome lug nuts, LPO.",1lz_h07=A/D1; 2lz_h07=A/D1; 3lz_h07=A/D1; 1lz_h67=A/D1; 2lz_h67=A/D1; 3lz_h67=A/D1,1lz_h07=available; 2lz_h07=available; 3lz_h07=available; 1lz_h67=available; 2lz_h67=available; 3lz_h67=available,opt_spy_001,sec_whee_001,10,grand_sport:opt_spy_001,opt_spy_001,"LPO, Black lug nuts, Genuine Corvette Accessory",,"Not available with (S47) Chrome lug nuts, LPO.",sec_whee_001,True,10,,approved,True,
zr1,zr1_zr1x_intextmec_raw,zr1_zr1x_intextmec_raw:321-324,SPY,,SPY,"LPO, Black lug nuts, Genuine Corvette Accessory","Not available with (S47) Chrome lug nuts, LPO.",1lz_r07=A/D1; 3lz_r07=A/D1; 1lz_r67=A/D1; 3lz_r67=A/D1,1lz_r07=available; 3lz_r07=available; 1lz_r67=available; 3lz_r67=available,opt_spy_001,sec_whee_001,10,grand_sport:opt_spy_001,opt_spy_001,"LPO, Black lug nuts, Genuine Corvette Accessory",,"Not available with (S47) Chrome lug nuts, LPO.",sec_whee_001,True,10,,approved,True,
zr1x,zr1_zr1x_intextmec_raw,zr1_zr1x_intextmec_raw:321-324,SPY,,SPY,"LPO, Black lug nuts, Genuine Corvette Accessory","Not available with (S47) Chrome lug nuts, LPO.",1lz_s07=A/D1; 3lz_s07=A/D1; 1lz_s67=A/D1; 3lz_s67=A/D1,1lz_s07=available; 3lz_s07=available; 1lz_s67=available; 3lz_s67=available,opt_spy_001,sec_whee_001,10,grand_sport:opt_spy_001,opt_spy_001,"LPO, Black lug nuts, Genuine Corvette Accessory",,"Not available with (S47) Chrome lug nuts, LPO.",sec_whee_001,True,10,,approved,True,
z06,z06_intextmec_raw,z06_intextmec_raw:393-396,SPZ,,SPZ,"LPO, Black wheel locks, Genuine Corvette Accessory","Requires (SPY) Black lug nuts, LPO.",1lz_h07=A/D1; 2lz_h07=A/D1; 3lz_h07=A/D1; 1lz_h67=A/D1; 2lz_h67=A/D1; 3lz_h67=A/D1,1lz_h07=available; 2lz_h07=available; 3lz_h07=available; 1lz_h67=available; 2lz_h67=available; 3lz_h67=available,opt_spz_001,sec_whee_001,20,grand_sport:opt_spz_001,opt_spz_001,"LPO, Black wheel locks, Genuine Corvette Accessory",,"Requires (SPY) Black lug nuts, LPO.",sec_whee_001,True,20,,approved,True,
zr1,zr1_zr1x_intextmec_raw,zr1_zr1x_intextmec_raw:313-316,SPZ,,SPZ,"LPO, Black wheel locks, Genuine Corvette Accessory","Requires (SPY) Black lug nuts, LPO.",1lz_r07=A/D1; 3lz_r07=A/D1; 1lz_r67=A/D1; 3lz_r67=A/D1,1lz_r07=available; 3lz_r07=available; 1lz_r67=available; 3lz_r67=available,opt_spz_001,sec_whee_001,20,grand_sport:opt_spz_001,opt_spz_001,"LPO, Black wheel locks, Genuine Corvette Accessory",,"Requires (SPY) Black lug nuts, LPO.",sec_whee_001,True,20,,approved,True,
zr1x,zr1_zr1x_intextmec_raw,zr1_zr1x_intextmec_raw:313-316,SPZ,,SPZ,"LPO, Black wheel locks, Genuine Corvette Accessory","Requires (SPY) Black lug nuts, LPO.",1lz_s07=A/D1; 3lz_s07=A/D1; 1lz_s67=A/D1; 3lz_s67=A/D1,1lz_s07=available; 3lz_s07=available; 1lz_s67=available; 3lz_s67=available,opt_spz_001,sec_whee_001,20,grand_sport:opt_spz_001,opt_spz_001,"LPO, Black wheel locks, Genuine Corvette Accessory",,"Requires (SPY) Black lug nuts, LPO.",sec_whee_001,True,20,,approved,True,
z06,z06_intextmec_raw,z06_intextmec_raw:497-497,SRK,,SRK,"Wheels, 20"" x 10"" (50.8 cm x 25.4 cm) front and 21"" x 13"" (53.3 cm x 33 cm) rear 10-spoke, Pearl Nickel forged aluminum",,1lz_h07=A; 2lz_h07=A; 3lz_h07=A; 1lz_h67=A; 2lz_h67=A; 3lz_h67=A,1lz_h07=available; 2lz_h07=available; 3lz_h07=available; 1lz_h67=available; 2lz_h67=available; 3lz_h67=available,opt_srk_001,sec_whee_002,,,,,,,,,,,needs_section_review,False,
z06,z06_intextmec_raw,z06_intextmec_raw:498-498,SRN,,SRN,"Wheels, 20"" x 10"" (50.8 cm x 25.4 cm) front and 21"" x 13"" (53.3 cm x 33 cm) rear 10-spoke, Gloss Black forged aluminum",,1lz_h07=A; 2lz_h07=A; 3lz_h07=A; 1lz_h67=A; 2lz_h67=A; 3lz_h67=A,1lz_h07=available; 2lz_h07=available; 3lz_h07=available; 1lz_h67=available; 2lz_h67=available; 3lz_h67=available,opt_srn_001,sec_whee_002,,,,,,,,,,,needs_section_review,False,
z06,z06_intextmec_raw,z06_intextmec_raw:499-499,STX,,STX,"Wheels, 20"" x 10"" (50.8 cm x 25.4 cm) front and 21"" x 13"" (53.3 cm x 33 cm) rear 10-spoke, Bright Polished forged aluminum with Carbon Flash-painted pockets",,1lz_h07=A; 2lz_h07=A; 3lz_h07=A; 1lz_h67=A; 2lz_h67=A; 3lz_h67=A,1lz_h07=available; 2lz_h07=available; 3lz_h07=available; 1lz_h67=available; 2lz_h67=available; 3lz_h67=available,opt_stx_001,sec_whee_002,,,,,,,,,,,needs_section_review,False,
z06,z06_intextmec_raw,z06_intextmec_raw:508-511,STZ,,STZ,"Wheels, 20"" x 10"" (50.8 cm x 25.4 cm) front and 21"" x 13"" (53.3 cm x 33 cm) rear visible carbon fiber with Red stripe",Requires (J57) carbon ceramic brakes.,1lz_h07=A1; 2lz_h07=A1; 3lz_h07=A1; 1lz_h67=A1; 2lz_h67=A1; 3lz_h67=A1,1lz_h07=available; 2lz_h07=available; 3lz_h07=available; 1lz_h67=available; 2lz_h67=available; 3lz_h67=available,opt_stz_001,sec_whee_002,70,grand_sport:opt_stz_001,opt_stz_001,"Wheels, 20"" x 10"" (50.8 cm x 25.4 cm) front and 21"" x 13"" (53.3 cm x 33 cm) rear visible carbon fiber with Red stripe",,Requires (J57) carbon ceramic brakes.,sec_whee_002,True,70,,approved,True,
zr1,zr1_zr1x_intextmec_raw,zr1_zr1x_intextmec_raw:400-400,SU1,,SU1,"Wheels, 20"" x 10"" (50.8 cm x 25.4 cm) front and 21"" x 13"" (53.3 cm x 33 cm) rear 10-spoke, visible carbon fiber",,1lz_r07=A; 3lz_r07=A; 1lz_r67=A; 3lz_r67=A,1lz_r07=available; 3lz_r07=available; 1lz_r67=available; 3lz_r67=available,opt_su1_001,sec_whee_002,,,,,,,,,,,needs_section_review,False,
zr1x,zr1_zr1x_intextmec_raw,zr1_zr1x_intextmec_raw:400-400,SU1,,SU1,"Wheels, 20"" x 10"" (50.8 cm x 25.4 cm) front and 21"" x 13"" (53.3 cm x 33 cm) rear 10-spoke, visible carbon fiber",,1lz_s07=A; 3lz_s07=A; 1lz_s67=A; 3lz_s67=A,1lz_s07=available; 3lz_s07=available; 1lz_s67=available; 3lz_s67=available,opt_su1_001,sec_whee_002,,,,,,,,,,,needs_section_review,False,
z06,z06_intextmec_raw,z06_intextmec_raw:65-65,SXB,,SXB,"LPO, Suede frunk and trunk compartment liner, Black, Genuine Corvette Accessory",,1lz_h07=A/D; 2lz_h07=A/D; 3lz_h07=A/D; 1lz_h67=A/D; 2lz_h67=A/D; 3lz_h67=A/D,1lz_h07=available; 2lz_h07=available; 3lz_h07=available; 1lz_h67=available; 2lz_h67=available; 3lz_h67=available,opt_sxb_001,sec_lpoi_001,80,grand_sport:opt_sxb_001,opt_sxb_001,"LPO, Suede frunk and trunk compartment liner, Black, Genuine Corvette Accessory",,,sec_lpoi_001,True,80,,approved,True,
zr1,zr1_zr1x_intextmec_raw,zr1_zr1x_intextmec_raw:65-65,SXB,,SXB,"LPO, Suede trunk compartment liner, Black, Genuine Corvette Accessory",,1lz_r07=A/D; 3lz_r07=A/D; 1lz_r67=A/D; 3lz_r67=A/D,1lz_r07=available; 3lz_r07=available; 1lz_r67=available; 3lz_r67=available,opt_sxb_001,sec_lpoi_001,80,grand_sport:opt_sxb_001,opt_sxb_001,"LPO, Suede trunk compartment liner, Black, Genuine Corvette Accessory",,,sec_lpoi_001,True,80,,approved,True,
zr1x,zr1_zr1x_intextmec_raw,zr1_zr1x_intextmec_raw:65-65,SXB,,SXB,"LPO, Suede trunk compartment liner, Black, Genuine Corvette Accessory",,1lz_s07=A/D; 3lz_s07=A/D; 1lz_s67=A/D; 3lz_s67=A/D,1lz_s07=available; 3lz_s07=available; 1lz_s67=available; 3lz_s67=available,opt_sxb_001,sec_lpoi_001,80,grand_sport:opt_sxb_001,opt_sxb_001,"LPO, Suede trunk compartment liner, Black, Genuine Corvette Accessory",,,sec_lpoi_001,True,80,,approved,True,
z06,z06_intextmec_raw,z06_intextmec_raw:66-66,SXR,,SXR,"LPO, Suede frunk and trunk compartment liner, Adrenaline Red, Genuine Corvette Accessory",,1lz_h07=A/D; 2lz_h07=A/D; 3lz_h07=A/D; 1lz_h67=A/D; 2lz_h67=A/D; 3lz_h67=A/D,1lz_h07=available; 2lz_h07=available; 3lz_h07=available; 1lz_h67=available; 2lz_h67=available; 3lz_h67=available,opt_sxr_001,sec_lpoi_001,81,grand_sport:opt_sxr_001,opt_sxr_001,"LPO, Suede frunk and trunk compartment liner, Adrenaline Red, Genuine Corvette Accessory",,,sec_lpoi_001,True,81,,approved,True,
zr1,zr1_zr1x_intextmec_raw,zr1_zr1x_intextmec_raw:66-66,SXR,,SXR,"LPO, Suede trunk compartment liner, Adrenaline Red, Genuine Corvette Accessory",,1lz_r07=A/D; 3lz_r07=A/D; 1lz_r67=A/D; 3lz_r67=A/D,1lz_r07=available; 3lz_r07=available; 1lz_r67=available; 3lz_r67=available,opt_sxr_001,sec_lpoi_001,81,grand_sport:opt_sxr_001,opt_sxr_001,"LPO, Suede trunk compartment liner, Adrenaline Red, Genuine Corvette Accessory",,,sec_lpoi_001,True,81,,approved,True,
zr1x,zr1_zr1x_intextmec_raw,zr1_zr1x_intextmec_raw:66-66,SXR,,SXR,"LPO, Suede trunk compartment liner, Adrenaline Red, Genuine Corvette Accessory",,1lz_s07=A/D; 3lz_s07=A/D; 1lz_s67=A/D; 3lz_s67=A/D,1lz_s07=available; 3lz_s07=available; 1lz_s67=available; 3lz_s67=available,opt_sxr_001,sec_lpoi_001,81,grand_sport:opt_sxr_001,opt_sxr_001,"LPO, Suede trunk compartment liner, Adrenaline Red, Genuine Corvette Accessory",,,sec_lpoi_001,True,81,,approved,True,
z06,z06_intextmec_raw,z06_intextmec_raw:67-67,SXT,,SXT,"LPO, Suede frunk and trunk compartment liner, Natural, Genuine Corvette Accessory",,1lz_h07=A/D; 2lz_h07=A/D; 3lz_h07=A/D; 1lz_h67=A/D; 2lz_h67=A/D; 3lz_h67=A/D,1lz_h07=available; 2lz_h07=available; 3lz_h07=available; 1lz_h67=available; 2lz_h67=available; 3lz_h67=available,opt_sxt_001,sec_lpoi_001,82,grand_sport:opt_sxt_001,opt_sxt_001,"LPO, Suede frunk and trunk compartment liner, Natural, Genuine Corvette Accessory",,,sec_lpoi_001,True,82,,approved,True,
zr1,zr1_zr1x_intextmec_raw,zr1_zr1x_intextmec_raw:67-67,SXT,,SXT,"LPO, Suede trunk compartment liner, Natural, Genuine Corvette Accessory",,1lz_r07=A/D; 3lz_r07=A/D; 1lz_r67=A/D; 3lz_r67=A/D,1lz_r07=available; 3lz_r07=available; 1lz_r67=available; 3lz_r67=available,opt_sxt_001,sec_lpoi_001,82,grand_sport:opt_sxt_001,opt_sxt_001,"LPO, Suede trunk compartment liner, Natural, Genuine Corvette Accessory",,,sec_lpoi_001,True,82,,approved,True,
zr1x,zr1_zr1x_intextmec_raw,zr1_zr1x_intextmec_raw:67-67,SXT,,SXT,"LPO, Suede trunk compartment liner, Natural, Genuine Corvette Accessory",,1lz_s07=A/D; 3lz_s07=A/D; 1lz_s67=A/D; 3lz_s67=A/D,1lz_s07=available; 3lz_s07=available; 1lz_s67=available; 3lz_s67=available,opt_sxt_001,sec_lpoi_001,82,grand_sport:opt_sxt_001,opt_sxt_001,"LPO, Suede trunk compartment liner, Natural, Genuine Corvette Accessory",,,sec_lpoi_001,True,82,,approved,True,
z06,z06_standard_raw,z06_standard_raw:99-99,,T0E,T0E,"Spoiler, rear",,1lz_h07=S; 2lz_h07=S; 3lz_h07=S; 1lz_h67=S; 2lz_h67=S; 3lz_h67=S,1lz_h07=standard; 2lz_h07=standard; 3lz_h07=standard; 1lz_h67=standard; 2lz_h67=standard; 3lz_h67=standard,opt_t0e_001,,,,,,,,,,,,deferred,False,
z06,z06_intextmec_raw,z06_intextmec_raw:437-437,,T0E,T0E,"Spoiler, rear",,1lz_h07=S; 2lz_h07=S; 3lz_h07=S; 1lz_h67=S; 2lz_h67=S; 3lz_h67=S,1lz_h07=standard; 2lz_h07=standard; 3lz_h07=standard; 1lz_h67=standard; 2lz_h67=standard; 3lz_h67=standard,opt_t0e_001,sec_perf_aero_001,10,grand_sport:opt_t0e_001,opt_t0e_001,"Spoiler, rear",,,sec_perf_aero_001,False,10,default_selected,approved,True,
zr1,zr1_zr1x_standard_raw,zr1_zr1x_standard_raw:97-97,,T0E,T0E,"Spoiler, rear",,1lz_r07=S; 3lz_r07=S; 1lz_r67=S; 3lz_r67=S,1lz_r07=standard; 3lz_r07=standard; 1lz_r67=standard; 3lz_r67=standard,opt_t0e_001,,,,,,,,,,,,deferred,False,
zr1x,zr1_zr1x_standard_raw,zr1_zr1x_standard_raw:97-97,,T0E,T0E,"Spoiler, rear",,1lz_s07=S; 3lz_s07=S; 1lz_s67=S; 3lz_s67=S,1lz_s07=standard; 3lz_s07=standard; 1lz_s67=standard; 3lz_s67=standard,opt_t0e_001,,,,,,,,,,,,deferred,False,
zr1,zr1_zr1x_intextmec_raw,zr1_zr1x_intextmec_raw:343-343,,T0E,T0E,"Spoiler, rear",,1lz_r07=S; 3lz_r07=S; 1lz_r67=S; 3lz_r67=S,1lz_r07=standard; 3lz_r07=standard; 1lz_r67=standard; 3lz_r67=standard,opt_t0e_001,sec_perf_aero_001,10,grand_sport:opt_t0e_001,opt_t0e_001,"Spoiler, rear",,,sec_perf_aero_001,False,10,default_selected,approved,True,
zr1x,zr1_zr1x_intextmec_raw,zr1_zr1x_intextmec_raw:343-343,,T0E,T0E,"Spoiler, rear",,1lz_s07=S; 3lz_s07=S; 1lz_s67=S; 3lz_s67=S,1lz_s07=standard; 3lz_s07=standard; 1lz_s67=standard; 3lz_s67=standard,opt_t0e_001,sec_perf_aero_001,10,grand_sport:opt_t0e_001,opt_t0e_001,"Spoiler, rear",,,sec_perf_aero_001,False,10,default_selected,approved,True,
z06,z06_intextmec_raw,z06_intextmec_raw:236-239,T0F,,T0F,"Carbon Fiber Aero Package, Carbon Flash-painted, includes high-wing, dive planes and (CFZ) Carbon Flash-painted carbon fiber ground effects",Included with (PDD) Z07 Carbon Flash Aero and Wheel Package.,1lz_h07=A1; 2lz_h07=A1; 3lz_h07=A1; 1lz_h67=A1; 2lz_h67=A1; 3lz_h67=A1,1lz_h07=available; 2lz_h07=available; 3lz_h07=available; 1lz_h67=available; 2lz_h67=available; 3lz_h67=available,opt_t0f_001,sec_perf_aero_001,20,grand_sport:opt_t0f_001,opt_t0f_001,"Carbon Fiber Aero Package, Carbon Flash-painted, includes high-wing, dive planes and (CFZ) Carbon Flash-painted carbon fiber ground effects",,Included with (PDD) Z07 Carbon Flash Aero and Wheel Package.,sec_perf_aero_001,True,20,,approved,True,
z06,z06_intextmec_raw,z06_intextmec_raw:240-243,T0G,,T0G,"Carbon Fiber Aero Package, visible, includes high-wing, dive planes and (CFV) visible carbon fiber ground effects",Included with (PDF) Z07 Visible Carbon Aero and Wheel Package.,1lz_h07=A1; 2lz_h07=A1; 3lz_h07=A1; 1lz_h67=A1; 2lz_h67=A1; 3lz_h67=A1,1lz_h07=available; 2lz_h07=available; 3lz_h07=available; 1lz_h67=available; 2lz_h67=available; 3lz_h67=available,opt_t0g_001,sec_perf_aero_001,,,,,,,,,,,needs_section_review,False,
z06,z06_standard_raw,z06_standard_raw:87-87,,T4L,T4L,"Headlamps, LED",,1lz_h07=S; 2lz_h07=S; 3lz_h07=S; 1lz_h67=S; 2lz_h67=S; 3lz_h67=S,1lz_h07=standard; 2lz_h07=standard; 3lz_h07=standard; 1lz_h67=standard; 2lz_h67=standard; 3lz_h67=standard,opt_t4l_001,,,,,,,,,,,,deferred,False,
z06,z06_intextmec_raw,z06_intextmec_raw:301-301,,T4L,T4L,"Headlamps, LED",,1lz_h07=S; 2lz_h07=S; 3lz_h07=S; 1lz_h67=S; 2lz_h67=S; 3lz_h67=S,1lz_h07=standard; 2lz_h07=standard; 3lz_h07=standard; 1lz_h67=standard; 2lz_h67=standard; 3lz_h67=standard,opt_t4l_001,sec_stan_001,40,grand_sport:opt_t4l_001,opt_t4l_001,"Headlamps, LED",,,sec_stan_001,False,40,,approved,True,
zr1,zr1_zr1x_standard_raw,zr1_zr1x_standard_raw:83-83,,T4L,T4L,"Headlamps, LED",,1lz_r07=S; 3lz_r07=S; 1lz_r67=S; 3lz_r67=S,1lz_r07=standard; 3lz_r07=standard; 1lz_r67=standard; 3lz_r67=standard,opt_t4l_001,,,,,,,,,,,,deferred,False,
zr1x,zr1_zr1x_standard_raw,zr1_zr1x_standard_raw:83-83,,T4L,T4L,"Headlamps, LED",,1lz_s07=S; 3lz_s07=S; 1lz_s67=S; 3lz_s67=S,1lz_s07=standard; 3lz_s07=standard; 1lz_s67=standard; 3lz_s67=standard,opt_t4l_001,,,,,,,,,,,,deferred,False,
zr1,zr1_zr1x_intextmec_raw,zr1_zr1x_intextmec_raw:253-253,,T4L,T4L,"Headlamps, LED",,1lz_r07=S; 3lz_r07=S; 1lz_r67=S; 3lz_r67=S,1lz_r07=standard; 3lz_r07=standard; 1lz_r67=standard; 3lz_r67=standard,opt_t4l_001,sec_stan_001,40,grand_sport:opt_t4l_001,opt_t4l_001,"Headlamps, LED",,,sec_stan_001,False,40,,approved,True,
zr1x,zr1_zr1x_intextmec_raw,zr1_zr1x_intextmec_raw:253-253,,T4L,T4L,"Headlamps, LED",,1lz_s07=S; 3lz_s07=S; 1lz_s67=S; 3lz_s67=S,1lz_s07=standard; 3lz_s07=standard; 1lz_s67=standard; 3lz_s67=standard,opt_t4l_001,sec_stan_001,40,grand_sport:opt_t4l_001,opt_t4l_001,"Headlamps, LED",,,sec_stan_001,False,40,,approved,True,
z06,z06_standard_raw,z06_standard_raw:65-65,,TDM,TDM,"Teen Driver, a configurable feature that lets you activate customizable vehicle settings associated with a key fob, to help encourage safe driving behavior. It can limit certain available vehicle features, and it prevents certain safety systems from being turned off. An in-vehicle report card gives you information on driving habits and helps you to continue to coach your new driver",,1lz_h07=S; 2lz_h07=S; 3lz_h07=S; 1lz_h67=S; 2lz_h67=S; 3lz_h67=S,1lz_h07=standard; 2lz_h07=standard; 3lz_h07=standard; 1lz_h67=standard; 2lz_h67=standard; 3lz_h67=standard,opt_tdm_001,,,,,,,,,,,,deferred,False,
z06,z06_intextmec_raw,z06_intextmec_raw:219-219,,TDM,TDM,"Teen Driver, a configurable feature that lets you activate customizable vehicle settings associated with a key fob, to help encourage safe driving behavior. It can limit certain available vehicle features, and it prevents certain safety systems from being turned off. An in-vehicle report card gives you information on driving habits and helps you to continue to coach your new driver",,1lz_h07=S; 2lz_h07=S; 3lz_h07=S; 1lz_h67=S; 2lz_h67=S; 3lz_h67=S,1lz_h07=standard; 2lz_h07=standard; 3lz_h07=standard; 1lz_h67=standard; 2lz_h67=standard; 3lz_h67=standard,opt_tdm_001,sec_safe_001,90,grand_sport:opt_tdm_001,opt_tdm_001,"Teen Driver, a configurable feature that lets you activate customizable vehicle settings associated with a key fob, to help encourage safe driving behavior. It can limit certain available vehicle features, and it prevents certain safety systems from being turned off. An in-vehicle report card gives you information on driving habits and helps you to continue to coach your new driver",,,sec_safe_001,False,90,,approved,True,
zr1,zr1_zr1x_standard_raw,zr1_zr1x_standard_raw:65-65,,TDM,TDM,"Teen Driver, a configurable feature that lets you activate customizable vehicle settings associated with a key fob, to help encourage safe driving behavior. It can limit certain available vehicle features, and it prevents certain safety systems from being turned off. An in-vehicle report card gives you information on driving habits and helps you to continue to coach your new driver",,1lz_r07=S; 3lz_r07=S; 1lz_r67=S; 3lz_r67=S,1lz_r07=standard; 3lz_r07=standard; 1lz_r67=standard; 3lz_r67=standard,opt_tdm_001,,,,,,,,,,,,deferred,False,
zr1x,zr1_zr1x_standard_raw,zr1_zr1x_standard_raw:65-65,,TDM,TDM,"Teen Driver, a configurable feature that lets you activate customizable vehicle settings associated with a key fob, to help encourage safe driving behavior. It can limit certain available vehicle features, and it prevents certain safety systems from being turned off. An in-vehicle report card gives you information on driving habits and helps you to continue to coach your new driver",,1lz_s07=S; 3lz_s07=S; 1lz_s67=S; 3lz_s67=S,1lz_s07=standard; 3lz_s07=standard; 1lz_s67=standard; 3lz_s67=standard,opt_tdm_001,,,,,,,,,,,,deferred,False,
zr1,zr1_zr1x_intextmec_raw,zr1_zr1x_intextmec_raw:213-213,,TDM,TDM,"Teen Driver, a configurable feature that lets you activate customizable vehicle settings associated with a key fob, to help encourage safe driving behavior. It can limit certain available vehicle features, and it prevents certain safety systems from being turned off. An in-vehicle report card gives you information on driving habits and helps you to continue to coach your new driver",,1lz_r07=S; 3lz_r07=S; 1lz_r67=S; 3lz_r67=S,1lz_r07=standard; 3lz_r07=standard; 1lz_r67=standard; 3lz_r67=standard,opt_tdm_001,sec_safe_001,90,grand_sport:opt_tdm_001,opt_tdm_001,"Teen Driver, a configurable feature that lets you activate customizable vehicle settings associated with a key fob, to help encourage safe driving behavior. It can limit certain available vehicle features, and it prevents certain safety systems from being turned off. An in-vehicle report card gives you information on driving habits and helps you to continue to coach your new driver",,,sec_safe_001,False,90,,approved,True,
zr1x,zr1_zr1x_intextmec_raw,zr1_zr1x_intextmec_raw:213-213,,TDM,TDM,"Teen Driver, a configurable feature that lets you activate customizable vehicle settings associated with a key fob, to help encourage safe driving behavior. It can limit certain available vehicle features, and it prevents certain safety systems from being turned off. An in-vehicle report card gives you information on driving habits and helps you to continue to coach your new driver",,1lz_s07=S; 3lz_s07=S; 1lz_s67=S; 3lz_s67=S,1lz_s07=standard; 3lz_s07=standard; 1lz_s67=standard; 3lz_s67=standard,opt_tdm_001,sec_safe_001,90,grand_sport:opt_tdm_001,opt_tdm_001,"Teen Driver, a configurable feature that lets you activate customizable vehicle settings associated with a key fob, to help encourage safe driving behavior. It can limit certain available vehicle features, and it prevents certain safety systems from being turned off. An in-vehicle report card gives you information on driving habits and helps you to continue to coach your new driver",,,sec_safe_001,False,90,,approved,True,
zr1,zr1_zr1x_intextmec_raw,zr1_zr1x_intextmec_raw:227-227,TOM,,TOM,"ZR1 Carbon Fiber Aero Package, visible carbon fiber, includes carbon fiber high-wing spoiler, dive planes, and tall hood spoiler",,1lz_r07=A; 3lz_r07=A; 1lz_r67=A; 3lz_r67=A,1lz_r07=available; 3lz_r07=available; 1lz_r67=available; 3lz_r67=available,opt_tom_001,sec_perf_aero_001,,,,,,,,,,,needs_section_review,False,
zr1x,zr1_zr1x_intextmec_raw,zr1_zr1x_intextmec_raw:228-228,TOM,,TOM,"ZR1X Carbon Fiber Aero Package, visible carbon fiber, includes carbon fiber high-wing spoiler, dive planes, and tall hood spoiler",,1lz_s07=A; 3lz_s07=A; 1lz_s67=A; 3lz_s67=A,1lz_s07=available; 3lz_s07=available; 1lz_s67=available; 3lz_s67=available,opt_tom_002,sec_perf_aero_001,,,,,,,,,,,needs_section_review,False,
z06,z06_standard_raw,z06_standard_raw:88-88,,TQ5,TQ5,"IntelliBeam, auto high beam",,1lz_h07=S; 2lz_h07=S; 3lz_h07=S; 1lz_h67=S; 2lz_h67=S; 3lz_h67=S,1lz_h07=standard; 2lz_h07=standard; 3lz_h07=standard; 1lz_h67=standard; 2lz_h67=standard; 3lz_h67=standard,opt_tq5_001,,,,,,,,,,,,deferred,False,
z06,z06_intextmec_raw,z06_intextmec_raw:302-302,,TQ5,TQ5,"IntelliBeam, auto high beam",,1lz_h07=S; 2lz_h07=S; 3lz_h07=S; 1lz_h67=S; 2lz_h67=S; 3lz_h67=S,1lz_h07=standard; 2lz_h07=standard; 3lz_h07=standard; 1lz_h67=standard; 2lz_h67=standard; 3lz_h67=standard,opt_tq5_001,sec_safe_001,50,grand_sport:opt_tq5_001,opt_tq5_001,"IntelliBeam, auto high beam",,,sec_safe_001,False,50,,approved,True,
zr1,zr1_zr1x_standard_raw,zr1_zr1x_standard_raw:84-84,,TQ5,TQ5,"IntelliBeam, auto high beam",,1lz_r07=S; 3lz_r07=S; 1lz_r67=S; 3lz_r67=S,1lz_r07=standard; 3lz_r07=standard; 1lz_r67=standard; 3lz_r67=standard,opt_tq5_001,,,,,,,,,,,,deferred,False,
zr1x,zr1_zr1x_standard_raw,zr1_zr1x_standard_raw:84-84,,TQ5,TQ5,"IntelliBeam, auto high beam",,1lz_s07=S; 3lz_s07=S; 1lz_s67=S; 3lz_s67=S,1lz_s07=standard; 3lz_s07=standard; 1lz_s67=standard; 3lz_s67=standard,opt_tq5_001,,,,,,,,,,,,deferred,False,
zr1,zr1_zr1x_intextmec_raw,zr1_zr1x_intextmec_raw:254-254,,TQ5,TQ5,"IntelliBeam, auto high beam",,1lz_r07=S; 3lz_r07=S; 1lz_r67=S; 3lz_r67=S,1lz_r07=standard; 3lz_r07=standard; 1lz_r67=standard; 3lz_r67=standard,opt_tq5_001,sec_safe_001,50,grand_sport:opt_tq5_001,opt_tq5_001,"IntelliBeam, auto high beam",,,sec_safe_001,False,50,,approved,True,
zr1x,zr1_zr1x_intextmec_raw,zr1_zr1x_intextmec_raw:254-254,,TQ5,TQ5,"IntelliBeam, auto high beam",,1lz_s07=S; 3lz_s07=S; 1lz_s67=S; 3lz_s67=S,1lz_s07=standard; 3lz_s07=standard; 1lz_s67=standard; 3lz_s67=standard,opt_tq5_001,sec_safe_001,50,grand_sport:opt_tq5_001,opt_tq5_001,"IntelliBeam, auto high beam",,,sec_safe_001,False,50,,approved,True,
z06,z06_intextmec_raw,z06_intextmec_raw:297-300,,TR7,TR7,"Headlamp control, automatic leveling system",Included and only available with (E60) front lift adjustable height.,1lz_h07=--; 2lz_h07=A1; 3lz_h07=A1; 1lz_h67=--; 2lz_h67=A1; 3lz_h67=A1,1lz_h07=unavailable; 2lz_h07=available; 3lz_h07=available; 1lz_h67=unavailable; 2lz_h67=available; 3lz_h67=available,opt_tr7_001,sec_incl_001,20,grand_sport:opt_tr7_001,opt_tr7_001,"Headlamp control, automatic leveling system",,Included and only available with (E60) front lift adjustable height.,sec_incl_001,True,20,,approved,True,
zr1,zr1_zr1x_intextmec_raw,zr1_zr1x_intextmec_raw:249-252,,TR7,TR7,"Headlamp control, automatic leveling system",Included and only available with (E60) front lift adjustable height.,1lz_r07=--; 3lz_r07=A1; 1lz_r67=--; 3lz_r67=A1,1lz_r07=unavailable; 3lz_r07=available; 1lz_r67=unavailable; 3lz_r67=available,opt_tr7_001,sec_incl_001,20,grand_sport:opt_tr7_001,opt_tr7_001,"Headlamp control, automatic leveling system",,Included and only available with (E60) front lift adjustable height.,sec_incl_001,True,20,,approved,True,
zr1x,zr1_zr1x_intextmec_raw,zr1_zr1x_intextmec_raw:249-252,,TR7,TR7,"Headlamp control, automatic leveling system",Included and only available with (E60) front lift adjustable height.,1lz_s07=--; 3lz_s07=A1; 1lz_s67=--; 3lz_s67=A1,1lz_s07=unavailable; 3lz_s07=available; 1lz_s67=unavailable; 3lz_s67=available,opt_tr7_001,sec_incl_001,20,grand_sport:opt_tr7_001,opt_tr7_001,"Headlamp control, automatic leveling system",,Included and only available with (E60) front lift adjustable height.,sec_incl_001,True,20,,approved,True,
z06,z06_intextmec_raw,z06_intextmec_raw:167-171,TU7,,TU7,"Seats, two-tone","Requires (AH2) GT2 seats. Available with (HUK/HU6) Sky Cool Gray, (HUL/HU7) Adrenaline Red, (HTN/HTQ) Natural interiors.
Requires (AH2) GT2 seats. Available with (HU1/HU9) Sky Cool Gray, (HU2/HUA) Adrenaline Red, (HUE/HTG) Natural, (HMO/HVV) Jet Black/Sky Cool Gray, (HU0/HXO) Jet Black/Adrenaline Red interiors.",1lz_h07=--; 2lz_h07=A1; 3lz_h07=A2; 1lz_h67=--; 2lz_h67=A1; 3lz_h67=A2,1lz_h07=unavailable; 2lz_h07=available; 3lz_h07=available; 1lz_h67=unavailable; 2lz_h67=available; 3lz_h67=available,opt_tu7_001,sec_inte_001,,,,,,,,,,,needs_section_review,False,
zr1,zr1_zr1x_intextmec_raw,zr1_zr1x_intextmec_raw:166-169,TU7,,TU7,"Seats, two-tone","Requires (AH2) GT2 seats. Available with (HU1/HU9) Sky Cool Gray, (HU2/HUA) Adrenaline Red, (HUE/HTG) Natural, (HMO/HVV) Jet Black/Sky Cool Gray, (HU0/HXO) Jet Black/Adrenaline Red interiors.",1lz_r07=--; 3lz_r07=A1; 1lz_r67=--; 3lz_r67=A1,1lz_r07=unavailable; 3lz_r07=available; 1lz_r67=unavailable; 3lz_r67=available,opt_tu7_001,sec_inte_001,,,,,,,,,,,needs_section_review,False,
zr1x,zr1_zr1x_intextmec_raw,zr1_zr1x_intextmec_raw:166-169,TU7,,TU7,"Seats, two-tone","Requires (AH2) GT2 seats. Available with (HU1/HU9) Sky Cool Gray, (HU2/HUA) Adrenaline Red, (HUE/HTG) Natural, (HMO/HVV) Jet Black/Sky Cool Gray, (HU0/HXO) Jet Black/Adrenaline Red interiors.",1lz_s07=--; 3lz_s07=A1; 1lz_s67=--; 3lz_s67=A1,1lz_s07=unavailable; 3lz_s07=available; 1lz_s67=unavailable; 3lz_s67=available,opt_tu7_001,sec_inte_001,,,,,,,,,,,needs_section_review,False,
z06,z06_standard_raw,z06_standard_raw:18-21,,U2K,U2K,SiriusXM with 360L Trial Subscription. SiriusXM with 360L transforms your customers' ride with our most extensive and personalized radio experience on the road.,"IMPORTANT: The SiriusXM trial subscription is not provided on vehicles that are ordered for Fleet Daily Rental (""FDR"") use. Trial subscription is subject to the SiriusXM Customer Agreement and privacy policy, visit siriusxm.com which includes full terms and how to cancel. All fees, content, features, and availability are subject to change.",1lz_h07=S1; 2lz_h07=S1; 3lz_h07=S1; 1lz_h67=S1; 2lz_h67=S1; 3lz_h67=S1,1lz_h07=standard; 2lz_h07=standard; 3lz_h07=standard; 1lz_h67=standard; 2lz_h67=standard; 3lz_h67=standard,opt_u2k_001,,,,,,,,,,,,deferred,False,
zr1,zr1_zr1x_standard_raw,zr1_zr1x_standard_raw:18-21,,U2K,U2K,SiriusXM with 360L Trial Subscription. SiriusXM with 360L transforms your customers' ride with our most extensive and personalized radio experience on the road.,"IMPORTANT: The SiriusXM trial subscription is not provided on vehicles that are ordered for Fleet Daily Rental (""FDR"") use. Trial subscription is subject to the SiriusXM Customer Agreement and privacy policy, visit siriusxm.com which includes full terms and how to cancel. All fees, content, features, and availability are subject to change.",1lz_r07=S1; 3lz_r07=S1; 1lz_r67=S1; 3lz_r67=S1,1lz_r07=standard; 3lz_r07=standard; 1lz_r67=standard; 3lz_r67=standard,opt_u2k_001,,,,,,,,,,,,deferred,False,
zr1x,zr1_zr1x_standard_raw,zr1_zr1x_standard_raw:18-21,,U2K,U2K,SiriusXM with 360L Trial Subscription. SiriusXM with 360L transforms your customers' ride with our most extensive and personalized radio experience on the road.,"IMPORTANT: The SiriusXM trial subscription is not provided on vehicles that are ordered for Fleet Daily Rental (""FDR"") use. Trial subscription is subject to the SiriusXM Customer Agreement and privacy policy, visit siriusxm.com which includes full terms and how to cancel. All fees, content, features, and availability are subject to change.",1lz_s07=S1; 3lz_s07=S1; 1lz_s67=S1; 3lz_s67=S1,1lz_s07=standard; 3lz_s07=standard; 1lz_s67=standard; 3lz_s67=standard,opt_u2k_001,,,,,,,,,,,,deferred,False,
z06,z06_intextmec_raw,z06_intextmec_raw:19-22,,U2K,U2K,SiriusXM with 360L Trial Subscription. SiriusXM with 360L transforms your customers' ride with our most extensive and personalized radio experience on the road.,"IMPORTANT: The SiriusXM trial subscription is not provided on vehicles that are ordered for Fleet Daily Rental (""FDR"") use. Trial subscription is subject to the SiriusXM Customer Agreement and privacy policy, visit siriusxm.com which includes full terms and how to cancel. All fees, content, features, and availability are subject to change.",1lz_h07=S1; 2lz_h07=S1; 3lz_h07=S1; 1lz_h67=S1; 2lz_h67=S1; 3lz_h67=S1,1lz_h07=standard; 2lz_h07=standard; 3lz_h07=standard; 1lz_h67=standard; 2lz_h67=standard; 3lz_h67=standard,opt_u2k_002,sec_tech_001,,,,,,,,,,,needs_section_review,False,
zr1,zr1_zr1x_intextmec_raw,zr1_zr1x_intextmec_raw:19-22,,U2K,U2K,SiriusXM with 360L Trial Subscription. SiriusXM with 360L transforms your customers' ride with our most extensive and personalized radio experience on the road.,"IMPORTANT: The SiriusXM trial subscription is not provided on vehicles that are ordered for Fleet Daily Rental (""FDR"") use. Trial subscription is subject to the SiriusXM Customer Agreement and privacy policy, visit siriusxm.com which includes full terms and how to cancel. All fees, content, features, and availability are subject to change.",1lz_r07=S1; 3lz_r07=S1; 1lz_r67=S1; 3lz_r67=S1,1lz_r07=standard; 3lz_r07=standard; 1lz_r67=standard; 3lz_r67=standard,opt_u2k_002,sec_tech_001,,,,,,,,,,,needs_section_review,False,
zr1x,zr1_zr1x_intextmec_raw,zr1_zr1x_intextmec_raw:19-22,,U2K,U2K,SiriusXM with 360L Trial Subscription. SiriusXM with 360L transforms your customers' ride with our most extensive and personalized radio experience on the road.,"IMPORTANT: The SiriusXM trial subscription is not provided on vehicles that are ordered for Fleet Daily Rental (""FDR"") use. Trial subscription is subject to the SiriusXM Customer Agreement and privacy policy, visit siriusxm.com which includes full terms and how to cancel. All fees, content, features, and availability are subject to change.",1lz_s07=S1; 3lz_s07=S1; 1lz_s67=S1; 3lz_s67=S1,1lz_s07=standard; 3lz_s07=standard; 1lz_s67=standard; 3lz_s67=standard,opt_u2k_002,sec_tech_001,,,,,,,,,,,needs_section_review,False,
z06,z06_standard_raw,z06_standard_raw:43-46,,U5G,U5G,5G vehicle connectivity,Terms and limitations apply. See onstar.com or dealer for details.,1lz_h07=S1; 2lz_h07=S1; 3lz_h07=S1; 1lz_h67=S1; 2lz_h67=S1; 3lz_h67=S1,1lz_h07=standard; 2lz_h07=standard; 3lz_h07=standard; 1lz_h67=standard; 2lz_h67=standard; 3lz_h67=standard,opt_u5g_001,,,,,,,,,,,,deferred,False,
zr1,zr1_zr1x_standard_raw,zr1_zr1x_standard_raw:43-46,,U5G,U5G,5G vehicle connectivity,Terms and limitations apply. See onstar.com or dealer for details.,1lz_r07=S1; 3lz_r07=S1; 1lz_r67=S1; 3lz_r67=S1,1lz_r07=standard; 3lz_r07=standard; 1lz_r67=standard; 3lz_r67=standard,opt_u5g_001,,,,,,,,,,,,deferred,False,
zr1x,zr1_zr1x_standard_raw,zr1_zr1x_standard_raw:43-46,,U5G,U5G,5G vehicle connectivity,Terms and limitations apply. See onstar.com or dealer for details.,1lz_s07=S1; 3lz_s07=S1; 1lz_s67=S1; 3lz_s67=S1,1lz_s07=standard; 3lz_s07=standard; 1lz_s67=standard; 3lz_s67=standard,opt_u5g_001,,,,,,,,,,,,deferred,False,
z06,z06_intextmec_raw,z06_intextmec_raw:103-106,,U5G,U5G,5G vehicle connectivity,Terms and limitations apply. See onstar.com or dealer for details.,1lz_h07=S1; 2lz_h07=S1; 3lz_h07=S1; 1lz_h67=S1; 2lz_h67=S1; 3lz_h67=S1,1lz_h07=standard; 2lz_h07=standard; 3lz_h07=standard; 1lz_h67=standard; 2lz_h67=standard; 3lz_h67=standard,opt_u5g_002,sec_tech_001,,,,,,,,,,,needs_section_review,False,
zr1,zr1_zr1x_intextmec_raw,zr1_zr1x_intextmec_raw:103-106,,U5G,U5G,5G vehicle connectivity,Terms and limitations apply. See onstar.com or dealer for details.,1lz_r07=S1; 3lz_r07=S1; 1lz_r67=S1; 3lz_r67=S1,1lz_r07=standard; 3lz_r07=standard; 1lz_r67=standard; 3lz_r67=standard,opt_u5g_002,sec_tech_001,,,,,,,,,,,needs_section_review,False,
zr1x,zr1_zr1x_intextmec_raw,zr1_zr1x_intextmec_raw:103-106,,U5G,U5G,5G vehicle connectivity,Terms and limitations apply. See onstar.com or dealer for details.,1lz_s07=S1; 3lz_s07=S1; 1lz_s67=S1; 3lz_s67=S1,1lz_s07=standard; 3lz_s07=standard; 1lz_s67=standard; 3lz_s67=standard,opt_u5g_002,sec_tech_001,,,,,,,,,,,needs_section_review,False,
z06,z06_standard_raw,z06_standard_raw:22-22,,U80,U80,"Compass, digital",,1lz_h07=S; 2lz_h07=S; 3lz_h07=S; 1lz_h67=S; 2lz_h67=S; 3lz_h67=S,1lz_h07=standard; 2lz_h07=standard; 3lz_h07=standard; 1lz_h67=standard; 2lz_h67=standard; 3lz_h67=standard,opt_u80_001,,,,,,,,,,,,deferred,False,
z06,z06_intextmec_raw,z06_intextmec_raw:36-36,,U80,U80,"Compass, digital",,1lz_h07=S; 2lz_h07=S; 3lz_h07=S; 1lz_h67=S; 2lz_h67=S; 3lz_h67=S,1lz_h07=standard; 2lz_h07=standard; 3lz_h07=standard; 1lz_h67=standard; 2lz_h67=standard; 3lz_h67=standard,opt_u80_001,sec_stan_001,20,grand_sport:opt_u80_001,opt_u80_001,"Compass, digital",,,sec_stan_001,False,20,,approved,True,
zr1,zr1_zr1x_standard_raw,zr1_zr1x_standard_raw:22-22,,U80,U80,"Compass, digital",,1lz_r07=S; 3lz_r07=S; 1lz_r67=S; 3lz_r67=S,1lz_r07=standard; 3lz_r07=standard; 1lz_r67=standard; 3lz_r67=standard,opt_u80_001,,,,,,,,,,,,deferred,False,
zr1x,zr1_zr1x_standard_raw,zr1_zr1x_standard_raw:22-22,,U80,U80,"Compass, digital",,1lz_s07=S; 3lz_s07=S; 1lz_s67=S; 3lz_s67=S,1lz_s07=standard; 3lz_s07=standard; 1lz_s67=standard; 3lz_s67=standard,opt_u80_001,,,,,,,,,,,,deferred,False,
zr1,zr1_zr1x_intextmec_raw,zr1_zr1x_intextmec_raw:36-36,,U80,U80,"Compass, digital",,1lz_r07=S; 3lz_r07=S; 1lz_r67=S; 3lz_r67=S,1lz_r07=standard; 3lz_r07=standard; 1lz_r67=standard; 3lz_r67=standard,opt_u80_001,sec_stan_001,20,grand_sport:opt_u80_001,opt_u80_001,"Compass, digital",,,sec_stan_001,False,20,,approved,True,
zr1x,zr1_zr1x_intextmec_raw,zr1_zr1x_intextmec_raw:36-36,,U80,U80,"Compass, digital",,1lz_s07=S; 3lz_s07=S; 1lz_s67=S; 3lz_s67=S,1lz_s07=standard; 3lz_s07=standard; 1lz_s67=standard; 3lz_s67=standard,opt_u80_001,sec_stan_001,20,grand_sport:opt_u80_001,opt_u80_001,"Compass, digital",,,sec_stan_001,False,20,,approved,True,
z06,z06_standard_raw,z06_standard_raw:94-94,,UD7,UD7,Rear Park Assist,,1lz_h07=S; 2lz_h07=S; 3lz_h07=S; 1lz_h67=S; 2lz_h67=S; 3lz_h67=S,1lz_h07=standard; 2lz_h07=standard; 3lz_h07=standard; 1lz_h67=standard; 2lz_h67=standard; 3lz_h67=standard,opt_ud7_001,,,,,,,,,,,,deferred,False,
z06,z06_intextmec_raw,z06_intextmec_raw:435-435,,UD7,UD7,Rear Park Assist,,1lz_h07=S; 2lz_h07=S; 3lz_h07=S; 1lz_h67=S; 2lz_h67=S; 3lz_h67=S,1lz_h07=standard; 2lz_h07=standard; 3lz_h07=standard; 1lz_h67=standard; 2lz_h67=standard; 3lz_h67=standard,opt_ud7_001,sec_safe_001,80,grand_sport:opt_ud7_001,opt_ud7_001,Rear Park Assist,,,sec_safe_001,False,80,,approved,True,
zr1,zr1_zr1x_standard_raw,zr1_zr1x_standard_raw:93-93,,UD7,UD7,Rear Park Assist,,1lz_r07=S; 3lz_r07=S; 1lz_r67=S; 3lz_r67=S,1lz_r07=standard; 3lz_r07=standard; 1lz_r67=standard; 3lz_r67=standard,opt_ud7_001,,,,,,,,,,,,deferred,False,
zr1x,zr1_zr1x_standard_raw,zr1_zr1x_standard_raw:93-93,,UD7,UD7,Rear Park Assist,,1lz_s07=S; 3lz_s07=S; 1lz_s67=S; 3lz_s67=S,1lz_s07=standard; 3lz_s07=standard; 1lz_s67=standard; 3lz_s67=standard,opt_ud7_001,,,,,,,,,,,,deferred,False,
zr1,zr1_zr1x_intextmec_raw,zr1_zr1x_intextmec_raw:341-341,,UD7,UD7,Rear Park Assist,,1lz_r07=S; 3lz_r07=S; 1lz_r67=S; 3lz_r67=S,1lz_r07=standard; 3lz_r07=standard; 1lz_r67=standard; 3lz_r67=standard,opt_ud7_001,sec_safe_001,80,grand_sport:opt_ud7_001,opt_ud7_001,Rear Park Assist,,,sec_safe_001,False,80,,approved,True,
zr1x,zr1_zr1x_intextmec_raw,zr1_zr1x_intextmec_raw:341-341,,UD7,UD7,Rear Park Assist,,1lz_s07=S; 3lz_s07=S; 1lz_s67=S; 3lz_s67=S,1lz_s07=standard; 3lz_s07=standard; 1lz_s67=standard; 3lz_s67=standard,opt_ud7_001,sec_safe_001,80,grand_sport:opt_ud7_001,opt_ud7_001,Rear Park Assist,,,sec_safe_001,False,80,,approved,True,
z06,z06_standard_raw,z06_standard_raw:35-38,,UE1,UE1,OnStar services capable,See onstar.com for details and limitations. Services vary by model. Service plan required.,1lz_h07=S1; 2lz_h07=S1; 3lz_h07=S1; 1lz_h67=S1; 2lz_h67=S1; 3lz_h67=S1,1lz_h07=standard; 2lz_h07=standard; 3lz_h07=standard; 1lz_h67=standard; 2lz_h67=standard; 3lz_h67=standard,opt_ue1_001,,,,,,,,,,,,deferred,False,
zr1,zr1_zr1x_standard_raw,zr1_zr1x_standard_raw:35-38,,UE1,UE1,OnStar services capable,See onstar.com for details and limitations. Services vary by model. Service plan required.,1lz_r07=S1; 3lz_r07=S1; 1lz_r67=S1; 3lz_r67=S1,1lz_r07=standard; 3lz_r07=standard; 1lz_r67=standard; 3lz_r67=standard,opt_ue1_001,,,,,,,,,,,,deferred,False,
zr1x,zr1_zr1x_standard_raw,zr1_zr1x_standard_raw:35-38,,UE1,UE1,OnStar services capable,See onstar.com for details and limitations. Services vary by model. Service plan required.,1lz_s07=S1; 3lz_s07=S1; 1lz_s67=S1; 3lz_s67=S1,1lz_s07=standard; 3lz_s07=standard; 1lz_s67=standard; 3lz_s67=standard,opt_ue1_001,,,,,,,,,,,,deferred,False,
z06,z06_intextmec_raw,z06_intextmec_raw:95-98,,UE1,UE1,OnStar services capable,See onstar.com for details and limitations. Services vary by model. Service plan required.,1lz_h07=S1; 2lz_h07=S1; 3lz_h07=S1; 1lz_h67=S1; 2lz_h67=S1; 3lz_h67=S1,1lz_h07=standard; 2lz_h07=standard; 3lz_h07=standard; 1lz_h67=standard; 2lz_h67=standard; 3lz_h67=standard,opt_ue1_002,sec_tech_001,,,,,,,,,,,needs_section_review,False,
zr1,zr1_zr1x_intextmec_raw,zr1_zr1x_intextmec_raw:95-98,,UE1,UE1,OnStar services capable,See onstar.com for details and limitations. Services vary by model. Service plan required.,1lz_r07=S1; 3lz_r07=S1; 1lz_r67=S1; 3lz_r67=S1,1lz_r07=standard; 3lz_r07=standard; 1lz_r67=standard; 3lz_r67=standard,opt_ue1_002,sec_tech_001,,,,,,,,,,,needs_section_review,False,
zr1x,zr1_zr1x_intextmec_raw,zr1_zr1x_intextmec_raw:95-98,,UE1,UE1,OnStar services capable,See onstar.com for details and limitations. Services vary by model. Service plan required.,1lz_s07=S1; 3lz_s07=S1; 1lz_s67=S1; 3lz_s67=S1,1lz_s07=standard; 3lz_s07=standard; 1lz_s67=standard; 3lz_s67=standard,opt_ue1_002,sec_tech_001,,,,,,,,,,,needs_section_review,False,
z06,z06_standard_raw,z06_standard_raw:28-28,,UEU,UEU,Forward Collision Alert,,1lz_h07=S; 2lz_h07=S; 3lz_h07=S; 1lz_h67=S; 2lz_h67=S; 3lz_h67=S,1lz_h07=standard; 2lz_h07=standard; 3lz_h07=standard; 1lz_h67=standard; 2lz_h67=standard; 3lz_h67=standard,opt_ueu_001,,,,,,,,,,,,deferred,False,
z06,z06_intextmec_raw,z06_intextmec_raw:42-42,,UEU,UEU,Forward Collision Alert,,1lz_h07=S; 2lz_h07=S; 3lz_h07=S; 1lz_h67=S; 2lz_h67=S; 3lz_h67=S,1lz_h07=standard; 2lz_h07=standard; 3lz_h07=standard; 1lz_h67=standard; 2lz_h67=standard; 3lz_h67=standard,opt_ueu_001,sec_safe_001,30,grand_sport:opt_ueu_001,opt_ueu_001,Forward Collision Alert,,,sec_safe_001,False,30,,approved,True,
zr1,zr1_zr1x_standard_raw,zr1_zr1x_standard_raw:28-28,,UEU,UEU,Forward Collision Alert,,1lz_r07=S; 3lz_r07=S; 1lz_r67=S; 3lz_r67=S,1lz_r07=standard; 3lz_r07=standard; 1lz_r67=standard; 3lz_r67=standard,opt_ueu_001,,,,,,,,,,,,deferred,False,
zr1x,zr1_zr1x_standard_raw,zr1_zr1x_standard_raw:28-28,,UEU,UEU,Forward Collision Alert,,1lz_s07=S; 3lz_s07=S; 1lz_s67=S; 3lz_s67=S,1lz_s07=standard; 3lz_s07=standard; 1lz_s67=standard; 3lz_s67=standard,opt_ueu_001,,,,,,,,,,,,deferred,False,
zr1,zr1_zr1x_intextmec_raw,zr1_zr1x_intextmec_raw:42-42,,UEU,UEU,Forward Collision Alert,,1lz_r07=S; 3lz_r07=S; 1lz_r67=S; 3lz_r67=S,1lz_r07=standard; 3lz_r07=standard; 1lz_r67=standard; 3lz_r67=standard,opt_ueu_001,sec_safe_001,30,grand_sport:opt_ueu_001,opt_ueu_001,Forward Collision Alert,,,sec_safe_001,False,30,,approved,True,
zr1x,zr1_zr1x_intextmec_raw,zr1_zr1x_intextmec_raw:42-42,,UEU,UEU,Forward Collision Alert,,1lz_s07=S; 3lz_s07=S; 1lz_s67=S; 3lz_s67=S,1lz_s07=standard; 3lz_s07=standard; 1lz_s67=standard; 3lz_s67=standard,opt_ueu_001,sec_safe_001,30,grand_sport:opt_ueu_001,opt_ueu_001,Forward Collision Alert,,,sec_safe_001,False,30,,approved,True,
z06,z06_intextmec_raw,z06_intextmec_raw:434-434,,UFG,UFG,Rear Cross Traffic Alert,,1lz_h07=--; 2lz_h07=■; 3lz_h07=■; 1lz_h67=--; 2lz_h67=■; 3lz_h67=■,1lz_h07=unavailable; 2lz_h07=standard; 3lz_h07=standard; 1lz_h67=unavailable; 2lz_h67=standard; 3lz_h67=standard,opt_ufg_001,sec_2lte_001,50,grand_sport:opt_ufg_001,opt_ufg_001,Rear Cross Traffic Alert,,,sec_2lte_001,False,50,,approved,True,
zr1,zr1_zr1x_intextmec_raw,zr1_zr1x_intextmec_raw:340-340,,UFG,UFG,Rear Cross Traffic Alert,,1lz_r07=--; 3lz_r07=■; 1lz_r67=--; 3lz_r67=■,1lz_r07=unavailable; 3lz_r07=standard; 1lz_r67=unavailable; 3lz_r67=standard,opt_ufg_001,sec_2lte_001,50,grand_sport:opt_ufg_001,opt_ufg_001,Rear Cross Traffic Alert,,,sec_2lte_001,False,50,,approved,True,
zr1x,zr1_zr1x_intextmec_raw,zr1_zr1x_intextmec_raw:340-340,,UFG,UFG,Rear Cross Traffic Alert,,1lz_s07=--; 3lz_s07=■; 1lz_s67=--; 3lz_s67=■,1lz_s07=unavailable; 3lz_s07=standard; 1lz_s67=unavailable; 3lz_s67=standard,opt_ufg_001,sec_2lte_001,50,grand_sport:opt_ufg_001,opt_ufg_001,Rear Cross Traffic Alert,,,sec_2lte_001,False,50,,approved,True,
z06,z06_intextmec_raw,z06_intextmec_raw:436-436,,UFT,UFT,Side Blind Zone Alert,,1lz_h07=--; 2lz_h07=■; 3lz_h07=■; 1lz_h67=--; 2lz_h67=■; 3lz_h67=■,1lz_h07=unavailable; 2lz_h07=standard; 3lz_h07=standard; 1lz_h67=unavailable; 2lz_h67=standard; 3lz_h67=standard,opt_uft_001,sec_2lte_001,180,grand_sport:opt_uft_001,opt_uft_001,Side Blind Zone Alert,,,sec_2lte_001,False,180,,approved,True,
zr1,zr1_zr1x_intextmec_raw,zr1_zr1x_intextmec_raw:342-342,,UFT,UFT,Side Blind Zone Alert,,1lz_r07=--; 3lz_r07=■; 1lz_r67=--; 3lz_r67=■,1lz_r07=unavailable; 3lz_r07=standard; 1lz_r67=unavailable; 3lz_r67=standard,opt_uft_001,sec_2lte_001,180,grand_sport:opt_uft_001,opt_uft_001,Side Blind Zone Alert,,,sec_2lte_001,False,180,,approved,True,
zr1x,zr1_zr1x_intextmec_raw,zr1_zr1x_intextmec_raw:342-342,,UFT,UFT,Side Blind Zone Alert,,1lz_s07=--; 3lz_s07=■; 1lz_s67=--; 3lz_s67=■,1lz_s07=unavailable; 3lz_s07=standard; 1lz_s67=unavailable; 3lz_s67=standard,opt_uft_001,sec_2lte_001,180,grand_sport:opt_uft_001,opt_uft_001,Side Blind Zone Alert,,,sec_2lte_001,False,180,,approved,True,
z06,z06_intextmec_raw,z06_intextmec_raw:225-225,,UG1,UG1,"Universal Home Remote, includes garage door opener, 3-channel programmable, located on driver visor",,1lz_h07=--; 2lz_h07=■; 3lz_h07=■; 1lz_h67=--; 2lz_h67=■; 3lz_h67=■,1lz_h07=unavailable; 2lz_h07=standard; 3lz_h07=standard; 1lz_h67=unavailable; 2lz_h67=standard; 3lz_h67=standard,opt_ug1_001,sec_2lte_001,70,grand_sport:opt_ug1_001,opt_ug1_001,"Universal Home Remote, includes garage door opener, 3-channel programmable, located on driver visor",,,sec_2lte_001,False,70,,approved,True,
zr1,zr1_zr1x_intextmec_raw,zr1_zr1x_intextmec_raw:219-219,,UG1,UG1,"Universal Home Remote, includes garage door opener, 3-channel programmable, located on driver visor",,1lz_r07=--; 3lz_r07=■; 1lz_r67=--; 3lz_r67=■,1lz_r07=unavailable; 3lz_r07=standard; 1lz_r67=unavailable; 3lz_r67=standard,opt_ug1_001,sec_2lte_001,70,grand_sport:opt_ug1_001,opt_ug1_001,"Universal Home Remote, includes garage door opener, 3-channel programmable, located on driver visor",,,sec_2lte_001,False,70,,approved,True,
zr1x,zr1_zr1x_intextmec_raw,zr1_zr1x_intextmec_raw:219-219,,UG1,UG1,"Universal Home Remote, includes garage door opener, 3-channel programmable, located on driver visor",,1lz_s07=--; 3lz_s07=■; 1lz_s67=--; 3lz_s67=■,1lz_s07=unavailable; 3lz_s07=standard; 1lz_s67=unavailable; 3lz_s67=standard,opt_ug1_001,sec_2lte_001,70,grand_sport:opt_ug1_001,opt_ug1_001,"Universal Home Remote, includes garage door opener, 3-channel programmable, located on driver visor",,,sec_2lte_001,False,70,,approved,True,
z06,z06_standard_raw,z06_standard_raw:32-32,,UHX,UHX,Lane Keep Assist with Lane Departure Warning,,1lz_h07=S; 2lz_h07=S; 3lz_h07=S; 1lz_h67=S; 2lz_h67=S; 3lz_h67=S,1lz_h07=standard; 2lz_h07=standard; 3lz_h07=standard; 1lz_h67=standard; 2lz_h67=standard; 3lz_h67=standard,opt_uhx_001,,,,,,,,,,,,deferred,False,
z06,z06_intextmec_raw,z06_intextmec_raw:46-46,,UHX,UHX,Lane Keep Assist with Lane Departure Warning,,1lz_h07=S; 2lz_h07=S; 3lz_h07=S; 1lz_h67=S; 2lz_h67=S; 3lz_h67=S,1lz_h07=standard; 2lz_h07=standard; 3lz_h07=standard; 1lz_h67=standard; 2lz_h67=standard; 3lz_h67=standard,opt_uhx_001,sec_safe_001,60,grand_sport:opt_uhx_001,opt_uhx_001,Lane Keep Assist with Lane Departure Warning,,,sec_safe_001,False,60,,approved,True,
zr1,zr1_zr1x_standard_raw,zr1_zr1x_standard_raw:32-32,,UHX,UHX,Lane Keep Assist with Lane Departure Warning,,1lz_r07=S; 3lz_r07=S; 1lz_r67=S; 3lz_r67=S,1lz_r07=standard; 3lz_r07=standard; 1lz_r67=standard; 3lz_r67=standard,opt_uhx_001,,,,,,,,,,,,deferred,False,
zr1x,zr1_zr1x_standard_raw,zr1_zr1x_standard_raw:32-32,,UHX,UHX,Lane Keep Assist with Lane Departure Warning,,1lz_s07=S; 3lz_s07=S; 1lz_s67=S; 3lz_s67=S,1lz_s07=standard; 3lz_s07=standard; 1lz_s67=standard; 3lz_s67=standard,opt_uhx_001,,,,,,,,,,,,deferred,False,
zr1,zr1_zr1x_intextmec_raw,zr1_zr1x_intextmec_raw:46-46,,UHX,UHX,Lane Keep Assist with Lane Departure Warning,,1lz_r07=S; 3lz_r07=S; 1lz_r67=S; 3lz_r67=S,1lz_r07=standard; 3lz_r07=standard; 1lz_r67=standard; 3lz_r67=standard,opt_uhx_001,sec_safe_001,60,grand_sport:opt_uhx_001,opt_uhx_001,Lane Keep Assist with Lane Departure Warning,,,sec_safe_001,False,60,,approved,True,
zr1x,zr1_zr1x_intextmec_raw,zr1_zr1x_intextmec_raw:46-46,,UHX,UHX,Lane Keep Assist with Lane Departure Warning,,1lz_s07=S; 3lz_s07=S; 1lz_s67=S; 3lz_s67=S,1lz_s07=standard; 3lz_s07=standard; 1lz_s67=standard; 3lz_s67=standard,opt_uhx_001,sec_safe_001,60,grand_sport:opt_uhx_001,opt_uhx_001,Lane Keep Assist with Lane Departure Warning,,,sec_safe_001,False,60,,approved,True,
z06,z06_standard_raw,z06_standard_raw:95-95,,UHY,UHY,Automatic Emergency Braking,,1lz_h07=S; 2lz_h07=S; 3lz_h07=S; 1lz_h67=S; 2lz_h67=S; 3lz_h67=S,1lz_h07=standard; 2lz_h07=standard; 3lz_h07=standard; 1lz_h67=standard; 2lz_h67=standard; 3lz_h67=standard,opt_uhy_001,,,,,,,,,,,,deferred,False,
z06,z06_intextmec_raw,z06_intextmec_raw:524-524,,UHY,UHY,Automatic Emergency Braking,,1lz_h07=S; 2lz_h07=S; 3lz_h07=S; 1lz_h67=S; 2lz_h67=S; 3lz_h67=S,1lz_h07=standard; 2lz_h07=standard; 3lz_h07=standard; 1lz_h67=standard; 2lz_h67=standard; 3lz_h67=standard,opt_uhy_001,sec_safe_001,20,grand_sport:opt_uhy_001,opt_uhy_001,Automatic Emergency Braking,,,sec_safe_001,False,20,,approved,True,
zr1,zr1_zr1x_standard_raw,zr1_zr1x_standard_raw:94-94,,UHY,UHY,Automatic Emergency Braking,,1lz_r07=S; 3lz_r07=S; 1lz_r67=S; 3lz_r67=S,1lz_r07=standard; 3lz_r07=standard; 1lz_r67=standard; 3lz_r67=standard,opt_uhy_001,,,,,,,,,,,,deferred,False,
zr1x,zr1_zr1x_standard_raw,zr1_zr1x_standard_raw:94-94,,UHY,UHY,Automatic Emergency Braking,,1lz_s07=S; 3lz_s07=S; 1lz_s67=S; 3lz_s67=S,1lz_s07=standard; 3lz_s07=standard; 1lz_s67=standard; 3lz_s67=standard,opt_uhy_001,,,,,,,,,,,,deferred,False,
zr1,zr1_zr1x_intextmec_raw,zr1_zr1x_intextmec_raw:412-412,,UHY,UHY,Automatic Emergency Braking,,1lz_r07=S; 3lz_r07=S; 1lz_r67=S; 3lz_r67=S,1lz_r07=standard; 3lz_r07=standard; 1lz_r67=standard; 3lz_r67=standard,opt_uhy_001,sec_safe_001,20,grand_sport:opt_uhy_001,opt_uhy_001,Automatic Emergency Braking,,,sec_safe_001,False,20,,approved,True,
zr1x,zr1_zr1x_intextmec_raw,zr1_zr1x_intextmec_raw:412-412,,UHY,UHY,Automatic Emergency Braking,,1lz_s07=S; 3lz_s07=S; 1lz_s67=S; 3lz_s67=S,1lz_s07=standard; 3lz_s07=standard; 1lz_s67=standard; 3lz_s67=standard,opt_uhy_001,sec_safe_001,20,grand_sport:opt_uhy_001,opt_uhy_001,Automatic Emergency Braking,,,sec_safe_001,False,20,,approved,True,
z06,z06_standard_raw,z06_standard_raw:96-96,,UKT,UKT,Front Pedestrian and Bicyclist Braking,,1lz_h07=S; 2lz_h07=S; 3lz_h07=S; 1lz_h67=S; 2lz_h67=S; 3lz_h67=S,1lz_h07=standard; 2lz_h07=standard; 3lz_h07=standard; 1lz_h67=standard; 2lz_h67=standard; 3lz_h67=standard,opt_ukt_001,,,,,,,,,,,,deferred,False,
z06,z06_intextmec_raw,z06_intextmec_raw:525-525,,UKT,UKT,Front Pedestrian and Bicyclist Braking,,1lz_h07=S; 2lz_h07=S; 3lz_h07=S; 1lz_h67=S; 2lz_h67=S; 3lz_h67=S,1lz_h07=standard; 2lz_h07=standard; 3lz_h07=standard; 1lz_h67=standard; 2lz_h67=standard; 3lz_h67=standard,opt_ukt_001,sec_safe_001,40,grand_sport:opt_ukt_001,opt_ukt_001,Front Pedestrian and Bicyclist Braking,,,sec_safe_001,False,40,,approved,True,
zr1,zr1_zr1x_standard_raw,zr1_zr1x_standard_raw:95-95,,UKT,UKT,Front Pedestrian and Bicyclist Braking,,1lz_r07=S; 3lz_r07=S; 1lz_r67=S; 3lz_r67=S,1lz_r07=standard; 3lz_r07=standard; 1lz_r67=standard; 3lz_r67=standard,opt_ukt_001,,,,,,,,,,,,deferred,False,
zr1x,zr1_zr1x_standard_raw,zr1_zr1x_standard_raw:95-95,,UKT,UKT,Front Pedestrian and Bicyclist Braking,,1lz_s07=S; 3lz_s07=S; 1lz_s67=S; 3lz_s67=S,1lz_s07=standard; 3lz_s07=standard; 1lz_s67=standard; 3lz_s67=standard,opt_ukt_001,,,,,,,,,,,,deferred,False,
zr1,zr1_zr1x_intextmec_raw,zr1_zr1x_intextmec_raw:413-413,,UKT,UKT,Front Pedestrian and Bicyclist Braking,,1lz_r07=S; 3lz_r07=S; 1lz_r67=S; 3lz_r67=S,1lz_r07=standard; 3lz_r07=standard; 1lz_r67=standard; 3lz_r67=standard,opt_ukt_001,sec_safe_001,40,grand_sport:opt_ukt_001,opt_ukt_001,Front Pedestrian and Bicyclist Braking,,,sec_safe_001,False,40,,approved,True,
zr1x,zr1_zr1x_intextmec_raw,zr1_zr1x_intextmec_raw:413-413,,UKT,UKT,Front Pedestrian and Bicyclist Braking,,1lz_s07=S; 3lz_s07=S; 1lz_s67=S; 3lz_s67=S,1lz_s07=standard; 3lz_s07=standard; 1lz_s67=standard; 3lz_s67=standard,opt_ukt_001,sec_safe_001,40,grand_sport:opt_ukt_001,opt_ukt_001,Front Pedestrian and Bicyclist Braking,,,sec_safe_001,False,40,,approved,True,
z06,z06_intextmec_raw,z06_intextmec_raw:18-18,,UQH,UQH,"Audio system feature, Bose Performance Series Sound System with 14 speakers",,1lz_h07=--; 2lz_h07=■; 3lz_h07=■; 1lz_h67=--; 2lz_h67=■; 3lz_h67=■,1lz_h07=unavailable; 2lz_h07=standard; 3lz_h07=standard; 1lz_h67=unavailable; 2lz_h67=standard; 3lz_h67=standard,opt_uqh_001,sec_2lte_001,30,grand_sport:opt_uqh_001,opt_uqh_001,"Audio system feature, Bose Performance Series Sound System with 14 speakers",,,sec_2lte_001,False,30,,approved,True,
zr1,zr1_zr1x_intextmec_raw,zr1_zr1x_intextmec_raw:18-18,,UQH,UQH,"Audio system feature, Bose Performance Series Sound System with 14 speakers",,1lz_r07=--; 3lz_r07=■; 1lz_r67=--; 3lz_r67=■,1lz_r07=unavailable; 3lz_r07=standard; 1lz_r67=unavailable; 3lz_r67=standard,opt_uqh_001,sec_2lte_001,30,grand_sport:opt_uqh_001,opt_uqh_001,"Audio system feature, Bose Performance Series Sound System with 14 speakers",,,sec_2lte_001,False,30,,approved,True,
zr1x,zr1_zr1x_intextmec_raw,zr1_zr1x_intextmec_raw:18-18,,UQH,UQH,"Audio system feature, Bose Performance Series Sound System with 14 speakers",,1lz_s07=--; 3lz_s07=■; 1lz_s67=--; 3lz_s67=■,1lz_s07=unavailable; 3lz_s07=standard; 1lz_s67=unavailable; 3lz_s67=standard,opt_uqh_001,sec_2lte_001,30,grand_sport:opt_uqh_001,opt_uqh_001,"Audio system feature, Bose Performance Series Sound System with 14 speakers",,,sec_2lte_001,False,30,,approved,True,
z06,z06_standard_raw,z06_standard_raw:17-17,,UQS,UQS,"Audio system feature, Bose Premium 10-speaker system",,1lz_h07=S; 2lz_h07=--; 3lz_h07=--; 1lz_h67=S; 2lz_h67=--; 3lz_h67=--,1lz_h07=standard; 2lz_h07=unavailable; 3lz_h07=unavailable; 1lz_h67=standard; 2lz_h67=unavailable; 3lz_h67=unavailable,opt_uqs_001,,,,,,,,,,,,deferred,False,
z06,z06_intextmec_raw,z06_intextmec_raw:17-17,,UQS,UQS,"Audio system feature, Bose Premium 10-speaker system",,1lz_h07=S; 2lz_h07=--; 3lz_h07=--; 1lz_h67=S; 2lz_h67=--; 3lz_h67=--,1lz_h07=standard; 2lz_h07=unavailable; 3lz_h07=unavailable; 1lz_h67=standard; 2lz_h67=unavailable; 3lz_h67=unavailable,opt_uqs_001,sec_1lte_001,30,grand_sport:opt_uqs_001,opt_uqs_001,"Audio system feature, Bose Premium 10-speaker system",,,sec_1lte_001,False,30,,approved,True,
zr1,zr1_zr1x_standard_raw,zr1_zr1x_standard_raw:17-17,,UQS,UQS,"Audio system feature, Bose Premium 10-speaker system",,1lz_r07=S; 3lz_r07=--; 1lz_r67=S; 3lz_r67=--,1lz_r07=standard; 3lz_r07=unavailable; 1lz_r67=standard; 3lz_r67=unavailable,opt_uqs_001,,,,,,,,,,,,deferred,False,
zr1x,zr1_zr1x_standard_raw,zr1_zr1x_standard_raw:17-17,,UQS,UQS,"Audio system feature, Bose Premium 10-speaker system",,1lz_s07=S; 3lz_s07=--; 1lz_s67=S; 3lz_s67=--,1lz_s07=standard; 3lz_s07=unavailable; 1lz_s67=standard; 3lz_s67=unavailable,opt_uqs_001,,,,,,,,,,,,deferred,False,
zr1,zr1_zr1x_intextmec_raw,zr1_zr1x_intextmec_raw:17-17,,UQS,UQS,"Audio system feature, Bose Premium 10-speaker system",,1lz_r07=S; 3lz_r07=--; 1lz_r67=S; 3lz_r67=--,1lz_r07=standard; 3lz_r07=unavailable; 1lz_r67=standard; 3lz_r67=unavailable,opt_uqs_001,sec_1lte_001,30,grand_sport:opt_uqs_001,opt_uqs_001,"Audio system feature, Bose Premium 10-speaker system",,,sec_1lte_001,False,30,,approved,True,
zr1x,zr1_zr1x_intextmec_raw,zr1_zr1x_intextmec_raw:17-17,,UQS,UQS,"Audio system feature, Bose Premium 10-speaker system",,1lz_s07=S; 3lz_s07=--; 1lz_s67=S; 3lz_s67=--,1lz_s07=standard; 3lz_s07=unavailable; 1lz_s67=standard; 3lz_s67=unavailable,opt_uqs_001,sec_1lte_001,30,grand_sport:opt_uqs_001,opt_uqs_001,"Audio system feature, Bose Premium 10-speaker system",,,sec_1lte_001,False,30,,approved,True,
z06,z06_standard_raw,z06_standard_raw:51-51,UQT,,UQT,Performance data and video recorder,,1lz_h07=A; 2lz_h07=■; 3lz_h07=■; 1lz_h67=A; 2lz_h67=■; 3lz_h67=■,1lz_h07=available; 2lz_h07=standard; 3lz_h07=standard; 1lz_h67=available; 2lz_h67=standard; 3lz_h67=standard,opt_uqt_001,,,,,,,,,,,,deferred,False,
z06,z06_intextmec_raw,z06_intextmec_raw:119-119,UQT,,UQT,Performance data and video recorder,,1lz_h07=A; 2lz_h07=■; 3lz_h07=■; 1lz_h67=A; 2lz_h67=■; 3lz_h67=■,1lz_h07=available; 2lz_h07=standard; 3lz_h07=standard; 1lz_h67=available; 2lz_h67=standard; 3lz_h67=standard,opt_uqt_001,sec_inte_001,10,grand_sport:opt_uqt_001,opt_uqt_001,Performance data and video recorder,,,sec_inte_001,True,10,,approved,True,
zr1,zr1_zr1x_standard_raw,zr1_zr1x_standard_raw:51-51,,UQT,UQT,Performance data and video recorder,,1lz_r07=S; 3lz_r07=S; 1lz_r67=S; 3lz_r67=S,1lz_r07=standard; 3lz_r07=standard; 1lz_r67=standard; 3lz_r67=standard,opt_uqt_001,,,,,,,,,,,,deferred,False,
zr1x,zr1_zr1x_standard_raw,zr1_zr1x_standard_raw:51-51,,UQT,UQT,Performance data and video recorder,,1lz_s07=S; 3lz_s07=S; 1lz_s67=S; 3lz_s67=S,1lz_s07=standard; 3lz_s07=standard; 1lz_s67=standard; 3lz_s67=standard,opt_uqt_001,,,,,,,,,,,,deferred,False,
zr1,zr1_zr1x_intextmec_raw,zr1_zr1x_intextmec_raw:119-119,,UQT,UQT,Performance data and video recorder,,1lz_r07=S; 3lz_r07=S; 1lz_r67=S; 3lz_r67=S,1lz_r07=standard; 3lz_r07=standard; 1lz_r67=standard; 3lz_r67=standard,opt_uqt_001,sec_inte_001,10,grand_sport:opt_uqt_001,opt_uqt_001,Performance data and video recorder,,,sec_inte_001,False,10,,approved,True,
zr1x,zr1_zr1x_intextmec_raw,zr1_zr1x_intextmec_raw:119-119,,UQT,UQT,Performance data and video recorder,,1lz_s07=S; 3lz_s07=S; 1lz_s67=S; 3lz_s67=S,1lz_s07=standard; 3lz_s07=standard; 1lz_s67=standard; 3lz_s67=standard,opt_uqt_001,sec_inte_001,10,grand_sport:opt_uqt_001,opt_uqt_001,Performance data and video recorder,,,sec_inte_001,False,10,,approved,True,
z06,z06_intextmec_raw,z06_intextmec_raw:221-221,,UTJ,UTJ,"Theft-deterrent system, electrical, unauthorized entry, activates the horn",,1lz_h07=--; 2lz_h07=■; 3lz_h07=■; 1lz_h67=--; 2lz_h67=■; 3lz_h67=■,1lz_h07=unavailable; 2lz_h07=standard; 3lz_h07=standard; 1lz_h67=unavailable; 2lz_h67=standard; 3lz_h67=standard,opt_utj_001,sec_2lte_001,190,grand_sport:opt_utj_001,opt_utj_001,"Theft-deterrent system, electrical, unauthorized entry, activates the horn",,,sec_2lte_001,False,190,,approved,True,
zr1,zr1_zr1x_intextmec_raw,zr1_zr1x_intextmec_raw:215-215,,UTJ,UTJ,"Theft-deterrent system, electrical, unauthorized entry, activates the horn",,1lz_r07=--; 3lz_r07=■; 1lz_r67=--; 3lz_r67=■,1lz_r07=unavailable; 3lz_r07=standard; 1lz_r67=unavailable; 3lz_r67=standard,opt_utj_001,sec_2lte_001,190,grand_sport:opt_utj_001,opt_utj_001,"Theft-deterrent system, electrical, unauthorized entry, activates the horn",,,sec_2lte_001,False,190,,approved,True,
zr1x,zr1_zr1x_intextmec_raw,zr1_zr1x_intextmec_raw:215-215,,UTJ,UTJ,"Theft-deterrent system, electrical, unauthorized entry, activates the horn",,1lz_s07=--; 3lz_s07=■; 1lz_s67=--; 3lz_s67=■,1lz_s07=unavailable; 3lz_s07=standard; 1lz_s67=unavailable; 3lz_s67=standard,opt_utj_001,sec_2lte_001,190,grand_sport:opt_utj_001,opt_utj_001,"Theft-deterrent system, electrical, unauthorized entry, activates the horn",,,sec_2lte_001,False,190,,approved,True,
z06,z06_intextmec_raw,z06_intextmec_raw:222-222,,UTU,UTU,"Theft deterrent sensor, vehicle inclination",,1lz_h07=--; 2lz_h07=■; 3lz_h07=■; 1lz_h67=--; 2lz_h67=■; 3lz_h67=■,1lz_h07=unavailable; 2lz_h07=standard; 3lz_h07=standard; 1lz_h67=unavailable; 2lz_h67=standard; 3lz_h67=standard,opt_utu_001,sec_2lte_001,210,grand_sport:opt_utu_001,opt_utu_001,"Theft deterrent sensor, vehicle inclination",,,sec_2lte_001,False,210,,approved,True,
zr1,zr1_zr1x_intextmec_raw,zr1_zr1x_intextmec_raw:216-216,,UTU,UTU,"Theft deterrent sensor, vehicle inclination",,1lz_r07=--; 3lz_r07=■; 1lz_r67=--; 3lz_r67=■,1lz_r07=unavailable; 3lz_r07=standard; 1lz_r67=unavailable; 3lz_r67=standard,opt_utu_001,sec_2lte_001,210,grand_sport:opt_utu_001,opt_utu_001,"Theft deterrent sensor, vehicle inclination",,,sec_2lte_001,False,210,,approved,True,
zr1x,zr1_zr1x_intextmec_raw,zr1_zr1x_intextmec_raw:216-216,,UTU,UTU,"Theft deterrent sensor, vehicle inclination",,1lz_s07=--; 3lz_s07=■; 1lz_s67=--; 3lz_s67=■,1lz_s07=unavailable; 3lz_s07=standard; 1lz_s67=unavailable; 3lz_s67=standard,opt_utu_001,sec_2lte_001,210,grand_sport:opt_utu_001,opt_utu_001,"Theft deterrent sensor, vehicle inclination",,,sec_2lte_001,False,210,,approved,True,
z06,z06_intextmec_raw,z06_intextmec_raw:223-223,,UTV,UTV,"Theft deterrent sensor, vehicle interior movement",,1lz_h07=--; 2lz_h07=■; 3lz_h07=■; 1lz_h67=--; 2lz_h67=■; 3lz_h67=■,1lz_h07=unavailable; 2lz_h07=standard; 3lz_h07=standard; 1lz_h67=unavailable; 2lz_h67=standard; 3lz_h67=standard,opt_utv_001,sec_2lte_001,200,grand_sport:opt_utv_001,opt_utv_001,"Theft deterrent sensor, vehicle interior movement",,,sec_2lte_001,False,200,,approved,True,
zr1,zr1_zr1x_intextmec_raw,zr1_zr1x_intextmec_raw:217-217,,UTV,UTV,"Theft deterrent sensor, vehicle interior movement",,1lz_r07=--; 3lz_r07=■; 1lz_r67=--; 3lz_r67=■,1lz_r07=unavailable; 3lz_r07=standard; 1lz_r67=unavailable; 3lz_r67=standard,opt_utv_001,sec_2lte_001,200,grand_sport:opt_utv_001,opt_utv_001,"Theft deterrent sensor, vehicle interior movement",,,sec_2lte_001,False,200,,approved,True,
zr1x,zr1_zr1x_intextmec_raw,zr1_zr1x_intextmec_raw:217-217,,UTV,UTV,"Theft deterrent sensor, vehicle interior movement",,1lz_s07=--; 3lz_s07=■; 1lz_s67=--; 3lz_s67=■,1lz_s07=unavailable; 3lz_s07=standard; 1lz_s67=unavailable; 3lz_s67=standard,opt_utv_001,sec_2lte_001,200,grand_sport:opt_utv_001,opt_utv_001,"Theft deterrent sensor, vehicle interior movement",,,sec_2lte_001,False,200,,approved,True,
z06,z06_standard_raw,z06_standard_raw:30-30,,UV6,UV6,"Head-Up Display, color display with 3 modes: tour, sport, track; can display speed, gear, tachometer, paddle shift lights, turn signals, bright headlamps, turn-by-turn navigation, g-meter, speed limit",,1lz_h07=S; 2lz_h07=S; 3lz_h07=S; 1lz_h67=S; 2lz_h67=S; 3lz_h67=S,1lz_h07=standard; 2lz_h07=standard; 3lz_h07=standard; 1lz_h67=standard; 2lz_h67=standard; 3lz_h67=standard,opt_uv6_001,,,,,,,,,,,,deferred,False,
z06,z06_intextmec_raw,z06_intextmec_raw:44-44,,UV6,UV6,"Head-Up Display, color display with 3 modes: tour, sport, track; can display speed, gear, tachometer, paddle shift lights, turn signals, bright headlamps, turn-by-turn navigation, g-meter, speed limit",,1lz_h07=S; 2lz_h07=S; 3lz_h07=S; 1lz_h67=S; 2lz_h67=S; 3lz_h67=S,1lz_h07=standard; 2lz_h07=standard; 3lz_h07=standard; 1lz_h67=standard; 2lz_h67=standard; 3lz_h67=standard,opt_uv6_001,sec_2lte_001,10,grand_sport:opt_uv6_001,opt_uv6_001,"Head-Up Display, color display with 3 modes: tour, sport, track; can display speed, gear, tachometer, paddle shift lights, turn signals, bright headlamps, turn-by-turn navigation, g-meter, speed limit",,,sec_2lte_001,False,10,,approved,True,
zr1,zr1_zr1x_standard_raw,zr1_zr1x_standard_raw:30-30,,UV6,UV6,"Head-Up Display, color display with 3 modes: tour, sport, track; can display speed, gear, tachometer, paddle shift lights, turn signals, bright headlamps, turn-by-turn navigation, g-meter, speed limit",,1lz_r07=S; 3lz_r07=S; 1lz_r67=S; 3lz_r67=S,1lz_r07=standard; 3lz_r07=standard; 1lz_r67=standard; 3lz_r67=standard,opt_uv6_001,,,,,,,,,,,,deferred,False,
zr1x,zr1_zr1x_standard_raw,zr1_zr1x_standard_raw:30-30,,UV6,UV6,"Head-Up Display, color display with 3 modes: tour, sport, track; can display speed, gear, tachometer, paddle shift lights, turn signals, bright headlamps, turn-by-turn navigation, g-meter, speed limit",,1lz_s07=S; 3lz_s07=S; 1lz_s67=S; 3lz_s67=S,1lz_s07=standard; 3lz_s07=standard; 1lz_s67=standard; 3lz_s67=standard,opt_uv6_001,,,,,,,,,,,,deferred,False,
zr1,zr1_zr1x_intextmec_raw,zr1_zr1x_intextmec_raw:44-44,,UV6,UV6,"Head-Up Display, color display with 3 modes: tour, sport, track; can display speed, gear, tachometer, paddle shift lights, turn signals, bright headlamps, turn-by-turn navigation, g-meter, speed limit",,1lz_r07=S; 3lz_r07=S; 1lz_r67=S; 3lz_r67=S,1lz_r07=standard; 3lz_r07=standard; 1lz_r67=standard; 3lz_r67=standard,opt_uv6_001,sec_2lte_001,10,grand_sport:opt_uv6_001,opt_uv6_001,"Head-Up Display, color display with 3 modes: tour, sport, track; can display speed, gear, tachometer, paddle shift lights, turn signals, bright headlamps, turn-by-turn navigation, g-meter, speed limit",,,sec_2lte_001,False,10,,approved,True,
zr1x,zr1_zr1x_intextmec_raw,zr1_zr1x_intextmec_raw:44-44,,UV6,UV6,"Head-Up Display, color display with 3 modes: tour, sport, track; can display speed, gear, tachometer, paddle shift lights, turn signals, bright headlamps, turn-by-turn navigation, g-meter, speed limit",,1lz_s07=S; 3lz_s07=S; 1lz_s67=S; 3lz_s67=S,1lz_s07=standard; 3lz_s07=standard; 1lz_s67=standard; 3lz_s67=standard,opt_uv6_001,sec_2lte_001,10,grand_sport:opt_uv6_001,opt_uv6_001,"Head-Up Display, color display with 3 modes: tour, sport, track; can display speed, gear, tachometer, paddle shift lights, turn signals, bright headlamps, turn-by-turn navigation, g-meter, speed limit",,,sec_2lte_001,False,10,,approved,True,
z06,z06_intextmec_raw,z06_intextmec_raw:129-129,,UVA,UVA,"HD Front and Rear Vision Cameras, front camera is curb view",,1lz_h07=--; 2lz_h07=■; 3lz_h07=■; 1lz_h67=--; 2lz_h67=■; 3lz_h67=■,1lz_h07=unavailable; 2lz_h07=standard; 3lz_h07=standard; 1lz_h67=unavailable; 2lz_h67=standard; 3lz_h67=standard,opt_uva_001,sec_2lte_001,40,grand_sport:opt_uva_001,opt_uva_001,"HD Front and Rear Vision Cameras, front camera is curb view",,,sec_2lte_001,False,40,,approved,True,
zr1,zr1_zr1x_intextmec_raw,zr1_zr1x_intextmec_raw:129-129,,UVA,UVA,"HD Front and Rear Vision Cameras, front camera is curb view",,1lz_r07=--; 3lz_r07=■; 1lz_r67=--; 3lz_r67=■,1lz_r07=unavailable; 3lz_r07=standard; 1lz_r67=unavailable; 3lz_r67=standard,opt_uva_001,sec_2lte_001,40,grand_sport:opt_uva_001,opt_uva_001,"HD Front and Rear Vision Cameras, front camera is curb view",,,sec_2lte_001,False,40,,approved,True,
zr1x,zr1_zr1x_intextmec_raw,zr1_zr1x_intextmec_raw:129-129,,UVA,UVA,"HD Front and Rear Vision Cameras, front camera is curb view",,1lz_s07=--; 3lz_s07=■; 1lz_s67=--; 3lz_s67=■,1lz_s07=unavailable; 3lz_s07=standard; 1lz_s67=unavailable; 3lz_s67=standard,opt_uva_001,sec_2lte_001,40,grand_sport:opt_uva_001,opt_uva_001,"HD Front and Rear Vision Cameras, front camera is curb view",,,sec_2lte_001,False,40,,approved,True,
z06,z06_standard_raw,z06_standard_raw:52-52,,UVB,UVB,HD Rear Vision Camera,,1lz_h07=S; 2lz_h07=--; 3lz_h07=--; 1lz_h67=S; 2lz_h67=--; 3lz_h67=--,1lz_h07=standard; 2lz_h07=unavailable; 3lz_h07=unavailable; 1lz_h67=standard; 2lz_h67=unavailable; 3lz_h67=unavailable,opt_uvb_001,,,,,,,,,,,,deferred,False,
z06,z06_intextmec_raw,z06_intextmec_raw:128-128,,UVB,UVB,HD Rear Vision Camera,,1lz_h07=S; 2lz_h07=--; 3lz_h07=--; 1lz_h67=S; 2lz_h67=--; 3lz_h67=--,1lz_h07=standard; 2lz_h07=unavailable; 3lz_h07=unavailable; 1lz_h67=standard; 2lz_h67=unavailable; 3lz_h67=unavailable,opt_uvb_001,sec_1lte_001,20,grand_sport:opt_uvb_001,opt_uvb_001,HD Rear Vision Camera,,,sec_1lte_001,False,20,,approved,True,
zr1,zr1_zr1x_standard_raw,zr1_zr1x_standard_raw:52-52,,UVB,UVB,HD Rear Vision Camera,,1lz_r07=S; 3lz_r07=--; 1lz_r67=S; 3lz_r67=--,1lz_r07=standard; 3lz_r07=unavailable; 1lz_r67=standard; 3lz_r67=unavailable,opt_uvb_001,,,,,,,,,,,,deferred,False,
zr1x,zr1_zr1x_standard_raw,zr1_zr1x_standard_raw:52-52,,UVB,UVB,HD Rear Vision Camera,,1lz_s07=S; 3lz_s07=--; 1lz_s67=S; 3lz_s67=--,1lz_s07=standard; 3lz_s07=unavailable; 1lz_s67=standard; 3lz_s67=unavailable,opt_uvb_001,,,,,,,,,,,,deferred,False,
zr1,zr1_zr1x_intextmec_raw,zr1_zr1x_intextmec_raw:128-128,,UVB,UVB,HD Rear Vision Camera,,1lz_r07=S; 3lz_r07=--; 1lz_r67=S; 3lz_r67=--,1lz_r07=standard; 3lz_r07=unavailable; 1lz_r67=standard; 3lz_r67=unavailable,opt_uvb_001,sec_1lte_001,20,grand_sport:opt_uvb_001,opt_uvb_001,HD Rear Vision Camera,,,sec_1lte_001,False,20,,approved,True,
zr1x,zr1_zr1x_intextmec_raw,zr1_zr1x_intextmec_raw:128-128,,UVB,UVB,HD Rear Vision Camera,,1lz_s07=S; 3lz_s07=--; 1lz_s67=S; 3lz_s67=--,1lz_s07=standard; 3lz_s07=unavailable; 1lz_s67=standard; 3lz_s67=unavailable,opt_uvb_001,sec_1lte_001,20,grand_sport:opt_uvb_001,opt_uvb_001,HD Rear Vision Camera,,,sec_1lte_001,False,20,,approved,True,
z06,z06_intextmec_raw,z06_intextmec_raw:77-80,V8X,,V8X,"LPO, Visible Carbon Fiber sill plates Genuine Corvette Accessory",Not available at this time.,1lz_h07=--; 2lz_h07=--; 3lz_h07=A/D1; 1lz_h67=--; 2lz_h67=--; 3lz_h67=A/D1,1lz_h07=unavailable; 2lz_h07=unavailable; 3lz_h07=available; 1lz_h67=unavailable; 2lz_h67=unavailable; 3lz_h67=available,opt_v8x_001,sec_lpoi_001,,,,,,,,,,,needs_section_review,False,
zr1,zr1_zr1x_intextmec_raw,zr1_zr1x_intextmec_raw:77-80,V8X,,V8X,"LPO, Visible Carbon Fiber sill plates, with car silhouette logo, replaces factory sill plates, Genuine Corvette Accessory",Not available at this time.,1lz_r07=--; 3lz_r07=A/D1; 1lz_r67=--; 3lz_r67=A/D1,1lz_r07=unavailable; 3lz_r07=available; 1lz_r67=unavailable; 3lz_r67=available,opt_v8x_001,sec_lpoi_001,,,,,,,,,,,needs_section_review,False,
zr1x,zr1_zr1x_intextmec_raw,zr1_zr1x_intextmec_raw:77-80,V8X,,V8X,"LPO, Visible Carbon Fiber sill plates, with car silhouette logo, replaces factory sill plates, Genuine Corvette Accessory",Not available at this time.,1lz_s07=--; 3lz_s07=A/D1; 1lz_s67=--; 3lz_s67=A/D1,1lz_s07=unavailable; 3lz_s07=available; 1lz_s67=unavailable; 3lz_s67=available,opt_v8x_001,sec_lpoi_001,,,,,,,,,,,needs_section_review,False,
z06,z06_standard_raw,z06_standard_raw:68-68,,VHM,VHM,"Vehicle health management, provides advanced warning of vehicle issues",,1lz_h07=S; 2lz_h07=S; 3lz_h07=S; 1lz_h67=S; 2lz_h67=S; 3lz_h67=S,1lz_h07=standard; 2lz_h07=standard; 3lz_h07=standard; 1lz_h67=standard; 2lz_h67=standard; 3lz_h67=standard,opt_vhm_001,,,,,,,,,,,,deferred,False,
z06,z06_intextmec_raw,z06_intextmec_raw:226-226,,VHM,VHM,"Vehicle health management, provides advanced warning of vehicle issues",,1lz_h07=S; 2lz_h07=S; 3lz_h07=S; 1lz_h67=S; 2lz_h67=S; 3lz_h67=S,1lz_h07=standard; 2lz_h07=standard; 3lz_h07=standard; 1lz_h67=standard; 2lz_h67=standard; 3lz_h67=standard,opt_vhm_001,sec_stan_001,90,grand_sport:opt_vhm_001,opt_vhm_001,"Vehicle health management, provides advanced warning of vehicle issues",,,sec_stan_001,False,90,,approved,True,
zr1,zr1_zr1x_standard_raw,zr1_zr1x_standard_raw:68-68,,VHM,VHM,"Vehicle health management, provides advanced warning of vehicle issues",,1lz_r07=S; 3lz_r07=S; 1lz_r67=S; 3lz_r67=S,1lz_r07=standard; 3lz_r07=standard; 1lz_r67=standard; 3lz_r67=standard,opt_vhm_001,,,,,,,,,,,,deferred,False,
zr1x,zr1_zr1x_standard_raw,zr1_zr1x_standard_raw:68-68,,VHM,VHM,"Vehicle health management, provides advanced warning of vehicle issues",,1lz_s07=S; 3lz_s07=S; 1lz_s67=S; 3lz_s67=S,1lz_s07=standard; 3lz_s07=standard; 1lz_s67=standard; 3lz_s67=standard,opt_vhm_001,,,,,,,,,,,,deferred,False,
zr1,zr1_zr1x_intextmec_raw,zr1_zr1x_intextmec_raw:220-220,,VHM,VHM,"Vehicle health management, provides advanced warning of vehicle issues",,1lz_r07=S; 3lz_r07=S; 1lz_r67=S; 3lz_r67=S,1lz_r07=standard; 3lz_r07=standard; 1lz_r67=standard; 3lz_r67=standard,opt_vhm_001,sec_stan_001,90,grand_sport:opt_vhm_001,opt_vhm_001,"Vehicle health management, provides advanced warning of vehicle issues",,,sec_stan_001,False,90,,approved,True,
zr1x,zr1_zr1x_intextmec_raw,zr1_zr1x_intextmec_raw:220-220,,VHM,VHM,"Vehicle health management, provides advanced warning of vehicle issues",,1lz_s07=S; 3lz_s07=S; 1lz_s67=S; 3lz_s67=S,1lz_s07=standard; 3lz_s07=standard; 1lz_s67=standard; 3lz_s67=standard,opt_vhm_001,sec_stan_001,90,grand_sport:opt_vhm_001,opt_vhm_001,"Vehicle health management, provides advanced warning of vehicle issues",,,sec_stan_001,False,90,,approved,True,
z06,z06_intextmec_raw,z06_intextmec_raw:303-306,VK3,,VK3,"License plate bracket, front",Will be forced on orders with ship-to states that require a front license plate.,1lz_h07=A1; 2lz_h07=A1; 3lz_h07=A1; 1lz_h67=A1; 2lz_h67=A1; 3lz_h67=A1,1lz_h07=available; 2lz_h07=available; 3lz_h07=available; 1lz_h67=available; 2lz_h67=available; 3lz_h67=available,opt_vk3_001,sec_cust_001,,,,,,,,,,,needs_section_review,False,
zr1,zr1_zr1x_intextmec_raw,zr1_zr1x_intextmec_raw:255-258,VK3,,VK3,"License plate bracket, front",Will be forced on orders with ship-to states that require a front license plate.,1lz_r07=A1; 3lz_r07=A1; 1lz_r67=A1; 3lz_r67=A1,1lz_r07=available; 3lz_r07=available; 1lz_r67=available; 3lz_r67=available,opt_vk3_001,sec_cust_001,,,,,,,,,,,needs_section_review,False,
zr1x,zr1_zr1x_intextmec_raw,zr1_zr1x_intextmec_raw:255-258,VK3,,VK3,"License plate bracket, front",Will be forced on orders with ship-to states that require a front license plate.,1lz_s07=A1; 3lz_s07=A1; 1lz_s67=A1; 3lz_s67=A1,1lz_s07=available; 3lz_s07=available; 1lz_s67=available; 3lz_s67=available,opt_vk3_001,sec_cust_001,,,,,,,,,,,needs_section_review,False,
z06,z06_intextmec_raw,z06_intextmec_raw:379-382,VPO,,VPO,"LPO, Jake C8.R rear hash graphic with Tech Bronze accent, Genuine Corvette Accessory","Not available with VPW or PDA. Included with (PCZ) Tech Bronze Accent Package, LPO.",1lz_h07=A/D1; 2lz_h07=A/D1; 3lz_h07=A/D1; 1lz_h67=A/D1; 2lz_h67=A/D1; 3lz_h67=A/D1,1lz_h07=available; 2lz_h07=available; 3lz_h07=available; 1lz_h67=available; 2lz_h67=available; 3lz_h67=available,opt_vpo_001,sec_stri_001,180,grand_sport:opt_vpo_001,opt_vpo_001,"LPO, Jake C8.R rear hash graphic with Tech Bronze accent, Genuine Corvette Accessory",,"Not available with VPW or PDA. Included with (PCZ) Tech Bronze Accent Package, LPO.",sec_stri_001,True,180,,approved,True,
z06,z06_intextmec_raw,z06_intextmec_raw:375-378,VPW,,VPW,"LPO, Jake C8.R rear hash graphic, Genuine Corvette Accessory","Included with (PDA) Jake C8.R Graphics Package, LPO.",1lz_h07=A/D1; 2lz_h07=A/D1; 3lz_h07=A/D1; 1lz_h67=A/D1; 2lz_h67=A/D1; 3lz_h67=A/D1,1lz_h07=available; 2lz_h07=available; 3lz_h07=available; 1lz_h67=available; 2lz_h67=available; 3lz_h67=available,opt_vpw_001,sec_stri_001,,,,,,,,,,,needs_section_review,False,
z06,z06_intextmec_raw,z06_intextmec_raw:336-336,VTB,,VTB,"LPO, Rear fascia/roof storage protector in Black with embroidered crossed flags logo, Genuine Corvette Accessory",,1lz_h07=A/D; 2lz_h07=A/D; 3lz_h07=A/D; 1lz_h67=A/D; 2lz_h67=A/D; 3lz_h67=A/D,1lz_h07=available; 2lz_h07=available; 3lz_h07=available; 1lz_h67=available; 2lz_h67=available; 3lz_h67=available,opt_vtb_001,sec_lpoe_001,40,grand_sport:opt_vtb_001,opt_vtb_001,"LPO, Rear fascia/roof storage protector in Black with embroidered crossed flags logo, Genuine Corvette Accessory",,,sec_lpoe_001,True,40,,approved,True,
zr1,zr1_zr1x_intextmec_raw,zr1_zr1x_intextmec_raw:283-283,VTB,,VTB,"LPO, Rear fascia/roof storage protector in Black with embroidered crossed flags logo, Genuine Corvette Accessory",,1lz_r07=A/D; 3lz_r07=A/D; 1lz_r67=A/D; 3lz_r67=A/D,1lz_r07=available; 3lz_r07=available; 1lz_r67=available; 3lz_r67=available,opt_vtb_001,sec_lpoe_001,40,grand_sport:opt_vtb_001,opt_vtb_001,"LPO, Rear fascia/roof storage protector in Black with embroidered crossed flags logo, Genuine Corvette Accessory",,,sec_lpoe_001,True,40,,approved,True,
zr1x,zr1_zr1x_intextmec_raw,zr1_zr1x_intextmec_raw:283-283,VTB,,VTB,"LPO, Rear fascia/roof storage protector in Black with embroidered crossed flags logo, Genuine Corvette Accessory",,1lz_s07=A/D; 3lz_s07=A/D; 1lz_s67=A/D; 3lz_s67=A/D,1lz_s07=available; 3lz_s07=available; 1lz_s67=available; 3lz_s67=available,opt_vtb_001,sec_lpoe_001,40,grand_sport:opt_vtb_001,opt_vtb_001,"LPO, Rear fascia/roof storage protector in Black with embroidered crossed flags logo, Genuine Corvette Accessory",,,sec_lpoe_001,True,40,,approved,True,
z06,z06_intextmec_raw,z06_intextmec_raw:579-579,VUP,,VUP,"LPO, Engine Bay closeout graphics, Genuine Corvette Accessory",,1lz_h07=A/D; 2lz_h07=A/D; 3lz_h07=A/D; 1lz_h67=--; 2lz_h67=--; 3lz_h67=--,1lz_h07=available; 2lz_h07=available; 3lz_h07=available; 1lz_h67=unavailable; 2lz_h67=unavailable; 3lz_h67=unavailable,opt_vup_001,sec_engi_001,70,grand_sport:opt_vup_001,opt_vup_001,"LPO, Engine Bay closeout graphics, Genuine Corvette Accessory",,,sec_engi_001,True,70,,approved,True,
z06,z06_standard_raw,z06_standard_raw:39-42,,VV4,VV4,Wi-Fi Hotspot capable,Terms and limitations apply. See onstar.com or dealer for details.,1lz_h07=S1; 2lz_h07=S1; 3lz_h07=S1; 1lz_h67=S1; 2lz_h67=S1; 3lz_h67=S1,1lz_h07=standard; 2lz_h07=standard; 3lz_h07=standard; 1lz_h67=standard; 2lz_h67=standard; 3lz_h67=standard,opt_vv4_001,,,,,,,,,,,,deferred,False,
zr1,zr1_zr1x_standard_raw,zr1_zr1x_standard_raw:39-42,,VV4,VV4,Wi-Fi Hotspot capable,Terms and limitations apply. See onstar.com or dealer for details.,1lz_r07=S1; 3lz_r07=S1; 1lz_r67=S1; 3lz_r67=S1,1lz_r07=standard; 3lz_r07=standard; 1lz_r67=standard; 3lz_r67=standard,opt_vv4_001,,,,,,,,,,,,deferred,False,
zr1x,zr1_zr1x_standard_raw,zr1_zr1x_standard_raw:39-42,,VV4,VV4,Wi-Fi Hotspot capable,Terms and limitations apply. See onstar.com or dealer for details.,1lz_s07=S1; 3lz_s07=S1; 1lz_s67=S1; 3lz_s67=S1,1lz_s07=standard; 3lz_s07=standard; 1lz_s67=standard; 3lz_s67=standard,opt_vv4_001,,,,,,,,,,,,deferred,False,
z06,z06_intextmec_raw,z06_intextmec_raw:99-102,,VV4,VV4,Wi-Fi Hotspot capable,Terms and limitations apply. See onstar.com or dealer for details.,1lz_h07=S1; 2lz_h07=S1; 3lz_h07=S1; 1lz_h67=S1; 2lz_h67=S1; 3lz_h67=S1,1lz_h07=standard; 2lz_h07=standard; 3lz_h07=standard; 1lz_h67=standard; 2lz_h67=standard; 3lz_h67=standard,opt_vv4_002,sec_tech_001,,,,,,,,,,,needs_section_review,False,
zr1,zr1_zr1x_intextmec_raw,zr1_zr1x_intextmec_raw:99-102,,VV4,VV4,Wi-Fi Hotspot capable,Terms and limitations apply. See onstar.com or dealer for details.,1lz_r07=S1; 3lz_r07=S1; 1lz_r67=S1; 3lz_r67=S1,1lz_r07=standard; 3lz_r07=standard; 1lz_r67=standard; 3lz_r67=standard,opt_vv4_002,sec_tech_001,,,,,,,,,,,needs_section_review,False,
zr1x,zr1_zr1x_intextmec_raw,zr1_zr1x_intextmec_raw:99-102,,VV4,VV4,Wi-Fi Hotspot capable,Terms and limitations apply. See onstar.com or dealer for details.,1lz_s07=S1; 3lz_s07=S1; 1lz_s67=S1; 3lz_s67=S1,1lz_s07=standard; 3lz_s07=standard; 1lz_s67=standard; 3lz_s67=standard,opt_vv4_002,sec_tech_001,,,,,,,,,,,needs_section_review,False,
z06,z06_intextmec_raw,z06_intextmec_raw:337-340,VWE,,VWE,"LPO, Front radiator grille screens, Genuine Corvette Accessory","Included with (PCQ) Grille Screen Protection Package, LPO.",1lz_h07=A/D1; 2lz_h07=A/D1; 3lz_h07=A/D1; 1lz_h67=A/D1; 2lz_h67=A/D1; 3lz_h67=A/D1,1lz_h07=available; 2lz_h07=available; 3lz_h07=available; 1lz_h67=available; 2lz_h67=available; 3lz_h67=available,opt_vwe_001,sec_lpoe_001,50,grand_sport:opt_vwe_001,opt_vwe_001,"LPO, Front radiator grille screens, Genuine Corvette Accessory",,"Included with (PCQ) Grille Screen Protection Package, LPO.",sec_lpoe_001,True,50,,approved,True,
zr1,zr1_zr1x_intextmec_raw,zr1_zr1x_intextmec_raw:284-287,VWE,,VWE,"LPO, Front radiator grille screens, Genuine Corvette Accessory","Included with (PCQ) Grille Screen Protection Package, LPO.",1lz_r07=A/D1; 3lz_r07=A/D1; 1lz_r67=A/D1; 3lz_r67=A/D1,1lz_r07=available; 3lz_r07=available; 1lz_r67=available; 3lz_r67=available,opt_vwe_001,sec_lpoe_001,50,grand_sport:opt_vwe_001,opt_vwe_001,"LPO, Front radiator grille screens, Genuine Corvette Accessory",,"Included with (PCQ) Grille Screen Protection Package, LPO.",sec_lpoe_001,True,50,,approved,True,
zr1x,zr1_zr1x_intextmec_raw,zr1_zr1x_intextmec_raw:284-287,VWE,,VWE,"LPO, Front radiator grille screens, Genuine Corvette Accessory","Included with (PCQ) Grille Screen Protection Package, LPO.",1lz_s07=A/D1; 3lz_s07=A/D1; 1lz_s67=A/D1; 3lz_s67=A/D1,1lz_s07=available; 3lz_s07=available; 1lz_s67=available; 3lz_s67=available,opt_vwe_001,sec_lpoe_001,50,grand_sport:opt_vwe_001,opt_vwe_001,"LPO, Front radiator grille screens, Genuine Corvette Accessory",,"Included with (PCQ) Grille Screen Protection Package, LPO.",sec_lpoe_001,True,50,,approved,True,
z06,z06_intextmec_raw,z06_intextmec_raw:341-344,VWT,,VWT,"LPO, Insect protection grille screen, Genuine Corvette Accessory","Included with (PCQ) Grille Screen Protection Package, LPO.",1lz_h07=A/D1; 2lz_h07=A/D1; 3lz_h07=A/D1; 1lz_h67=A/D1; 2lz_h67=A/D1; 3lz_h67=A/D1,1lz_h07=available; 2lz_h07=available; 3lz_h07=available; 1lz_h67=available; 2lz_h67=available; 3lz_h67=available,opt_vwt_001,sec_lpoe_001,55,grand_sport:opt_vwt_001,opt_vwt_001,"LPO, Insect protection grille screen, Genuine Corvette Accessory",,"Included with (PCQ) Grille Screen Protection Package, LPO.",sec_lpoe_001,True,55,,approved,True,
zr1,zr1_zr1x_intextmec_raw,zr1_zr1x_intextmec_raw:288-291,VWT,,VWT,"LPO, Insect protection grille screen, Genuine Corvette Accessory","Included with (PCQ) Grille Screen Protection Package, LPO.",1lz_r07=A/D1; 3lz_r07=A/D1; 1lz_r67=A/D1; 3lz_r67=A/D1,1lz_r07=available; 3lz_r07=available; 1lz_r67=available; 3lz_r67=available,opt_vwt_001,sec_lpoe_001,55,grand_sport:opt_vwt_001,opt_vwt_001,"LPO, Insect protection grille screen, Genuine Corvette Accessory",,"Included with (PCQ) Grille Screen Protection Package, LPO.",sec_lpoe_001,True,55,,approved,True,
zr1x,zr1_zr1x_intextmec_raw,zr1_zr1x_intextmec_raw:288-291,VWT,,VWT,"LPO, Insect protection grille screen, Genuine Corvette Accessory","Included with (PCQ) Grille Screen Protection Package, LPO.",1lz_s07=A/D1; 3lz_s07=A/D1; 1lz_s67=A/D1; 3lz_s67=A/D1,1lz_s07=available; 3lz_s07=available; 1lz_s67=available; 3lz_s67=available,opt_vwt_001,sec_lpoe_001,55,grand_sport:opt_vwt_001,opt_vwt_001,"LPO, Insect protection grille screen, Genuine Corvette Accessory",,"Included with (PCQ) Grille Screen Protection Package, LPO.",sec_lpoe_001,True,55,,approved,True,
z06,z06_intextmec_raw,z06_intextmec_raw:64-64,VYW,,VYW,"LPO, Floor mats, premium carpeted with Z06 badge emblem on Z06 models, Genuine Corvette Accessory",,1lz_h07=A/D; 2lz_h07=A/D; 3lz_h07=A/D; 1lz_h67=A/D; 2lz_h67=A/D; 3lz_h67=A/D,1lz_h07=available; 2lz_h07=available; 3lz_h07=available; 1lz_h67=available; 2lz_h67=available; 3lz_h67=available,opt_vyw_001,sec_lpoi_001,40,grand_sport:opt_vyw_001,opt_vyw_001,"LPO, Floor mats, premium carpeted with Z06 badge emblem on Z06 models, Genuine Corvette Accessory",,,sec_lpoi_001,True,40,,approved,True,
zr1,zr1_zr1x_intextmec_raw,zr1_zr1x_intextmec_raw:64-64,VYW,,VYW,"LPO, Floor mats, premium carpeted with car silhouette logo on Stingray, Grand Sport, ZR1 and ZR1X models, Genuine Corvette Accessory",,1lz_r07=A/D; 3lz_r07=A/D; 1lz_r67=A/D; 3lz_r67=A/D,1lz_r07=available; 3lz_r07=available; 1lz_r67=available; 3lz_r67=available,opt_vyw_001,sec_lpoi_001,40,grand_sport:opt_vyw_001,opt_vyw_001,"LPO, Floor mats, premium carpeted with car silhouette logo on Stingray, Grand Sport, ZR1 and ZR1X models, Genuine Corvette Accessory",,,sec_lpoi_001,True,40,,approved,True,
zr1x,zr1_zr1x_intextmec_raw,zr1_zr1x_intextmec_raw:64-64,VYW,,VYW,"LPO, Floor mats, premium carpeted with car silhouette logo on Stingray, Grand Sport, ZR1 and ZR1X models, Genuine Corvette Accessory",,1lz_s07=A/D; 3lz_s07=A/D; 1lz_s67=A/D; 3lz_s67=A/D,1lz_s07=available; 3lz_s07=available; 1lz_s67=available; 3lz_s67=available,opt_vyw_001,sec_lpoi_001,40,grand_sport:opt_vyw_001,opt_vyw_001,"LPO, Floor mats, premium carpeted with car silhouette logo on Stingray, Grand Sport, ZR1 and ZR1X models, Genuine Corvette Accessory",,,sec_lpoi_001,True,40,,approved,True,
z06,z06_intextmec_raw,z06_intextmec_raw:50-50,W2D,,W2D,"LPO, Cargo net set, Genuine Corvette Accessory",,1lz_h07=A/D; 2lz_h07=--; 3lz_h07=--; 1lz_h67=A/D; 2lz_h67=--; 3lz_h67=--,1lz_h07=available; 2lz_h07=unavailable; 3lz_h07=unavailable; 1lz_h67=available; 2lz_h67=unavailable; 3lz_h67=unavailable,opt_w2d_001,sec_lpoi_001,60,grand_sport:opt_w2d_001,opt_w2d_001,"LPO, Cargo net set, Genuine Corvette Accessory",,,sec_lpoi_001,True,60,,approved,True,
zr1,zr1_zr1x_intextmec_raw,zr1_zr1x_intextmec_raw:50-50,W2D,,W2D,"LPO, Cargo net set, Genuine Corvette Accessory",,1lz_r07=A/D; 3lz_r07=--; 1lz_r67=A/D; 3lz_r67=--,1lz_r07=available; 3lz_r07=unavailable; 1lz_r67=available; 3lz_r67=unavailable,opt_w2d_001,sec_lpoi_001,60,grand_sport:opt_w2d_001,opt_w2d_001,"LPO, Cargo net set, Genuine Corvette Accessory",,,sec_lpoi_001,True,60,,approved,True,
zr1x,zr1_zr1x_intextmec_raw,zr1_zr1x_intextmec_raw:50-50,W2D,,W2D,"LPO, Cargo net set, Genuine Corvette Accessory",,1lz_s07=A/D; 3lz_s07=--; 1lz_s67=A/D; 3lz_s67=--,1lz_s07=available; 3lz_s07=unavailable; 1lz_s67=available; 3lz_s67=unavailable,opt_w2d_001,sec_lpoi_001,60,grand_sport:opt_w2d_001,opt_w2d_001,"LPO, Cargo net set, Genuine Corvette Accessory",,,sec_lpoi_001,True,60,,approved,True,
z06,z06_intextmec_raw,z06_intextmec_raw:319-322,WKR,,WKR,"LPO, Premium indoor car cover, GT3.R, fully rendered, Genuine Corvette Accessory","When ordered with one of the following spoilers: 5V5, 5ZV, 5ZW, or (T0F/T0G) Carbon Fiber Aero Package, High Wing version is provided.",1lz_h07=A/D1; 2lz_h07=A/D1; 3lz_h07=A/D1; 1lz_h67=A/D1; 2lz_h67=A/D1; 3lz_h67=A/D1,1lz_h07=available; 2lz_h07=available; 3lz_h07=available; 1lz_h67=available; 2lz_h67=available; 3lz_h67=available,opt_wkr_001,sec_lpoe_001,71,grand_sport:opt_wkr_001,opt_wkr_001,"LPO, Premium indoor car cover, GT3.R, fully rendered, Genuine Corvette Accessory",,"When ordered with one of the following spoilers: 5V5, 5ZV, 5ZW, or (T0F/T0G) Carbon Fiber Aero Package, High Wing version is provided.",sec_lpoe_001,True,71,,approved,True,
zr1,zr1_zr1x_intextmec_raw,zr1_zr1x_intextmec_raw:261-265,WKR,,WKR,"LPO, Premium indoor car cover, GT3.R, fully rendered, Genuine Corvette Accessory","Not available with (TOM) ZR1 Carbon Fiber Aero Package.
Not available with (TOM) ZR1X Carbon Fiber Aero Package.",1lz_r07=A/D1; 3lz_r07=A/D1; 1lz_r67=A/D1; 3lz_r67=A/D1,1lz_r07=available; 3lz_r07=available; 1lz_r67=available; 3lz_r67=available,opt_wkr_001,sec_lpoe_001,71,grand_sport:opt_wkr_001,opt_wkr_001,"LPO, Premium indoor car cover, GT3.R, fully rendered, Genuine Corvette Accessory",,"Not available with (TOM) ZR1 Carbon Fiber Aero Package.
Not available with (TOM) ZR1X Carbon Fiber Aero Package.",sec_lpoe_001,True,71,,approved,True,
zr1x,zr1_zr1x_intextmec_raw,zr1_zr1x_intextmec_raw:261-265,WKR,,WKR,"LPO, Premium indoor car cover, GT3.R, fully rendered, Genuine Corvette Accessory","Not available with (TOM) ZR1 Carbon Fiber Aero Package.
Not available with (TOM) ZR1X Carbon Fiber Aero Package.",1lz_s07=A/D2; 3lz_s07=A/D2; 1lz_s67=A/D2; 3lz_s67=A/D2,1lz_s07=available; 3lz_s07=available; 1lz_s67=available; 3lz_s67=available,opt_wkr_001,sec_lpoe_001,71,grand_sport:opt_wkr_001,opt_wkr_001,"LPO, Premium indoor car cover, GT3.R, fully rendered, Genuine Corvette Accessory",,"Not available with (TOM) ZR1 Carbon Fiber Aero Package.
Not available with (TOM) ZR1X Carbon Fiber Aero Package.",sec_lpoe_001,True,71,,approved,True,
z06,z06_intextmec_raw,z06_intextmec_raw:318-318,WKS,,WKS,"LPO, Premium indoor car cover, Galvanized Cool with Z06 logo, Genuine Corvette Accessory",,1lz_h07=A/D; 2lz_h07=A/D; 3lz_h07=A/D; 1lz_h67=A/D; 2lz_h67=A/D; 3lz_h67=A/D,1lz_h07=available; 2lz_h07=available; 3lz_h07=available; 1lz_h67=available; 2lz_h67=available; 3lz_h67=available,opt_wks_001,sec_lpoe_001,,,,,,,,,,,needs_section_review,False,
z06,z06_standard_raw,z06_standard_raw:111-111,,WUB,WUB,"NEW!Exhaust, quad center exit",,1lz_h07=S; 2lz_h07=S; 3lz_h07=S; 1lz_h67=S; 2lz_h67=S; 3lz_h67=S,1lz_h07=standard; 2lz_h07=standard; 3lz_h07=standard; 1lz_h67=standard; 2lz_h67=standard; 3lz_h67=standard,opt_wub_001,,,,,,,,,,,,deferred,False,
z06,z06_intextmec_raw,z06_intextmec_raw:569-569,,WUB,WUB,"NEW!Exhaust, quad center exit",,1lz_h07=S; 2lz_h07=S; 3lz_h07=S; 1lz_h67=S; 2lz_h67=S; 3lz_h67=S,1lz_h07=standard; 2lz_h07=standard; 3lz_h07=standard; 1lz_h67=standard; 2lz_h67=standard; 3lz_h67=standard,opt_wub_001,sec_exha_001,20,grand_sport:opt_wub_001,opt_wub_001,"NEW!Exhaust, quad center exit",,,sec_exha_001,False,20,,approved,True,
zr1,zr1_zr1x_standard_raw,zr1_zr1x_standard_raw:105-105,,WUB,WUB,"NEW!Exhaust, quad center exit",,1lz_r07=S; 3lz_r07=S; 1lz_r67=S; 3lz_r67=S,1lz_r07=standard; 3lz_r07=standard; 1lz_r67=standard; 3lz_r67=standard,opt_wub_001,,,,,,,,,,,,deferred,False,
zr1x,zr1_zr1x_standard_raw,zr1_zr1x_standard_raw:105-105,,WUB,WUB,"NEW!Exhaust, quad center exit",,1lz_s07=S; 3lz_s07=S; 1lz_s67=S; 3lz_s67=S,1lz_s07=standard; 3lz_s07=standard; 1lz_s67=standard; 3lz_s67=standard,opt_wub_001,,,,,,,,,,,,deferred,False,
zr1,zr1_zr1x_intextmec_raw,zr1_zr1x_intextmec_raw:444-444,,WUB,WUB,"NEW!Exhaust, quad center exit",,1lz_r07=S; 3lz_r07=S; 1lz_r67=S; 3lz_r67=S,1lz_r07=standard; 3lz_r07=standard; 1lz_r67=standard; 3lz_r67=standard,opt_wub_001,sec_exha_001,20,grand_sport:opt_wub_001,opt_wub_001,"NEW!Exhaust, quad center exit",,,sec_exha_001,False,20,,approved,True,
zr1x,zr1_zr1x_intextmec_raw,zr1_zr1x_intextmec_raw:444-444,,WUB,WUB,"NEW!Exhaust, quad center exit",,1lz_s07=S; 3lz_s07=S; 1lz_s67=S; 3lz_s67=S,1lz_s07=standard; 3lz_s07=standard; 1lz_s67=standard; 3lz_s67=standard,opt_wub_001,sec_exha_001,20,grand_sport:opt_wub_001,opt_wub_001,"NEW!Exhaust, quad center exit",,,sec_exha_001,False,20,,approved,True,
z06,z06_standard_raw,z06_standard_raw:112-112,,XFR,XFR,"Tires, 275/30ZR20 front and 345/25ZR21 rear, blackwall, high performance",,1lz_h07=S; 2lz_h07=S; 3lz_h07=S; 1lz_h67=S; 2lz_h67=S; 3lz_h67=S,1lz_h07=standard; 2lz_h07=standard; 3lz_h07=standard; 1lz_h67=standard; 2lz_h67=standard; 3lz_h67=standard,opt_xfr_001,,,,,,,,,,,,deferred,False,
z06,z06_intextmec_raw,z06_intextmec_raw:490-490,,XFR,XFR,"Tires, 275/30ZR20 front and 345/25ZR21 rear, blackwall, high performance",,1lz_h07=S; 2lz_h07=S; 3lz_h07=S; 1lz_h67=S; 2lz_h67=S; 3lz_h67=S,1lz_h07=standard; 2lz_h07=standard; 3lz_h07=standard; 1lz_h67=standard; 2lz_h67=standard; 3lz_h67=standard,opt_xfr_001,sec_incl_001,60,grand_sport:opt_xfr_001,opt_xfr_001,"Tires, 275/30ZR20 front and 345/25ZR21 rear, blackwall, high performance",,,sec_incl_001,False,60,,approved,True,
zr1,zr1_zr1x_standard_raw,zr1_zr1x_standard_raw:106-106,,XFR,XFR,"Tires, 275/30ZR20 front and 345/25ZR21 rear, blackwall, high performance",,1lz_r07=S; 3lz_r07=S; 1lz_r67=S; 3lz_r67=S,1lz_r07=standard; 3lz_r07=standard; 1lz_r67=standard; 3lz_r67=standard,opt_xfr_001,,,,,,,,,,,,deferred,False,
zr1x,zr1_zr1x_standard_raw,zr1_zr1x_standard_raw:106-106,,XFR,XFR,"Tires, 275/30ZR20 front and 345/25ZR21 rear, blackwall, high performance",,1lz_s07=S; 3lz_s07=S; 1lz_s67=S; 3lz_s67=S,1lz_s07=standard; 3lz_s07=standard; 1lz_s67=standard; 3lz_s67=standard,opt_xfr_001,,,,,,,,,,,,deferred,False,
zr1,zr1_zr1x_intextmec_raw,zr1_zr1x_intextmec_raw:391-391,,XFR,XFR,"Tires, 275/30ZR20 front and 345/25ZR21 rear, blackwall, high performance",,1lz_r07=S; 3lz_r07=S; 1lz_r67=S; 3lz_r67=S,1lz_r07=standard; 3lz_r07=standard; 1lz_r67=standard; 3lz_r67=standard,opt_xfr_001,sec_incl_001,60,grand_sport:opt_xfr_001,opt_xfr_001,"Tires, 275/30ZR20 front and 345/25ZR21 rear, blackwall, high performance",,,sec_incl_001,False,60,,approved,True,
zr1x,zr1_zr1x_intextmec_raw,zr1_zr1x_intextmec_raw:391-391,,XFR,XFR,"Tires, 275/30ZR20 front and 345/25ZR21 rear, blackwall, high performance",,1lz_s07=S; 3lz_s07=S; 1lz_s67=S; 3lz_s67=S,1lz_s07=standard; 3lz_s07=standard; 1lz_s67=standard; 3lz_s67=standard,opt_xfr_001,sec_incl_001,60,grand_sport:opt_xfr_001,opt_xfr_001,"Tires, 275/30ZR20 front and 345/25ZR21 rear, blackwall, high performance",,,sec_incl_001,False,60,,approved,True,
z06,z06_intextmec_raw,z06_intextmec_raw:491-494,,XFS,XFS,"Tires, 275/30ZR20 front and 345/25ZR21 rear, blackwall, Michelin Pilot Sport Cup 2 R ultra performance",Included and only available with (Z07) Z07 Performance Package.,1lz_h07=A1; 2lz_h07=A1; 3lz_h07=A1; 1lz_h67=A1; 2lz_h67=A1; 3lz_h67=A1,1lz_h07=available; 2lz_h07=available; 3lz_h07=available; 1lz_h67=available; 2lz_h67=available; 3lz_h67=available,opt_xfs_001,sec_incl_001,70,grand_sport:opt_xfs_001,opt_xfs_001,"Tires, 275/30ZR20 front and 345/25ZR21 rear, blackwall, Michelin Pilot Sport Cup 2 R ultra performance",,Included and only available with (Z07) Z07 Performance Package.,sec_incl_001,True,70,,approved,True,
zr1,zr1_zr1x_intextmec_raw,zr1_zr1x_intextmec_raw:392-395,,XFS,XFS,"Tires, 275/30ZR20 front and 345/25ZR21 rear, blackwall, Michelin Pilot Sport Cup 2 R ultra performance",Included and only available with (ZTK) ZTK Performance Package.,1lz_r07=A1; 3lz_r07=A1; 1lz_r67=A1; 3lz_r67=A1,1lz_r07=available; 3lz_r07=available; 1lz_r67=available; 3lz_r67=available,opt_xfs_001,sec_incl_001,70,grand_sport:opt_xfs_001,opt_xfs_001,"Tires, 275/30ZR20 front and 345/25ZR21 rear, blackwall, Michelin Pilot Sport Cup 2 R ultra performance",,Included and only available with (ZTK) ZTK Performance Package.,sec_incl_001,True,70,,approved,True,
zr1x,zr1_zr1x_intextmec_raw,zr1_zr1x_intextmec_raw:392-395,,XFS,XFS,"Tires, 275/30ZR20 front and 345/25ZR21 rear, blackwall, Michelin Pilot Sport Cup 2 R ultra performance",Included and only available with (ZTK) ZTK Performance Package.,1lz_s07=A1; 3lz_s07=A1; 1lz_s67=A1; 3lz_s67=A1,1lz_s07=available; 3lz_s07=available; 1lz_s67=available; 3lz_s67=available,opt_xfs_001,sec_incl_001,70,grand_sport:opt_xfs_001,opt_xfs_001,"Tires, 275/30ZR20 front and 345/25ZR21 rear, blackwall, Michelin Pilot Sport Cup 2 R ultra performance",,Included and only available with (ZTK) ZTK Performance Package.,sec_incl_001,True,70,,approved,True,
z06,z06_intextmec_raw,z06_intextmec_raw:596-599,Z07,,Z07,"Z07 Performance Package, includes (J57) 4-wheel antilock, 4-wheel disc, carbon ceramic brakes with (J6D) Dark Gray Metallic-painted calipers, (FE7) Z07 suspension with Magnetic Selective Ride Control and (XFS) 275/30ZR20 front and 345/25ZR21 rear Michelin Pilot Sport Cup 2 R ultra performance tires; (J6D) Dark Gray Metallic-painted calipers can be upgraded at additional cost to one of the following painted caliper colors: (J6B) Blue, (J6F) Bright Red, (J6N) Edge Red, (J6L) Orange, or (J6E) Velocity Yellow",Requires (CFZ) Carbon Flash-painted carbon fiber ground effects and (T0F) Carbon Flash-painted Carbon Fiber Aero Package or (CFV) visible carbon fiber ground effects and (T0G) Visible Carbon Fiber Aero Package. Included with (PDD/PDF) Z07 Aero and Wheel Package.,1lz_h07=A1; 2lz_h07=A1; 3lz_h07=A1; 1lz_h67=A1; 2lz_h67=A1; 3lz_h67=A1,1lz_h07=available; 2lz_h07=available; 3lz_h07=available; 1lz_h67=available; 2lz_h67=available; 3lz_h67=available,opt_z07_001,sec_perf_z52_001,10,,,,,,,,,,needs_section_review,False,
zr1,zr1_zr1x_intextmec_raw,zr1_zr1x_intextmec_raw:472-476,ZTK,,ZTK,"ZTK Track Performance Package, includes (FEJ/FEZ) ZTK suspension with Magnetic Selective Ride Control and (XFS) 275/30ZR20 front and 345/25ZR21 rear Michelin Pilot Sport Cup 2 R ultra performance tires","Also includes (J59) carbon ceramic, 10-piston front/6-piston rear brakes. Requires (TOM) ZR1 Carbon Fiber Aero Package.
Requires (TOM) ZR1X Carbon Fiber Aero Package.",1lz_r07=A1; 3lz_r07=A1; 1lz_r67=A1; 3lz_r67=A1,1lz_r07=available; 3lz_r07=available; 1lz_r67=available; 3lz_r67=available,opt_ztk_001,sec_perf_z52_001,10,,,,,,,,,,needs_section_review,False,
zr1x,zr1_zr1x_intextmec_raw,zr1_zr1x_intextmec_raw:472-476,ZTK,,ZTK,"ZTK Track Performance Package, includes (FEJ/FEZ) ZTK suspension with Magnetic Selective Ride Control and (XFS) 275/30ZR20 front and 345/25ZR21 rear Michelin Pilot Sport Cup 2 R ultra performance tires","Also includes (J59) carbon ceramic, 10-piston front/6-piston rear brakes. Requires (TOM) ZR1 Carbon Fiber Aero Package.
Requires (TOM) ZR1X Carbon Fiber Aero Package.",1lz_s07=A2; 3lz_s07=A2; 1lz_s67=A2; 3lz_s67=A2,1lz_s07=available; 3lz_s07=available; 1lz_s67=available; 3lz_s67=available,opt_ztk_001,sec_perf_z52_001,10,,,,,,,,,,needs_section_review,False,
z06,z06_intextmec_raw,z06_intextmec_raw:417-420,ZYC,,ZYC,"Carbon Flash Metallic-painted outside mirrors and spoiler (when equipped), includes (DRG) Carbon Flash Metallic-painted outside mirrors",Not available with exterior color (GBA) Black.,1lz_h07=A1; 2lz_h07=A1; 3lz_h07=A1; 1lz_h67=A1; 2lz_h67=A1; 3lz_h67=A1,1lz_h07=available; 2lz_h07=available; 3lz_h07=available; 1lz_h67=available; 2lz_h67=available; 3lz_h67=available,opt_zyc_001,sec_exte_001,30,grand_sport:opt_zyc_001,opt_zyc_001,"Carbon Flash Metallic-painted outside mirrors and spoiler (when equipped), includes (DRG) Carbon Flash Metallic-painted outside mirrors",,Not available with exterior color (GBA) Black.,sec_exte_001,True,30,,approved,True,
zr1,zr1_zr1x_intextmec_raw,zr1_zr1x_intextmec_raw:329-332,ZYC,,ZYC,"Carbon Flash Metallic-painted outside mirrors and spoiler (when equipped with T0E standard spoiler), includes (DRG) Carbon Flash Metallic-painted outside mirrors",Not available with exterior color (GBA) Black.,1lz_r07=A1; 3lz_r07=A1; 1lz_r67=A1; 3lz_r67=A1,1lz_r07=available; 3lz_r07=available; 1lz_r67=available; 3lz_r67=available,opt_zyc_001,sec_exte_001,30,grand_sport:opt_zyc_001,opt_zyc_001,"Carbon Flash Metallic-painted outside mirrors and spoiler (when equipped with T0E standard spoiler), includes (DRG) Carbon Flash Metallic-painted outside mirrors",,Not available with exterior color (GBA) Black.,sec_exte_001,True,30,,approved,True,
zr1x,zr1_zr1x_intextmec_raw,zr1_zr1x_intextmec_raw:329-332,ZYC,,ZYC,"Carbon Flash Metallic-painted outside mirrors and spoiler (when equipped with T0E standard spoiler), includes (DRG) Carbon Flash Metallic-painted outside mirrors",Not available with exterior color (GBA) Black.,1lz_s07=A1; 3lz_s07=A1; 1lz_s67=A1; 3lz_s67=A1,1lz_s07=available; 3lz_s07=available; 1lz_s67=available; 3lz_s67=available,opt_zyc_001,sec_exte_001,30,grand_sport:opt_zyc_001,opt_zyc_001,"Carbon Flash Metallic-painted outside mirrors and spoiler (when equipped with T0E standard spoiler), includes (DRG) Carbon Flash Metallic-painted outside mirrors",,Not available with exterior color (GBA) Black.,sec_exte_001,True,30,,approved,True,
z06,z06_standard_raw,z06_standard_raw:105-105,ZZ3,,ZZ3,"Convertible Engine Appearance Package, includes window under tonneau cover, engine intake and (SL9) engine specification plaque, LPO",,1lz_h07=--; 2lz_h07=--; 3lz_h07=--; 1lz_h67=A; 2lz_h67=A; 3lz_h67=A,1lz_h07=unavailable; 2lz_h07=unavailable; 3lz_h07=unavailable; 1lz_h67=available; 2lz_h67=available; 3lz_h67=available,opt_zz3_001,,,,,,,,,,,,deferred,False,
z06,z06_intextmec_raw,z06_intextmec_raw:558-558,ZZ3,,ZZ3,"Convertible Engine Appearance Package, includes window under tonneau cover, engine intake and (SL9) engine specification plaque, LPO",,1lz_h07=--; 2lz_h07=--; 3lz_h07=--; 1lz_h67=A; 2lz_h67=A; 3lz_h67=A,1lz_h07=unavailable; 2lz_h07=unavailable; 3lz_h07=unavailable; 1lz_h67=available; 2lz_h67=available; 3lz_h67=available,opt_zz3_001,sec_engi_001,5,grand_sport:opt_zz3_001,opt_zz3_001,"Convertible Engine Appearance Package, includes window under tonneau cover, engine intake and (SL9) engine specification plaque, LPO",,,sec_engi_001,True,5,,approved,True,
zr1,zr1_zr1x_standard_raw,zr1_zr1x_standard_raw:102-102,,ZZ3,ZZ3,"Convertible Engine Appearance Package, includes window under tonneau cover, engine intake and (SL9) engine specification plaque, LPO",,1lz_r07=--; 3lz_r07=--; 1lz_r67=S; 3lz_r67=S,1lz_r07=unavailable; 3lz_r07=unavailable; 1lz_r67=standard; 3lz_r67=standard,opt_zz3_001,,,,,,,,,,,,deferred,False,
zr1x,zr1_zr1x_standard_raw,zr1_zr1x_standard_raw:102-102,,ZZ3,ZZ3,"Convertible Engine Appearance Package, includes window under tonneau cover, engine intake and (SL9) engine specification plaque, LPO",,1lz_s07=--; 3lz_s07=--; 1lz_s67=S; 3lz_s67=S,1lz_s07=unavailable; 3lz_s07=unavailable; 1lz_s67=standard; 3lz_s67=standard,opt_zz3_001,,,,,,,,,,,,deferred,False,
zr1,zr1_zr1x_intextmec_raw,zr1_zr1x_intextmec_raw:441-441,,ZZ3,ZZ3,"Convertible Engine Appearance Package, includes window under tonneau cover, engine intake and (SL9) engine specification plaque, LPO",,1lz_r07=--; 3lz_r07=--; 1lz_r67=S; 3lz_r67=S,1lz_r07=unavailable; 3lz_r07=unavailable; 1lz_r67=standard; 3lz_r67=standard,opt_zz3_001,sec_engi_001,5,grand_sport:opt_zz3_001,opt_zz3_001,"Convertible Engine Appearance Package, includes window under tonneau cover, engine intake and (SL9) engine specification plaque, LPO",,,sec_engi_001,False,5,,approved,True,
zr1x,zr1_zr1x_intextmec_raw,zr1_zr1x_intextmec_raw:441-441,,ZZ3,ZZ3,"Convertible Engine Appearance Package, includes window under tonneau cover, engine intake and (SL9) engine specification plaque, LPO",,1lz_s07=--; 3lz_s07=--; 1lz_s67=S; 3lz_s67=S,1lz_s07=unavailable; 3lz_s07=unavailable; 1lz_s67=standard; 3lz_s67=standard,opt_zz3_001,sec_engi_001,5,grand_sport:opt_zz3_001,opt_zz3_001,"Convertible Engine Appearance Package, includes window under tonneau cover, engine intake and (SL9) engine specification plaque, LPO",,,sec_engi_001,False,5,,approved,True,