model_key,sheet,excel_row_before_delete,rule_id,source_id,rule_type,target_id,generation_action,normalization_status,runtime_action,skip_reason,action,raw_row_json
stingray,rule_mapping,33,rule_opt_5v7_001_requires_opt_5zu_001,opt_5v7_001,requires,opt_5zu_001,omit_grouped_requirement,omitted,,runtime_authored_rule_false,delete,"{""body_style_scope"": """", ""disabled_reason"": """", ""generation_action"": ""omit_grouped_requirement"", ""normalization_status"": ""omitted"", ""original_detail_raw"": ""1. Requires 5ZU, 5ZW or 5ZZ. Not available with STI, TVS, Z51. 2. Requires 5ZU, 5ZW or 5ZZ. Not available with 5VM, 5W8, STI, TVS, Z51."", ""rule_id"": ""rule_opt_5v7_001_requires_opt_5zu_001"", ""rule_type"": ""requires"", ""runtime_action"": """", ""source_id"": ""opt_5v7_001"", ""source_section"": ""sec_lpoe_001"", ""source_selection_mode"": ""multi_select_opt"", ""source_type"": ""main"", ""target_id"": ""opt_5zu_001"", ""target_section"": ""sec_spoi_001"", ""target_selection_mode"": ""single_select_opt"", ""target_type"": ""main""}"
stingray,rule_mapping,34,rule_opt_5v7_001_requires_opt_5zw_001,opt_5v7_001,requires,opt_5zw_001,omit_grouped_requirement,omitted,,runtime_authored_rule_false,delete,"{""body_style_scope"": """", ""disabled_reason"": """", ""generation_action"": ""omit_grouped_requirement"", ""normalization_status"": ""omitted"", ""original_detail_raw"": ""1. Requires 5ZU, 5ZW or 5ZZ. Not available with STI, TVS, Z51. 2. Requires 5ZU, 5ZW or 5ZZ. Not available with 5VM, 5W8, STI, TVS, Z51."", ""rule_id"": ""rule_opt_5v7_001_requires_opt_5zw_001"", ""rule_type"": ""requires"", ""runtime_action"": """", ""source_id"": ""opt_5v7_001"", ""source_section"": ""sec_lpoe_001"", ""source_selection_mode"": ""multi_select_opt"", ""source_type"": ""main"", ""target_id"": ""opt_5zw_001"", ""target_section"": ""sec_spoi_001"", ""target_selection_mode"": ""single_select_opt"", ""target_type"": ""main""}"
stingray,rule_mapping,35,rule_opt_5v7_001_requires_opt_5zz_001,opt_5v7_001,requires,opt_5zz_001,omit_grouped_requirement,omitted,,runtime_authored_rule_false,delete,"{""body_style_scope"": """", ""disabled_reason"": """", ""generation_action"": ""omit_grouped_requirement"", ""normalization_status"": ""omitted"", ""original_detail_raw"": ""1. Requires 5ZU, 5ZW or 5ZZ. Not available with STI, TVS, Z51. 2. Requires 5ZU, 5ZW or 5ZZ. Not available with 5VM, 5W8, STI, TVS, Z51."", ""rule_id"": ""rule_opt_5v7_001_requires_opt_5zz_001"", ""rule_type"": ""requires"", ""runtime_action"": """", ""source_id"": ""opt_5v7_001"", ""source_section"": ""sec_lpoe_001"", ""source_selection_mode"": ""multi_select_opt"", ""source_type"": ""main"", ""target_id"": ""opt_5zz_001"", ""target_section"": ""sec_spoi_001"", ""target_selection_mode"": ""single_select_opt"", ""target_type"": ""main""}"
stingray,rule_mapping,55,rule_opt_5zu_001_requires_opt_g8g_001,opt_5zu_001,requires,opt_g8g_001,omit_grouped_requirement,omitted,,runtime_authored_rule_false,delete,"{""body_style_scope"": """", ""disabled_reason"": """", ""generation_action"": ""omit_grouped_requirement"", ""normalization_status"": ""omitted"", ""original_detail_raw"": ""1. Requires exterior color (G8G) Arctic White, (GBA) Black or (GKZ) Torch Red. Not available with 5ZW, 5ZZ, TVS. Deletes (T0A) Z51 rear spoiler when ordered with (Z51) Z51 Performance Package."", ""rule_id"": ""rule_opt_5zu_001_requires_opt_g8g_001"", ""rule_type"": ""requires"", ""runtime_action"": """", ""source_id"": ""opt_5zu_001"", ""source_section"": ""sec_spoi_001"", ""source_selection_mode"": ""single_select_opt"", ""source_type"": ""main"", ""target_id"": ""opt_g8g_001"", ""target_section"": ""sec_pain_001"", ""target_selection_mode"": ""single_select_req"", ""target_type"": ""main""}"
stingray,rule_mapping,56,rule_opt_5zu_001_requires_opt_gba_001,opt_5zu_001,requires,opt_gba_001,omit_grouped_requirement,omitted,,runtime_authored_rule_false,delete,"{""body_style_scope"": """", ""disabled_reason"": """", ""generation_action"": ""omit_grouped_requirement"", ""normalization_status"": ""omitted"", ""original_detail_raw"": ""1. Requires exterior color (G8G) Arctic White, (GBA) Black or (GKZ) Torch Red. Not available with 5ZW, 5ZZ, TVS. Deletes (T0A) Z51 rear spoiler when ordered with (Z51) Z51 Performance Package."", ""rule_id"": ""rule_opt_5zu_001_requires_opt_gba_001"", ""rule_type"": ""requires"", ""runtime_action"": """", ""source_id"": ""opt_5zu_001"", ""source_section"": ""sec_spoi_001"", ""source_selection_mode"": ""single_select_opt"", ""source_type"": ""main"", ""target_id"": ""opt_gba_001"", ""target_section"": ""sec_pain_001"", ""target_selection_mode"": ""single_select_req"", ""target_type"": ""main""}"
stingray,rule_mapping,57,rule_opt_5zu_001_requires_opt_gkz_001,opt_5zu_001,requires,opt_gkz_001,omit_grouped_requirement,omitted,,runtime_authored_rule_false,delete,"{""body_style_scope"": """", ""disabled_reason"": """", ""generation_action"": ""omit_grouped_requirement"", ""normalization_status"": ""omitted"", ""original_detail_raw"": ""1. Requires exterior color (G8G) Arctic White, (GBA) Black or (GKZ) Torch Red. Not available with 5ZW, 5ZZ, TVS. Deletes (T0A) Z51 rear spoiler when ordered with (Z51) Z51 Performance Package."", ""rule_id"": ""rule_opt_5zu_001_requires_opt_gkz_001"", ""rule_type"": ""requires"", ""runtime_action"": """", ""source_id"": ""opt_5zu_001"", ""source_section"": ""sec_spoi_001"", ""source_selection_mode"": ""single_select_opt"", ""source_type"": ""main"", ""target_id"": ""opt_gkz_001"", ""target_section"": ""sec_pain_001"", ""target_selection_mode"": ""single_select_req"", ""target_type"": ""main""}"
stingray,rule_mapping,69,rule_opt_cf8_001_excludes_opt_dpb_001,opt_cf8_001,excludes,opt_dpb_001,omit_grouped_exclusion,omitted,,runtime_authored_rule_false,delete,"{""body_style_scope"": """", ""disabled_reason"": """", ""generation_action"": ""omit_grouped_exclusion"", ""normalization_status"": ""omitted"", ""original_detail_raw"": ""1. Not available at start of production. Not available with any Full Length Dual Racing Stripes (DPB, DPC, DPG, DPL, DPT, DSY, DSZ, DT0, DTB, DTH, DUB, DUE, DUK, DUW)."", ""rule_id"": ""rule_opt_cf8_001_excludes_opt_dpb_001"", ""rule_type"": ""excludes"", ""runtime_action"": """", ""source_id"": ""opt_cf8_001"", ""source_section"": ""sec_roof_001"", ""source_selection_mode"": ""single_select_req"", ""source_type"": ""main"", ""target_id"": ""opt_dpb_001"", ""target_section"": ""sec_stri_001"", ""target_selection_mode"": ""single_select_opt"", ""target_type"": ""main""}"
stingray,rule_mapping,70,rule_opt_cf8_001_excludes_opt_dpc_001,opt_cf8_001,excludes,opt_dpc_001,omit_grouped_exclusion,omitted,,runtime_authored_rule_false,delete,"{""body_style_scope"": """", ""disabled_reason"": """", ""generation_action"": ""omit_grouped_exclusion"", ""normalization_status"": ""omitted"", ""original_detail_raw"": ""1. Not available at start of production. Not available with any Full Length Dual Racing Stripes (DPB, DPC, DPG, DPL, DPT, DSY, DSZ, DT0, DTB, DTH, DUB, DUE, DUK, DUW)."", ""rule_id"": ""rule_opt_cf8_001_excludes_opt_dpc_001"", ""rule_type"": ""excludes"", ""runtime_action"": """", ""source_id"": ""opt_cf8_001"", ""source_section"": ""sec_roof_001"", ""source_selection_mode"": ""single_select_req"", ""source_type"": ""main"", ""target_id"": ""opt_dpc_001"", ""target_section"": ""sec_stri_001"", ""target_selection_mode"": ""single_select_opt"", ""target_type"": ""main""}"
stingray,rule_mapping,71,rule_opt_cf8_001_excludes_opt_dpg_001,opt_cf8_001,excludes,opt_dpg_001,omit_grouped_exclusion,omitted,,runtime_authored_rule_false,delete,"{""body_style_scope"": """", ""disabled_reason"": """", ""generation_action"": ""omit_grouped_exclusion"", ""normalization_status"": ""omitted"", ""original_detail_raw"": ""1. Not available at start of production. Not available with any Full Length Dual Racing Stripes (DPB, DPC, DPG, DPL, DPT, DSY, DSZ, DT0, DTB, DTH, DUB, DUE, DUK, DUW)."", ""rule_id"": ""rule_opt_cf8_001_excludes_opt_dpg_001"", ""rule_type"": ""excludes"", ""runtime_action"": """", ""source_id"": ""opt_cf8_001"", ""source_section"": ""sec_roof_001"", ""source_selection_mode"": ""single_select_req"", ""source_type"": ""main"", ""target_id"": ""opt_dpg_001"", ""target_section"": ""sec_stri_001"", ""target_selection_mode"": ""single_select_opt"", ""target_type"": ""main""}"
stingray,rule_mapping,72,rule_opt_cf8_001_excludes_opt_dpl_001,opt_cf8_001,excludes,opt_dpl_001,omit_grouped_exclusion,omitted,,runtime_authored_rule_false,delete,"{""body_style_scope"": """", ""disabled_reason"": """", ""generation_action"": ""omit_grouped_exclusion"", ""normalization_status"": ""omitted"", ""original_detail_raw"": ""1. Not available at start of production. Not available with any Full Length Dual Racing Stripes (DPB, DPC, DPG, DPL, DPT, DSY, DSZ, DT0, DTB, DTH, DUB, DUE, DUK, DUW)."", ""rule_id"": ""rule_opt_cf8_001_excludes_opt_dpl_001"", ""rule_type"": ""excludes"", ""runtime_action"": """", ""source_id"": ""opt_cf8_001"", ""source_section"": ""sec_roof_001"", ""source_selection_mode"": ""single_select_req"", ""source_type"": ""main"", ""target_id"": ""opt_dpl_001"", ""target_section"": ""sec_stri_001"", ""target_selection_mode"": ""single_select_opt"", ""target_type"": ""main""}"
stingray,rule_mapping,73,rule_opt_cf8_001_excludes_opt_dpt_001,opt_cf8_001,excludes,opt_dpt_001,omit_grouped_exclusion,omitted,,runtime_authored_rule_false,delete,"{""body_style_scope"": """", ""disabled_reason"": """", ""generation_action"": ""omit_grouped_exclusion"", ""normalization_status"": ""omitted"", ""original_detail_raw"": ""1. Not available at start of production. Not available with any Full Length Dual Racing Stripes (DPB, DPC, DPG, DPL, DPT, DSY, DSZ, DT0, DTB, DTH, DUB, DUE, DUK, DUW)."", ""rule_id"": ""rule_opt_cf8_001_excludes_opt_dpt_001"", ""rule_type"": ""excludes"", ""runtime_action"": """", ""source_id"": ""opt_cf8_001"", ""source_section"": ""sec_roof_001"", ""source_selection_mode"": ""single_select_req"", ""source_type"": ""main"", ""target_id"": ""opt_dpt_001"", ""target_section"": ""sec_stri_001"", ""target_selection_mode"": ""single_select_opt"", ""target_type"": ""main""}"
stingray,rule_mapping,74,rule_opt_cf8_001_excludes_opt_dsy_001,opt_cf8_001,excludes,opt_dsy_001,omit_grouped_exclusion,omitted,,runtime_authored_rule_false,delete,"{""body_style_scope"": """", ""disabled_reason"": """", ""generation_action"": ""omit_grouped_exclusion"", ""normalization_status"": ""omitted"", ""original_detail_raw"": ""1. Not available at start of production. Not available with any Full Length Dual Racing Stripes (DPB, DPC, DPG, DPL, DPT, DSY, DSZ, DT0, DTB, DTH, DUB, DUE, DUK, DUW)."", ""rule_id"": ""rule_opt_cf8_001_excludes_opt_dsy_001"", ""rule_type"": ""excludes"", ""runtime_action"": """", ""source_id"": ""opt_cf8_001"", ""source_section"": ""sec_roof_001"", ""source_selection_mode"": ""single_select_req"", ""source_type"": ""main"", ""target_id"": ""opt_dsy_001"", ""target_section"": ""sec_stri_001"", ""target_selection_mode"": ""single_select_opt"", ""target_type"": ""main""}"
stingray,rule_mapping,75,rule_opt_cf8_001_excludes_opt_dsz_001,opt_cf8_001,excludes,opt_dsz_001,omit_grouped_exclusion,omitted,,runtime_authored_rule_false,delete,"{""body_style_scope"": """", ""disabled_reason"": """", ""generation_action"": ""omit_grouped_exclusion"", ""normalization_status"": ""omitted"", ""original_detail_raw"": ""1. Not available at start of production. Not available with any Full Length Dual Racing Stripes (DPB, DPC, DPG, DPL, DPT, DSY, DSZ, DT0, DTB, DTH, DUB, DUE, DUK, DUW)."", ""rule_id"": ""rule_opt_cf8_001_excludes_opt_dsz_001"", ""rule_type"": ""excludes"", ""runtime_action"": """", ""source_id"": ""opt_cf8_001"", ""source_section"": ""sec_roof_001"", ""source_selection_mode"": ""single_select_req"", ""source_type"": ""main"", ""target_id"": ""opt_dsz_001"", ""target_section"": ""sec_stri_001"", ""target_selection_mode"": ""single_select_opt"", ""target_type"": ""main""}"
stingray,rule_mapping,76,rule_opt_cf8_001_excludes_opt_dt0_001,opt_cf8_001,excludes,opt_dt0_001,omit_grouped_exclusion,omitted,,runtime_authored_rule_false,delete,"{""body_style_scope"": """", ""disabled_reason"": """", ""generation_action"": ""omit_grouped_exclusion"", ""normalization_status"": ""omitted"", ""original_detail_raw"": ""1. Not available at start of production. Not available with any Full Length Dual Racing Stripes (DPB, DPC, DPG, DPL, DPT, DSY, DSZ, DT0, DTB, DTH, DUB, DUE, DUK, DUW)."", ""rule_id"": ""rule_opt_cf8_001_excludes_opt_dt0_001"", ""rule_type"": ""excludes"", ""runtime_action"": """", ""source_id"": ""opt_cf8_001"", ""source_section"": ""sec_roof_001"", ""source_selection_mode"": ""single_select_req"", ""source_type"": ""main"", ""target_id"": ""opt_dt0_001"", ""target_section"": ""sec_stri_001"", ""target_selection_mode"": ""single_select_opt"", ""target_type"": ""main""}"
stingray,rule_mapping,77,rule_opt_cf8_001_excludes_opt_dth_001,opt_cf8_001,excludes,opt_dth_001,omit_grouped_exclusion,omitted,,runtime_authored_rule_false,delete,"{""body_style_scope"": """", ""disabled_reason"": """", ""generation_action"": ""omit_grouped_exclusion"", ""normalization_status"": ""omitted"", ""original_detail_raw"": ""1. Not available at start of production. Not available with any Full Length Dual Racing Stripes (DPB, DPC, DPG, DPL, DPT, DSY, DSZ, DT0, DTB, DTH, DUB, DUE, DUK, DUW)."", ""rule_id"": ""rule_opt_cf8_001_excludes_opt_dth_001"", ""rule_type"": ""excludes"", ""runtime_action"": """", ""source_id"": ""opt_cf8_001"", ""source_section"": ""sec_roof_001"", ""source_selection_mode"": ""single_select_req"", ""source_type"": ""main"", ""target_id"": ""opt_dth_001"", ""target_section"": ""sec_stri_001"", ""target_selection_mode"": ""single_select_opt"", ""target_type"": ""main""}"
stingray,rule_mapping,78,rule_opt_cf8_001_excludes_opt_dub_001,opt_cf8_001,excludes,opt_dub_001,omit_grouped_exclusion,omitted,,runtime_authored_rule_false,delete,"{""body_style_scope"": """", ""disabled_reason"": """", ""generation_action"": ""omit_grouped_exclusion"", ""normalization_status"": ""omitted"", ""original_detail_raw"": ""1. Not available at start of production. Not available with any Full Length Dual Racing Stripes (DPB, DPC, DPG, DPL, DPT, DSY, DSZ, DT0, DTB, DTH, DUB, DUE, DUK, DUW)."", ""rule_id"": ""rule_opt_cf8_001_excludes_opt_dub_001"", ""rule_type"": ""excludes"", ""runtime_action"": """", ""source_id"": ""opt_cf8_001"", ""source_section"": ""sec_roof_001"", ""source_selection_mode"": ""single_select_req"", ""source_type"": ""main"", ""target_id"": ""opt_dub_001"", ""target_section"": ""sec_stri_001"", ""target_selection_mode"": ""single_select_opt"", ""target_type"": ""main""}"
stingray,rule_mapping,79,rule_opt_cf8_001_excludes_opt_due_001,opt_cf8_001,excludes,opt_due_001,omit_grouped_exclusion,omitted,,runtime_authored_rule_false,delete,"{""body_style_scope"": """", ""disabled_reason"": """", ""generation_action"": ""omit_grouped_exclusion"", ""normalization_status"": ""omitted"", ""original_detail_raw"": ""1. Not available at start of production. Not available with any Full Length Dual Racing Stripes (DPB, DPC, DPG, DPL, DPT, DSY, DSZ, DT0, DTB, DTH, DUB, DUE, DUK, DUW)."", ""rule_id"": ""rule_opt_cf8_001_excludes_opt_due_001"", ""rule_type"": ""excludes"", ""runtime_action"": """", ""source_id"": ""opt_cf8_001"", ""source_section"": ""sec_roof_001"", ""source_selection_mode"": ""single_select_req"", ""source_type"": ""main"", ""target_id"": ""opt_due_001"", ""target_section"": ""sec_stri_001"", ""target_selection_mode"": ""single_select_opt"", ""target_type"": ""main""}"
stingray,rule_mapping,80,rule_opt_cf8_001_excludes_opt_duk_001,opt_cf8_001,excludes,opt_duk_001,omit_grouped_exclusion,omitted,,runtime_authored_rule_false,delete,"{""body_style_scope"": """", ""disabled_reason"": """", ""generation_action"": ""omit_grouped_exclusion"", ""normalization_status"": ""omitted"", ""original_detail_raw"": ""1. Not available at start of production. Not available with any Full Length Dual Racing Stripes (DPB, DPC, DPG, DPL, DPT, DSY, DSZ, DT0, DTB, DTH, DUB, DUE, DUK, DUW)."", ""rule_id"": ""rule_opt_cf8_001_excludes_opt_duk_001"", ""rule_type"": ""excludes"", ""runtime_action"": """", ""source_id"": ""opt_cf8_001"", ""source_section"": ""sec_roof_001"", ""source_selection_mode"": ""single_select_req"", ""source_type"": ""main"", ""target_id"": ""opt_duk_001"", ""target_section"": ""sec_stri_001"", ""target_selection_mode"": ""single_select_opt"", ""target_type"": ""main""}"
stingray,rule_mapping,81,rule_opt_cf8_001_excludes_opt_duw_001,opt_cf8_001,excludes,opt_duw_001,omit_grouped_exclusion,omitted,,runtime_authored_rule_false,delete,"{""body_style_scope"": """", ""disabled_reason"": """", ""generation_action"": ""omit_grouped_exclusion"", ""normalization_status"": ""omitted"", ""original_detail_raw"": ""1. Not available at start of production. Not available with any Full Length Dual Racing Stripes (DPB, DPC, DPG, DPL, DPT, DSY, DSZ, DT0, DTB, DTH, DUB, DUE, DUK, DUW)."", ""rule_id"": ""rule_opt_cf8_001_excludes_opt_duw_001"", ""rule_type"": ""excludes"", ""runtime_action"": """", ""source_id"": ""opt_cf8_001"", ""source_section"": ""sec_roof_001"", ""source_selection_mode"": ""single_select_req"", ""source_type"": ""main"", ""target_id"": ""opt_duw_001"", ""target_section"": ""sec_stri_001"", ""target_selection_mode"": ""single_select_opt"", ""target_type"": ""main""}"
stingray,rule_mapping,112,rule_opt_pcx_001_excludes_opt_dpb_001,opt_pcx_001,excludes,opt_dpb_001,omit_grouped_exclusion,omitted,,runtime_authored_rule_false,delete,"{""body_style_scope"": """", ""disabled_reason"": """", ""generation_action"": ""omit_grouped_exclusion"", ""normalization_status"": ""omitted"", ""original_detail_raw"": ""includes (5DG) 19\"" front/20\"" rear 20-spoke Tech Bronze aluminum wheels LPO, (SFZ) Dark Stealth crossed flags emblem LPO, (SHT) Jake hood graphic with Tech Bronze accent LPO and (SNG) Carbon Flash Metallic with Tech Bronze accent fender hash stripes LPO, Genuine Corvette Accessories 1. Not available with R8C, SPZ, SFE, SPY, S47, EYK, PDV, SB7 or RPO stripes (DPB, DPC, DPG, DPL, DPT, DSY, DSZ, DT0, DTB, DTH, DUB, DUE, DUK, DUW, DZU, DZV, DZX)."", ""rule_id"": ""rule_opt_pcx_001_excludes_opt_dpb_001"", ""rule_type"": ""excludes"", ""runtime_action"": """", ""source_id"": ""opt_pcx_001"", ""source_section"": ""sec_lpoe_001"", ""source_selection_mode"": ""multi_select_opt"", ""source_type"": ""main"", ""target_id"": ""opt_dpb_001"", ""target_section"": ""sec_stri_001"", ""target_selection_mode"": ""single_select_opt"", ""target_type"": ""main""}"
stingray,rule_mapping,113,rule_opt_pcx_001_excludes_opt_dpc_001,opt_pcx_001,excludes,opt_dpc_001,omit_grouped_exclusion,omitted,,runtime_authored_rule_false,delete,"{""body_style_scope"": """", ""disabled_reason"": """", ""generation_action"": ""omit_grouped_exclusion"", ""normalization_status"": ""omitted"", ""original_detail_raw"": ""includes (5DG) 19\"" front/20\"" rear 20-spoke Tech Bronze aluminum wheels LPO, (SFZ) Dark Stealth crossed flags emblem LPO, (SHT) Jake hood graphic with Tech Bronze accent LPO and (SNG) Carbon Flash Metallic with Tech Bronze accent fender hash stripes LPO, Genuine Corvette Accessories 1. Not available with R8C, SPZ, SFE, SPY, S47, EYK, PDV, SB7 or RPO stripes (DPB, DPC, DPG, DPL, DPT, DSY, DSZ, DT0, DTB, DTH, DUB, DUE, DUK, DUW, DZU, DZV, DZX)."", ""rule_id"": ""rule_opt_pcx_001_excludes_opt_dpc_001"", ""rule_type"": ""excludes"", ""runtime_action"": """", ""source_id"": ""opt_pcx_001"", ""source_section"": ""sec_lpoe_001"", ""source_selection_mode"": ""multi_select_opt"", ""source_type"": ""main"", ""target_id"": ""opt_dpc_001"", ""target_section"": ""sec_stri_001"", ""target_selection_mode"": ""single_select_opt"", ""target_type"": ""main""}"
stingray,rule_mapping,114,rule_opt_pcx_001_excludes_opt_dpg_001,opt_pcx_001,excludes,opt_dpg_001,omit_grouped_exclusion,omitted,,runtime_authored_rule_false,delete,"{""body_style_scope"": """", ""disabled_reason"": """", ""generation_action"": ""omit_grouped_exclusion"", ""normalization_status"": ""omitted"", ""original_detail_raw"": ""includes (5DG) 19\"" front/20\"" rear 20-spoke Tech Bronze aluminum wheels LPO, (SFZ) Dark Stealth crossed flags emblem LPO, (SHT) Jake hood graphic with Tech Bronze accent LPO and (SNG) Carbon Flash Metallic with Tech Bronze accent fender hash stripes LPO, Genuine Corvette Accessories 1. Not available with R8C, SPZ, SFE, SPY, S47, EYK, PDV, SB7 or RPO stripes (DPB, DPC, DPG, DPL, DPT, DSY, DSZ, DT0, DTB, DTH, DUB, DUE, DUK, DUW, DZU, DZV, DZX)."", ""rule_id"": ""rule_opt_pcx_001_excludes_opt_dpg_001"", ""rule_type"": ""excludes"", ""runtime_action"": """", ""source_id"": ""opt_pcx_001"", ""source_section"": ""sec_lpoe_001"", ""source_selection_mode"": ""multi_select_opt"", ""source_type"": ""main"", ""target_id"": ""opt_dpg_001"", ""target_section"": ""sec_stri_001"", ""target_selection_mode"": ""single_select_opt"", ""target_type"": ""main""}"
stingray,rule_mapping,115,rule_opt_pcx_001_excludes_opt_dpl_001,opt_pcx_001,excludes,opt_dpl_001,omit_grouped_exclusion,omitted,,runtime_authored_rule_false,delete,"{""body_style_scope"": """", ""disabled_reason"": """", ""generation_action"": ""omit_grouped_exclusion"", ""normalization_status"": ""omitted"", ""original_detail_raw"": ""includes (5DG) 19\"" front/20\"" rear 20-spoke Tech Bronze aluminum wheels LPO, (SFZ) Dark Stealth crossed flags emblem LPO, (SHT) Jake hood graphic with Tech Bronze accent LPO and (SNG) Carbon Flash Metallic with Tech Bronze accent fender hash stripes LPO, Genuine Corvette Accessories 1. Not available with R8C, SPZ, SFE, SPY, S47, EYK, PDV, SB7 or RPO stripes (DPB, DPC, DPG, DPL, DPT, DSY, DSZ, DT0, DTB, DTH, DUB, DUE, DUK, DUW, DZU, DZV, DZX)."", ""rule_id"": ""rule_opt_pcx_001_excludes_opt_dpl_001"", ""rule_type"": ""excludes"", ""runtime_action"": """", ""source_id"": ""opt_pcx_001"", ""source_section"": ""sec_lpoe_001"", ""source_selection_mode"": ""multi_select_opt"", ""source_type"": ""main"", ""target_id"": ""opt_dpl_001"", ""target_section"": ""sec_stri_001"", ""target_selection_mode"": ""single_select_opt"", ""target_type"": ""main""}"
stingray,rule_mapping,116,rule_opt_pcx_001_excludes_opt_dpt_001,opt_pcx_001,excludes,opt_dpt_001,omit_grouped_exclusion,omitted,,runtime_authored_rule_false,delete,"{""body_style_scope"": """", ""disabled_reason"": """", ""generation_action"": ""omit_grouped_exclusion"", ""normalization_status"": ""omitted"", ""original_detail_raw"": ""includes (5DG) 19\"" front/20\"" rear 20-spoke Tech Bronze aluminum wheels LPO, (SFZ) Dark Stealth crossed flags emblem LPO, (SHT) Jake hood graphic with Tech Bronze accent LPO and (SNG) Carbon Flash Metallic with Tech Bronze accent fender hash stripes LPO, Genuine Corvette Accessories 1. Not available with R8C, SPZ, SFE, SPY, S47, EYK, PDV, SB7 or RPO stripes (DPB, DPC, DPG, DPL, DPT, DSY, DSZ, DT0, DTB, DTH, DUB, DUE, DUK, DUW, DZU, DZV, DZX)."", ""rule_id"": ""rule_opt_pcx_001_excludes_opt_dpt_001"", ""rule_type"": ""excludes"", ""runtime_action"": """", ""source_id"": ""opt_pcx_001"", ""source_section"": ""sec_lpoe_001"", ""source_selection_mode"": ""multi_select_opt"", ""source_type"": ""main"", ""target_id"": ""opt_dpt_001"", ""target_section"": ""sec_stri_001"", ""target_selection_mode"": ""single_select_opt"", ""target_type"": ""main""}"
stingray,rule_mapping,117,rule_opt_pcx_001_excludes_opt_dsy_001,opt_pcx_001,excludes,opt_dsy_001,omit_grouped_exclusion,omitted,,runtime_authored_rule_false,delete,"{""body_style_scope"": """", ""disabled_reason"": """", ""generation_action"": ""omit_grouped_exclusion"", ""normalization_status"": ""omitted"", ""original_detail_raw"": ""includes (5DG) 19\"" front/20\"" rear 20-spoke Tech Bronze aluminum wheels LPO, (SFZ) Dark Stealth crossed flags emblem LPO, (SHT) Jake hood graphic with Tech Bronze accent LPO and (SNG) Carbon Flash Metallic with Tech Bronze accent fender hash stripes LPO, Genuine Corvette Accessories 1. Not available with R8C, SPZ, SFE, SPY, S47, EYK, PDV, SB7 or RPO stripes (DPB, DPC, DPG, DPL, DPT, DSY, DSZ, DT0, DTB, DTH, DUB, DUE, DUK, DUW, DZU, DZV, DZX)."", ""rule_id"": ""rule_opt_pcx_001_excludes_opt_dsy_001"", ""rule_type"": ""excludes"", ""runtime_action"": """", ""source_id"": ""opt_pcx_001"", ""source_section"": ""sec_lpoe_001"", ""source_selection_mode"": ""multi_select_opt"", ""source_type"": ""main"", ""target_id"": ""opt_dsy_001"", ""target_section"": ""sec_stri_001"", ""target_selection_mode"": ""single_select_opt"", ""target_type"": ""main""}"
stingray,rule_mapping,118,rule_opt_pcx_001_excludes_opt_dsz_001,opt_pcx_001,excludes,opt_dsz_001,omit_grouped_exclusion,omitted,,runtime_authored_rule_false,delete,"{""body_style_scope"": """", ""disabled_reason"": """", ""generation_action"": ""omit_grouped_exclusion"", ""normalization_status"": ""omitted"", ""original_detail_raw"": ""includes (5DG) 19\"" front/20\"" rear 20-spoke Tech Bronze aluminum wheels LPO, (SFZ) Dark Stealth crossed flags emblem LPO, (SHT) Jake hood graphic with Tech Bronze accent LPO and (SNG) Carbon Flash Metallic with Tech Bronze accent fender hash stripes LPO, Genuine Corvette Accessories 1. Not available with R8C, SPZ, SFE, SPY, S47, EYK, PDV, SB7 or RPO stripes (DPB, DPC, DPG, DPL, DPT, DSY, DSZ, DT0, DTB, DTH, DUB, DUE, DUK, DUW, DZU, DZV, DZX)."", ""rule_id"": ""rule_opt_pcx_001_excludes_opt_dsz_001"", ""rule_type"": ""excludes"", ""runtime_action"": """", ""source_id"": ""opt_pcx_001"", ""source_section"": ""sec_lpoe_001"", ""source_selection_mode"": ""multi_select_opt"", ""source_type"": ""main"", ""target_id"": ""opt_dsz_001"", ""target_section"": ""sec_stri_001"", ""target_selection_mode"": ""single_select_opt"", ""target_type"": ""main""}"
stingray,rule_mapping,119,rule_opt_pcx_001_excludes_opt_dt0_001,opt_pcx_001,excludes,opt_dt0_001,omit_grouped_exclusion,omitted,,runtime_authored_rule_false,delete,"{""body_style_scope"": """", ""disabled_reason"": """", ""generation_action"": ""omit_grouped_exclusion"", ""normalization_status"": ""omitted"", ""original_detail_raw"": ""includes (5DG) 19\"" front/20\"" rear 20-spoke Tech Bronze aluminum wheels LPO, (SFZ) Dark Stealth crossed flags emblem LPO, (SHT) Jake hood graphic with Tech Bronze accent LPO and (SNG) Carbon Flash Metallic with Tech Bronze accent fender hash stripes LPO, Genuine Corvette Accessories 1. Not available with R8C, SPZ, SFE, SPY, S47, EYK, PDV, SB7 or RPO stripes (DPB, DPC, DPG, DPL, DPT, DSY, DSZ, DT0, DTB, DTH, DUB, DUE, DUK, DUW, DZU, DZV, DZX)."", ""rule_id"": ""rule_opt_pcx_001_excludes_opt_dt0_001"", ""rule_type"": ""excludes"", ""runtime_action"": """", ""source_id"": ""opt_pcx_001"", ""source_section"": ""sec_lpoe_001"", ""source_selection_mode"": ""multi_select_opt"", ""source_type"": ""main"", ""target_id"": ""opt_dt0_001"", ""target_section"": ""sec_stri_001"", ""target_selection_mode"": ""single_select_opt"", ""target_type"": ""main""}"
stingray,rule_mapping,120,rule_opt_pcx_001_excludes_opt_dth_001,opt_pcx_001,excludes,opt_dth_001,omit_grouped_exclusion,omitted,,runtime_authored_rule_false,delete,"{""body_style_scope"": """", ""disabled_reason"": """", ""generation_action"": ""omit_grouped_exclusion"", ""normalization_status"": ""omitted"", ""original_detail_raw"": ""includes (5DG) 19\"" front/20\"" rear 20-spoke Tech Bronze aluminum wheels LPO, (SFZ) Dark Stealth crossed flags emblem LPO, (SHT) Jake hood graphic with Tech Bronze accent LPO and (SNG) Carbon Flash Metallic with Tech Bronze accent fender hash stripes LPO, Genuine Corvette Accessories 1. Not available with R8C, SPZ, SFE, SPY, S47, EYK, PDV, SB7 or RPO stripes (DPB, DPC, DPG, DPL, DPT, DSY, DSZ, DT0, DTB, DTH, DUB, DUE, DUK, DUW, DZU, DZV, DZX)."", ""rule_id"": ""rule_opt_pcx_001_excludes_opt_dth_001"", ""rule_type"": ""excludes"", ""runtime_action"": """", ""source_id"": ""opt_pcx_001"", ""source_section"": ""sec_lpoe_001"", ""source_selection_mode"": ""multi_select_opt"", ""source_type"": ""main"", ""target_id"": ""opt_dth_001"", ""target_section"": ""sec_stri_001"", ""target_selection_mode"": ""single_select_opt"", ""target_type"": ""main""}"
stingray,rule_mapping,121,rule_opt_pcx_001_excludes_opt_dub_001,opt_pcx_001,excludes,opt_dub_001,omit_grouped_exclusion,omitted,,runtime_authored_rule_false,delete,"{""body_style_scope"": """", ""disabled_reason"": """", ""generation_action"": ""omit_grouped_exclusion"", ""normalization_status"": ""omitted"", ""original_detail_raw"": ""includes (5DG) 19\"" front/20\"" rear 20-spoke Tech Bronze aluminum wheels LPO, (SFZ) Dark Stealth crossed flags emblem LPO, (SHT) Jake hood graphic with Tech Bronze accent LPO and (SNG) Carbon Flash Metallic with Tech Bronze accent fender hash stripes LPO, Genuine Corvette Accessories 1. Not available with R8C, SPZ, SFE, SPY, S47, EYK, PDV, SB7 or RPO stripes (DPB, DPC, DPG, DPL, DPT, DSY, DSZ, DT0, DTB, DTH, DUB, DUE, DUK, DUW, DZU, DZV, DZX)."", ""rule_id"": ""rule_opt_pcx_001_excludes_opt_dub_001"", ""rule_type"": ""excludes"", ""runtime_action"": """", ""source_id"": ""opt_pcx_001"", ""source_section"": ""sec_lpoe_001"", ""source_selection_mode"": ""multi_select_opt"", ""source_type"": ""main"", ""target_id"": ""opt_dub_001"", ""target_section"": ""sec_stri_001"", ""target_selection_mode"": ""single_select_opt"", ""target_type"": ""main""}"
stingray,rule_mapping,122,rule_opt_pcx_001_excludes_opt_due_001,opt_pcx_001,excludes,opt_due_001,omit_grouped_exclusion,omitted,,runtime_authored_rule_false,delete,"{""body_style_scope"": """", ""disabled_reason"": """", ""generation_action"": ""omit_grouped_exclusion"", ""normalization_status"": ""omitted"", ""original_detail_raw"": ""includes (5DG) 19\"" front/20\"" rear 20-spoke Tech Bronze aluminum wheels LPO, (SFZ) Dark Stealth crossed flags emblem LPO, (SHT) Jake hood graphic with Tech Bronze accent LPO and (SNG) Carbon Flash Metallic with Tech Bronze accent fender hash stripes LPO, Genuine Corvette Accessories 1. Not available with R8C, SPZ, SFE, SPY, S47, EYK, PDV, SB7 or RPO stripes (DPB, DPC, DPG, DPL, DPT, DSY, DSZ, DT0, DTB, DTH, DUB, DUE, DUK, DUW, DZU, DZV, DZX)."", ""rule_id"": ""rule_opt_pcx_001_excludes_opt_due_001"", ""rule_type"": ""excludes"", ""runtime_action"": """", ""source_id"": ""opt_pcx_001"", ""source_section"": ""sec_lpoe_001"", ""source_selection_mode"": ""multi_select_opt"", ""source_type"": ""main"", ""target_id"": ""opt_due_001"", ""target_section"": ""sec_stri_001"", ""target_selection_mode"": ""single_select_opt"", ""target_type"": ""main""}"
stingray,rule_mapping,123,rule_opt_pcx_001_excludes_opt_duk_001,opt_pcx_001,excludes,opt_duk_001,omit_grouped_exclusion,omitted,,runtime_authored_rule_false,delete,"{""body_style_scope"": """", ""disabled_reason"": """", ""generation_action"": ""omit_grouped_exclusion"", ""normalization_status"": ""omitted"", ""original_detail_raw"": ""includes (5DG) 19\"" front/20\"" rear 20-spoke Tech Bronze aluminum wheels LPO, (SFZ) Dark Stealth crossed flags emblem LPO, (SHT) Jake hood graphic with Tech Bronze accent LPO and (SNG) Carbon Flash Metallic with Tech Bronze accent fender hash stripes LPO, Genuine Corvette Accessories 1. Not available with R8C, SPZ, SFE, SPY, S47, EYK, PDV, SB7 or RPO stripes (DPB, DPC, DPG, DPL, DPT, DSY, DSZ, DT0, DTB, DTH, DUB, DUE, DUK, DUW, DZU, DZV, DZX)."", ""rule_id"": ""rule_opt_pcx_001_excludes_opt_duk_001"", ""rule_type"": ""excludes"", ""runtime_action"": """", ""source_id"": ""opt_pcx_001"", ""source_section"": ""sec_lpoe_001"", ""source_selection_mode"": ""multi_select_opt"", ""source_type"": ""main"", ""target_id"": ""opt_duk_001"", ""target_section"": ""sec_stri_001"", ""target_selection_mode"": ""single_select_opt"", ""target_type"": ""main""}"
stingray,rule_mapping,124,rule_opt_pcx_001_excludes_opt_duw_001,opt_pcx_001,excludes,opt_duw_001,omit_grouped_exclusion,omitted,,runtime_authored_rule_false,delete,"{""body_style_scope"": """", ""disabled_reason"": """", ""generation_action"": ""omit_grouped_exclusion"", ""normalization_status"": ""omitted"", ""original_detail_raw"": ""includes (5DG) 19\"" front/20\"" rear 20-spoke Tech Bronze aluminum wheels LPO, (SFZ) Dark Stealth crossed flags emblem LPO, (SHT) Jake hood graphic with Tech Bronze accent LPO and (SNG) Carbon Flash Metallic with Tech Bronze accent fender hash stripes LPO, Genuine Corvette Accessories 1. Not available with R8C, SPZ, SFE, SPY, S47, EYK, PDV, SB7 or RPO stripes (DPB, DPC, DPG, DPL, DPT, DSY, DSZ, DT0, DTB, DTH, DUB, DUE, DUK, DUW, DZU, DZV, DZX)."", ""rule_id"": ""rule_opt_pcx_001_excludes_opt_duw_001"", ""rule_type"": ""excludes"", ""runtime_action"": """", ""source_id"": ""opt_pcx_001"", ""source_section"": ""sec_lpoe_001"", ""source_selection_mode"": ""multi_select_opt"", ""source_type"": ""main"", ""target_id"": ""opt_duw_001"", ""target_section"": ""sec_stri_001"", ""target_selection_mode"": ""single_select_opt"", ""target_type"": ""main""}"
stingray,rule_mapping,125,rule_opt_pcx_001_excludes_opt_dzu_001,opt_pcx_001,excludes,opt_dzu_001,omit_grouped_exclusion,omitted,,runtime_authored_rule_false,delete,"{""body_style_scope"": """", ""disabled_reason"": """", ""generation_action"": ""omit_grouped_exclusion"", ""normalization_status"": ""omitted"", ""original_detail_raw"": ""includes (5DG) 19\"" front/20\"" rear 20-spoke Tech Bronze aluminum wheels LPO, (SFZ) Dark Stealth crossed flags emblem LPO, (SHT) Jake hood graphic with Tech Bronze accent LPO and (SNG) Carbon Flash Metallic with Tech Bronze accent fender hash stripes LPO, Genuine Corvette Accessories 1. Not available with R8C, SPZ, SFE, SPY, S47, EYK, PDV, SB7 or RPO stripes (DPB, DPC, DPG, DPL, DPT, DSY, DSZ, DT0, DTB, DTH, DUB, DUE, DUK, DUW, DZU, DZV, DZX)."", ""rule_id"": ""rule_opt_pcx_001_excludes_opt_dzu_001"", ""rule_type"": ""excludes"", ""runtime_action"": """", ""source_id"": ""opt_pcx_001"", ""source_section"": ""sec_lpoe_001"", ""source_selection_mode"": ""multi_select_opt"", ""source_type"": ""main"", ""target_id"": ""opt_dzu_001"", ""target_section"": ""sec_stri_001"", ""target_selection_mode"": ""single_select_opt"", ""target_type"": ""main""}"
stingray,rule_mapping,126,rule_opt_pcx_001_excludes_opt_dzv_001,opt_pcx_001,excludes,opt_dzv_001,omit_grouped_exclusion,omitted,,runtime_authored_rule_false,delete,"{""body_style_scope"": """", ""disabled_reason"": """", ""generation_action"": ""omit_grouped_exclusion"", ""normalization_status"": ""omitted"", ""original_detail_raw"": ""includes (5DG) 19\"" front/20\"" rear 20-spoke Tech Bronze aluminum wheels LPO, (SFZ) Dark Stealth crossed flags emblem LPO, (SHT) Jake hood graphic with Tech Bronze accent LPO and (SNG) Carbon Flash Metallic with Tech Bronze accent fender hash stripes LPO, Genuine Corvette Accessories 1. Not available with R8C, SPZ, SFE, SPY, S47, EYK, PDV, SB7 or RPO stripes (DPB, DPC, DPG, DPL, DPT, DSY, DSZ, DT0, DTB, DTH, DUB, DUE, DUK, DUW, DZU, DZV, DZX)."", ""rule_id"": ""rule_opt_pcx_001_excludes_opt_dzv_001"", ""rule_type"": ""excludes"", ""runtime_action"": """", ""source_id"": ""opt_pcx_001"", ""source_section"": ""sec_lpoe_001"", ""source_selection_mode"": ""multi_select_opt"", ""source_type"": ""main"", ""target_id"": ""opt_dzv_001"", ""target_section"": ""sec_stri_001"", ""target_selection_mode"": ""single_select_opt"", ""target_type"": ""main""}"
stingray,rule_mapping,127,rule_opt_pcx_001_excludes_opt_dzx_001,opt_pcx_001,excludes,opt_dzx_001,omit_grouped_exclusion,omitted,,runtime_authored_rule_false,delete,"{""body_style_scope"": """", ""disabled_reason"": """", ""generation_action"": ""omit_grouped_exclusion"", ""normalization_status"": ""omitted"", ""original_detail_raw"": ""includes (5DG) 19\"" front/20\"" rear 20-spoke Tech Bronze aluminum wheels LPO, (SFZ) Dark Stealth crossed flags emblem LPO, (SHT) Jake hood graphic with Tech Bronze accent LPO and (SNG) Carbon Flash Metallic with Tech Bronze accent fender hash stripes LPO, Genuine Corvette Accessories 1. Not available with R8C, SPZ, SFE, SPY, S47, EYK, PDV, SB7 or RPO stripes (DPB, DPC, DPG, DPL, DPT, DSY, DSZ, DT0, DTB, DTH, DUB, DUE, DUK, DUW, DZU, DZV, DZX)."", ""rule_id"": ""rule_opt_pcx_001_excludes_opt_dzx_001"", ""rule_type"": ""excludes"", ""runtime_action"": """", ""source_id"": ""opt_pcx_001"", ""source_section"": ""sec_lpoe_001"", ""source_selection_mode"": ""multi_select_opt"", ""source_type"": ""main"", ""target_id"": ""opt_dzx_001"", ""target_section"": ""sec_stri_001"", ""target_selection_mode"": ""single_select_opt"", ""target_type"": ""main""}"
stingray,rule_mapping,128,rule_opt_pcx_001_excludes_opt_eyk_001,opt_pcx_001,excludes,opt_eyk_001,omit_grouped_exclusion,omitted,,runtime_authored_rule_false,delete,"{""body_style_scope"": """", ""disabled_reason"": """", ""generation_action"": ""omit_grouped_exclusion"", ""normalization_status"": ""omitted"", ""original_detail_raw"": ""includes (5DG) 19\"" front/20\"" rear 20-spoke Tech Bronze aluminum wheels LPO, (SFZ) Dark Stealth crossed flags emblem LPO, (SHT) Jake hood graphic with Tech Bronze accent LPO and (SNG) Carbon Flash Metallic with Tech Bronze accent fender hash stripes LPO, Genuine Corvette Accessories 1. Not available with R8C, SPZ, SFE, SPY, S47, EYK, PDV, SB7 or RPO stripes (DPB, DPC, DPG, DPL, DPT, DSY, DSZ, DT0, DTB, DTH, DUB, DUE, DUK, DUW, DZU, DZV, DZX)."", ""rule_id"": ""rule_opt_pcx_001_excludes_opt_eyk_001"", ""rule_type"": ""excludes"", ""runtime_action"": """", ""source_id"": ""opt_pcx_001"", ""source_section"": ""sec_lpoe_001"", ""source_selection_mode"": ""multi_select_opt"", ""source_type"": ""main"", ""target_id"": ""opt_eyk_001"", ""target_section"": ""sec_badg_001"", ""target_selection_mode"": ""single_select_req"", ""target_type"": ""main""}"
stingray,rule_mapping,129,rule_opt_pcx_001_excludes_opt_pdv_001,opt_pcx_001,excludes,opt_pdv_001,omit_grouped_exclusion,omitted,,runtime_authored_rule_false,delete,"{""body_style_scope"": """", ""disabled_reason"": """", ""generation_action"": ""omit_grouped_exclusion"", ""normalization_status"": ""omitted"", ""original_detail_raw"": ""includes (5DG) 19\"" front/20\"" rear 20-spoke Tech Bronze aluminum wheels LPO, (SFZ) Dark Stealth crossed flags emblem LPO, (SHT) Jake hood graphic with Tech Bronze accent LPO and (SNG) Carbon Flash Metallic with Tech Bronze accent fender hash stripes LPO, Genuine Corvette Accessories 1. Not available with R8C, SPZ, SFE, SPY, S47, EYK, PDV, SB7 or RPO stripes (DPB, DPC, DPG, DPL, DPT, DSY, DSZ, DT0, DTB, DTH, DUB, DUE, DUK, DUW, DZU, DZV, DZX)."", ""rule_id"": ""rule_opt_pcx_001_excludes_opt_pdv_001"", ""rule_type"": ""excludes"", ""runtime_action"": """", ""source_id"": ""opt_pcx_001"", ""source_section"": ""sec_lpoe_001"", ""source_selection_mode"": ""multi_select_opt"", ""source_type"": ""main"", ""target_id"": ""opt_pdv_001"", ""target_section"": ""sec_lpoe_001"", ""target_selection_mode"": ""multi_select_opt"", ""target_type"": ""main""}"
stingray,rule_mapping,130,rule_opt_pcx_001_excludes_opt_r8c_001,opt_pcx_001,excludes,opt_r8c_001,omit_grouped_exclusion,omitted,,runtime_authored_rule_false,delete,"{""body_style_scope"": """", ""disabled_reason"": """", ""generation_action"": ""omit_grouped_exclusion"", ""normalization_status"": ""omitted"", ""original_detail_raw"": ""includes (5DG) 19\"" front/20\"" rear 20-spoke Tech Bronze aluminum wheels LPO, (SFZ) Dark Stealth crossed flags emblem LPO, (SHT) Jake hood graphic with Tech Bronze accent LPO and (SNG) Carbon Flash Metallic with Tech Bronze accent fender hash stripes LPO, Genuine Corvette Accessories 1. Not available with R8C, SPZ, SFE, SPY, S47, EYK, PDV, SB7 or RPO stripes (DPB, DPC, DPG, DPL, DPT, DSY, DSZ, DT0, DTB, DTH, DUB, DUE, DUK, DUW, DZU, DZV, DZX)."", ""rule_id"": ""rule_opt_pcx_001_excludes_opt_r8c_001"", ""rule_type"": ""excludes"", ""runtime_action"": """", ""source_id"": ""opt_pcx_001"", ""source_section"": ""sec_lpoe_001"", ""source_selection_mode"": ""multi_select_opt"", ""source_type"": ""main"", ""target_id"": ""opt_r8c_001"", ""target_section"": ""sec_cust_001"", ""target_selection_mode"": ""multi_select_opt"", ""target_type"": ""main""}"
stingray,rule_mapping,131,rule_opt_pcx_001_excludes_opt_s47_001,opt_pcx_001,excludes,opt_s47_001,omit_grouped_exclusion,omitted,,runtime_authored_rule_false,delete,"{""body_style_scope"": """", ""disabled_reason"": """", ""generation_action"": ""omit_grouped_exclusion"", ""normalization_status"": ""omitted"", ""original_detail_raw"": ""includes (5DG) 19\"" front/20\"" rear 20-spoke Tech Bronze aluminum wheels LPO, (SFZ) Dark Stealth crossed flags emblem LPO, (SHT) Jake hood graphic with Tech Bronze accent LPO and (SNG) Carbon Flash Metallic with Tech Bronze accent fender hash stripes LPO, Genuine Corvette Accessories 1. Not available with R8C, SPZ, SFE, SPY, S47, EYK, PDV, SB7 or RPO stripes (DPB, DPC, DPG, DPL, DPT, DSY, DSZ, DT0, DTB, DTH, DUB, DUE, DUK, DUW, DZU, DZV, DZX)."", ""rule_id"": ""rule_opt_pcx_001_excludes_opt_s47_001"", ""rule_type"": ""excludes"", ""runtime_action"": """", ""source_id"": ""opt_pcx_001"", ""source_section"": ""sec_lpoe_001"", ""source_selection_mode"": ""multi_select_opt"", ""source_type"": ""main"", ""target_id"": ""opt_s47_001"", ""target_section"": ""sec_whee_001"", ""target_selection_mode"": ""multi_select_opt"", ""target_type"": ""main""}"
stingray,rule_mapping,132,rule_opt_pcx_001_excludes_opt_sb7_001,opt_pcx_001,excludes,opt_sb7_001,omit_grouped_exclusion,omitted,,runtime_authored_rule_false,delete,"{""body_style_scope"": """", ""disabled_reason"": """", ""generation_action"": ""omit_grouped_exclusion"", ""normalization_status"": ""omitted"", ""original_detail_raw"": ""includes (5DG) 19\"" front/20\"" rear 20-spoke Tech Bronze aluminum wheels LPO, (SFZ) Dark Stealth crossed flags emblem LPO, (SHT) Jake hood graphic with Tech Bronze accent LPO and (SNG) Carbon Flash Metallic with Tech Bronze accent fender hash stripes LPO, Genuine Corvette Accessories 1. Not available with R8C, SPZ, SFE, SPY, S47, EYK, PDV, SB7 or RPO stripes (DPB, DPC, DPG, DPL, DPT, DSY, DSZ, DT0, DTB, DTH, DUB, DUE, DUK, DUW, DZU, DZV, DZX)."", ""rule_id"": ""rule_opt_pcx_001_excludes_opt_sb7_001"", ""rule_type"": ""excludes"", ""runtime_action"": """", ""source_id"": ""opt_pcx_001"", ""source_section"": ""sec_lpoe_001"", ""source_selection_mode"": ""multi_select_opt"", ""source_type"": ""main"", ""target_id"": ""opt_sb7_001"", ""target_section"": ""sec_stri_001"", ""target_selection_mode"": ""single_select_opt"", ""target_type"": ""main""}"
stingray,rule_mapping,133,rule_opt_pcx_001_excludes_opt_sfe_001,opt_pcx_001,excludes,opt_sfe_001,omit_grouped_exclusion,omitted,,runtime_authored_rule_false,delete,"{""body_style_scope"": """", ""disabled_reason"": """", ""generation_action"": ""omit_grouped_exclusion"", ""normalization_status"": ""omitted"", ""original_detail_raw"": ""includes (5DG) 19\"" front/20\"" rear 20-spoke Tech Bronze aluminum wheels LPO, (SFZ) Dark Stealth crossed flags emblem LPO, (SHT) Jake hood graphic with Tech Bronze accent LPO and (SNG) Carbon Flash Metallic with Tech Bronze accent fender hash stripes LPO, Genuine Corvette Accessories 1. Not available with R8C, SPZ, SFE, SPY, S47, EYK, PDV, SB7 or RPO stripes (DPB, DPC, DPG, DPL, DPT, DSY, DSZ, DT0, DTB, DTH, DUB, DUE, DUK, DUW, DZU, DZV, DZX)."", ""rule_id"": ""rule_opt_pcx_001_excludes_opt_sfe_001"", ""rule_type"": ""excludes"", ""runtime_action"": """", ""source_id"": ""opt_pcx_001"", ""source_section"": ""sec_lpoe_001"", ""source_selection_mode"": ""multi_select_opt"", ""source_type"": ""main"", ""target_id"": ""opt_sfe_001"", ""target_section"": ""sec_whee_001"", ""target_selection_mode"": ""multi_select_opt"", ""target_type"": ""main""}"
stingray,rule_mapping,134,rule_opt_pcx_001_excludes_opt_spy_001,opt_pcx_001,excludes,opt_spy_001,omit_grouped_exclusion,omitted,,runtime_authored_rule_false,delete,"{""body_style_scope"": """", ""disabled_reason"": """", ""generation_action"": ""omit_grouped_exclusion"", ""normalization_status"": ""omitted"", ""original_detail_raw"": ""includes (5DG) 19\"" front/20\"" rear 20-spoke Tech Bronze aluminum wheels LPO, (SFZ) Dark Stealth crossed flags emblem LPO, (SHT) Jake hood graphic with Tech Bronze accent LPO and (SNG) Carbon Flash Metallic with Tech Bronze accent fender hash stripes LPO, Genuine Corvette Accessories 1. Not available with R8C, SPZ, SFE, SPY, S47, EYK, PDV, SB7 or RPO stripes (DPB, DPC, DPG, DPL, DPT, DSY, DSZ, DT0, DTB, DTH, DUB, DUE, DUK, DUW, DZU, DZV, DZX)."", ""rule_id"": ""rule_opt_pcx_001_excludes_opt_spy_001"", ""rule_type"": ""excludes"", ""runtime_action"": """", ""source_id"": ""opt_pcx_001"", ""source_section"": ""sec_lpoe_001"", ""source_selection_mode"": ""multi_select_opt"", ""source_type"": ""main"", ""target_id"": ""opt_spy_001"", ""target_section"": ""sec_whee_001"", ""target_selection_mode"": ""multi_select_opt"", ""target_type"": ""main""}"
stingray,rule_mapping,135,rule_opt_pcx_001_excludes_opt_spz_001,opt_pcx_001,excludes,opt_spz_001,omit_grouped_exclusion,omitted,,runtime_authored_rule_false,delete,"{""body_style_scope"": """", ""disabled_reason"": """", ""generation_action"": ""omit_grouped_exclusion"", ""normalization_status"": ""omitted"", ""original_detail_raw"": ""includes (5DG) 19\"" front/20\"" rear 20-spoke Tech Bronze aluminum wheels LPO, (SFZ) Dark Stealth crossed flags emblem LPO, (SHT) Jake hood graphic with Tech Bronze accent LPO and (SNG) Carbon Flash Metallic with Tech Bronze accent fender hash stripes LPO, Genuine Corvette Accessories 1. Not available with R8C, SPZ, SFE, SPY, S47, EYK, PDV, SB7 or RPO stripes (DPB, DPC, DPG, DPL, DPT, DSY, DSZ, DT0, DTB, DTH, DUB, DUE, DUK, DUW, DZU, DZV, DZX)."", ""rule_id"": ""rule_opt_pcx_001_excludes_opt_spz_001"", ""rule_type"": ""excludes"", ""runtime_action"": """", ""source_id"": ""opt_pcx_001"", ""source_section"": ""sec_lpoe_001"", ""source_selection_mode"": ""multi_select_opt"", ""source_type"": ""main"", ""target_id"": ""opt_spz_001"", ""target_section"": ""sec_whee_001"", ""target_selection_mode"": ""multi_select_opt"", ""target_type"": ""main""}"
stingray,rule_mapping,140,rule_opt_pdv_001_excludes_opt_dpb_001,opt_pdv_001,excludes,opt_dpb_001,omit_grouped_exclusion,omitted,,runtime_authored_rule_false,delete,"{""body_style_scope"": """", ""disabled_reason"": """", ""generation_action"": ""omit_grouped_exclusion"", ""normalization_status"": ""omitted"", ""original_detail_raw"": ""includes (SB7) Corvette Racing Themed Graphics Package with Jake and Stingray R logos and (VWD) Stingray R logo wheel center caps, Genuine Corvette Accessory 1. Not available with RPO stripes (DPB, DPC, DPG, DPL, DPT, DSY, DSZ, DT0, DTB, DTH, DUB, DUE, DUK, DUW, DZU, DZV, DZX)."", ""rule_id"": ""rule_opt_pdv_001_excludes_opt_dpb_001"", ""rule_type"": ""excludes"", ""runtime_action"": """", ""source_id"": ""opt_pdv_001"", ""source_section"": ""sec_lpoe_001"", ""source_selection_mode"": ""multi_select_opt"", ""source_type"": ""main"", ""target_id"": ""opt_dpb_001"", ""target_section"": ""sec_stri_001"", ""target_selection_mode"": ""single_select_opt"", ""target_type"": ""main""}"
stingray,rule_mapping,141,rule_opt_pdv_001_excludes_opt_dpc_001,opt_pdv_001,excludes,opt_dpc_001,omit_grouped_exclusion,omitted,,runtime_authored_rule_false,delete,"{""body_style_scope"": """", ""disabled_reason"": """", ""generation_action"": ""omit_grouped_exclusion"", ""normalization_status"": ""omitted"", ""original_detail_raw"": ""includes (SB7) Corvette Racing Themed Graphics Package with Jake and Stingray R logos and (VWD) Stingray R logo wheel center caps, Genuine Corvette Accessory 1. Not available with RPO stripes (DPB, DPC, DPG, DPL, DPT, DSY, DSZ, DT0, DTB, DTH, DUB, DUE, DUK, DUW, DZU, DZV, DZX)."", ""rule_id"": ""rule_opt_pdv_001_excludes_opt_dpc_001"", ""rule_type"": ""excludes"", ""runtime_action"": """", ""source_id"": ""opt_pdv_001"", ""source_section"": ""sec_lpoe_001"", ""source_selection_mode"": ""multi_select_opt"", ""source_type"": ""main"", ""target_id"": ""opt_dpc_001"", ""target_section"": ""sec_stri_001"", ""target_selection_mode"": ""single_select_opt"", ""target_type"": ""main""}"
stingray,rule_mapping,142,rule_opt_pdv_001_excludes_opt_dpg_001,opt_pdv_001,excludes,opt_dpg_001,omit_grouped_exclusion,omitted,,runtime_authored_rule_false,delete,"{""body_style_scope"": """", ""disabled_reason"": """", ""generation_action"": ""omit_grouped_exclusion"", ""normalization_status"": ""omitted"", ""original_detail_raw"": ""includes (SB7) Corvette Racing Themed Graphics Package with Jake and Stingray R logos and (VWD) Stingray R logo wheel center caps, Genuine Corvette Accessory 1. Not available with RPO stripes (DPB, DPC, DPG, DPL, DPT, DSY, DSZ, DT0, DTB, DTH, DUB, DUE, DUK, DUW, DZU, DZV, DZX)."", ""rule_id"": ""rule_opt_pdv_001_excludes_opt_dpg_001"", ""rule_type"": ""excludes"", ""runtime_action"": """", ""source_id"": ""opt_pdv_001"", ""source_section"": ""sec_lpoe_001"", ""source_selection_mode"": ""multi_select_opt"", ""source_type"": ""main"", ""target_id"": ""opt_dpg_001"", ""target_section"": ""sec_stri_001"", ""target_selection_mode"": ""single_select_opt"", ""target_type"": ""main""}"
stingray,rule_mapping,143,rule_opt_pdv_001_excludes_opt_dpl_001,opt_pdv_001,excludes,opt_dpl_001,omit_grouped_exclusion,omitted,,runtime_authored_rule_false,delete,"{""body_style_scope"": """", ""disabled_reason"": """", ""generation_action"": ""omit_grouped_exclusion"", ""normalization_status"": ""omitted"", ""original_detail_raw"": ""includes (SB7) Corvette Racing Themed Graphics Package with Jake and Stingray R logos and (VWD) Stingray R logo wheel center caps, Genuine Corvette Accessory 1. Not available with RPO stripes (DPB, DPC, DPG, DPL, DPT, DSY, DSZ, DT0, DTB, DTH, DUB, DUE, DUK, DUW, DZU, DZV, DZX)."", ""rule_id"": ""rule_opt_pdv_001_excludes_opt_dpl_001"", ""rule_type"": ""excludes"", ""runtime_action"": """", ""source_id"": ""opt_pdv_001"", ""source_section"": ""sec_lpoe_001"", ""source_selection_mode"": ""multi_select_opt"", ""source_type"": ""main"", ""target_id"": ""opt_dpl_001"", ""target_section"": ""sec_stri_001"", ""target_selection_mode"": ""single_select_opt"", ""target_type"": ""main""}"
stingray,rule_mapping,144,rule_opt_pdv_001_excludes_opt_dpt_001,opt_pdv_001,excludes,opt_dpt_001,omit_grouped_exclusion,omitted,,runtime_authored_rule_false,delete,"{""body_style_scope"": """", ""disabled_reason"": """", ""generation_action"": ""omit_grouped_exclusion"", ""normalization_status"": ""omitted"", ""original_detail_raw"": ""includes (SB7) Corvette Racing Themed Graphics Package with Jake and Stingray R logos and (VWD) Stingray R logo wheel center caps, Genuine Corvette Accessory 1. Not available with RPO stripes (DPB, DPC, DPG, DPL, DPT, DSY, DSZ, DT0, DTB, DTH, DUB, DUE, DUK, DUW, DZU, DZV, DZX)."", ""rule_id"": ""rule_opt_pdv_001_excludes_opt_dpt_001"", ""rule_type"": ""excludes"", ""runtime_action"": """", ""source_id"": ""opt_pdv_001"", ""source_section"": ""sec_lpoe_001"", ""source_selection_mode"": ""multi_select_opt"", ""source_type"": ""main"", ""target_id"": ""opt_dpt_001"", ""target_section"": ""sec_stri_001"", ""target_selection_mode"": ""single_select_opt"", ""target_type"": ""main""}"
stingray,rule_mapping,145,rule_opt_pdv_001_excludes_opt_dsy_001,opt_pdv_001,excludes,opt_dsy_001,omit_grouped_exclusion,omitted,,runtime_authored_rule_false,delete,"{""body_style_scope"": """", ""disabled_reason"": """", ""generation_action"": ""omit_grouped_exclusion"", ""normalization_status"": ""omitted"", ""original_detail_raw"": ""includes (SB7) Corvette Racing Themed Graphics Package with Jake and Stingray R logos and (VWD) Stingray R logo wheel center caps, Genuine Corvette Accessory 1. Not available with RPO stripes (DPB, DPC, DPG, DPL, DPT, DSY, DSZ, DT0, DTB, DTH, DUB, DUE, DUK, DUW, DZU, DZV, DZX)."", ""rule_id"": ""rule_opt_pdv_001_excludes_opt_dsy_001"", ""rule_type"": ""excludes"", ""runtime_action"": """", ""source_id"": ""opt_pdv_001"", ""source_section"": ""sec_lpoe_001"", ""source_selection_mode"": ""multi_select_opt"", ""source_type"": ""main"", ""target_id"": ""opt_dsy_001"", ""target_section"": ""sec_stri_001"", ""target_selection_mode"": ""single_select_opt"", ""target_type"": ""main""}"
stingray,rule_mapping,146,rule_opt_pdv_001_excludes_opt_dsz_001,opt_pdv_001,excludes,opt_dsz_001,omit_grouped_exclusion,omitted,,runtime_authored_rule_false,delete,"{""body_style_scope"": """", ""disabled_reason"": """", ""generation_action"": ""omit_grouped_exclusion"", ""normalization_status"": ""omitted"", ""original_detail_raw"": ""includes (SB7) Corvette Racing Themed Graphics Package with Jake and Stingray R logos and (VWD) Stingray R logo wheel center caps, Genuine Corvette Accessory 1. Not available with RPO stripes (DPB, DPC, DPG, DPL, DPT, DSY, DSZ, DT0, DTB, DTH, DUB, DUE, DUK, DUW, DZU, DZV, DZX)."", ""rule_id"": ""rule_opt_pdv_001_excludes_opt_dsz_001"", ""rule_type"": ""excludes"", ""runtime_action"": """", ""source_id"": ""opt_pdv_001"", ""source_section"": ""sec_lpoe_001"", ""source_selection_mode"": ""multi_select_opt"", ""source_type"": ""main"", ""target_id"": ""opt_dsz_001"", ""target_section"": ""sec_stri_001"", ""target_selection_mode"": ""single_select_opt"", ""target_type"": ""main""}"
stingray,rule_mapping,147,rule_opt_pdv_001_excludes_opt_dt0_001,opt_pdv_001,excludes,opt_dt0_001,omit_grouped_exclusion,omitted,,runtime_authored_rule_false,delete,"{""body_style_scope"": """", ""disabled_reason"": """", ""generation_action"": ""omit_grouped_exclusion"", ""normalization_status"": ""omitted"", ""original_detail_raw"": ""includes (SB7) Corvette Racing Themed Graphics Package with Jake and Stingray R logos and (VWD) Stingray R logo wheel center caps, Genuine Corvette Accessory 1. Not available with RPO stripes (DPB, DPC, DPG, DPL, DPT, DSY, DSZ, DT0, DTB, DTH, DUB, DUE, DUK, DUW, DZU, DZV, DZX)."", ""rule_id"": ""rule_opt_pdv_001_excludes_opt_dt0_001"", ""rule_type"": ""excludes"", ""runtime_action"": """", ""source_id"": ""opt_pdv_001"", ""source_section"": ""sec_lpoe_001"", ""source_selection_mode"": ""multi_select_opt"", ""source_type"": ""main"", ""target_id"": ""opt_dt0_001"", ""target_section"": ""sec_stri_001"", ""target_selection_mode"": ""single_select_opt"", ""target_type"": ""main""}"
stingray,rule_mapping,148,rule_opt_pdv_001_excludes_opt_dth_001,opt_pdv_001,excludes,opt_dth_001,omit_grouped_exclusion,omitted,,runtime_authored_rule_false,delete,"{""body_style_scope"": """", ""disabled_reason"": """", ""generation_action"": ""omit_grouped_exclusion"", ""normalization_status"": ""omitted"", ""original_detail_raw"": ""includes (SB7) Corvette Racing Themed Graphics Package with Jake and Stingray R logos and (VWD) Stingray R logo wheel center caps, Genuine Corvette Accessory 1. Not available with RPO stripes (DPB, DPC, DPG, DPL, DPT, DSY, DSZ, DT0, DTB, DTH, DUB, DUE, DUK, DUW, DZU, DZV, DZX)."", ""rule_id"": ""rule_opt_pdv_001_excludes_opt_dth_001"", ""rule_type"": ""excludes"", ""runtime_action"": """", ""source_id"": ""opt_pdv_001"", ""source_section"": ""sec_lpoe_001"", ""source_selection_mode"": ""multi_select_opt"", ""source_type"": ""main"", ""target_id"": ""opt_dth_001"", ""target_section"": ""sec_stri_001"", ""target_selection_mode"": ""single_select_opt"", ""target_type"": ""main""}"
stingray,rule_mapping,149,rule_opt_pdv_001_excludes_opt_dub_001,opt_pdv_001,excludes,opt_dub_001,omit_grouped_exclusion,omitted,,runtime_authored_rule_false,delete,"{""body_style_scope"": """", ""disabled_reason"": """", ""generation_action"": ""omit_grouped_exclusion"", ""normalization_status"": ""omitted"", ""original_detail_raw"": ""includes (SB7) Corvette Racing Themed Graphics Package with Jake and Stingray R logos and (VWD) Stingray R logo wheel center caps, Genuine Corvette Accessory 1. Not available with RPO stripes (DPB, DPC, DPG, DPL, DPT, DSY, DSZ, DT0, DTB, DTH, DUB, DUE, DUK, DUW, DZU, DZV, DZX)."", ""rule_id"": ""rule_opt_pdv_001_excludes_opt_dub_001"", ""rule_type"": ""excludes"", ""runtime_action"": """", ""source_id"": ""opt_pdv_001"", ""source_section"": ""sec_lpoe_001"", ""source_selection_mode"": ""multi_select_opt"", ""source_type"": ""main"", ""target_id"": ""opt_dub_001"", ""target_section"": ""sec_stri_001"", ""target_selection_mode"": ""single_select_opt"", ""target_type"": ""main""}"
stingray,rule_mapping,150,rule_opt_pdv_001_excludes_opt_due_001,opt_pdv_001,excludes,opt_due_001,omit_grouped_exclusion,omitted,,runtime_authored_rule_false,delete,"{""body_style_scope"": """", ""disabled_reason"": """", ""generation_action"": ""omit_grouped_exclusion"", ""normalization_status"": ""omitted"", ""original_detail_raw"": ""includes (SB7) Corvette Racing Themed Graphics Package with Jake and Stingray R logos and (VWD) Stingray R logo wheel center caps, Genuine Corvette Accessory 1. Not available with RPO stripes (DPB, DPC, DPG, DPL, DPT, DSY, DSZ, DT0, DTB, DTH, DUB, DUE, DUK, DUW, DZU, DZV, DZX)."", ""rule_id"": ""rule_opt_pdv_001_excludes_opt_due_001"", ""rule_type"": ""excludes"", ""runtime_action"": """", ""source_id"": ""opt_pdv_001"", ""source_section"": ""sec_lpoe_001"", ""source_selection_mode"": ""multi_select_opt"", ""source_type"": ""main"", ""target_id"": ""opt_due_001"", ""target_section"": ""sec_stri_001"", ""target_selection_mode"": ""single_select_opt"", ""target_type"": ""main""}"
stingray,rule_mapping,151,rule_opt_pdv_001_excludes_opt_duk_001,opt_pdv_001,excludes,opt_duk_001,omit_grouped_exclusion,omitted,,runtime_authored_rule_false,delete,"{""body_style_scope"": """", ""disabled_reason"": """", ""generation_action"": ""omit_grouped_exclusion"", ""normalization_status"": ""omitted"", ""original_detail_raw"": ""includes (SB7) Corvette Racing Themed Graphics Package with Jake and Stingray R logos and (VWD) Stingray R logo wheel center caps, Genuine Corvette Accessory 1. Not available with RPO stripes (DPB, DPC, DPG, DPL, DPT, DSY, DSZ, DT0, DTB, DTH, DUB, DUE, DUK, DUW, DZU, DZV, DZX)."", ""rule_id"": ""rule_opt_pdv_001_excludes_opt_duk_001"", ""rule_type"": ""excludes"", ""runtime_action"": """", ""source_id"": ""opt_pdv_001"", ""source_section"": ""sec_lpoe_001"", ""source_selection_mode"": ""multi_select_opt"", ""source_type"": ""main"", ""target_id"": ""opt_duk_001"", ""target_section"": ""sec_stri_001"", ""target_selection_mode"": ""single_select_opt"", ""target_type"": ""main""}"
stingray,rule_mapping,152,rule_opt_pdv_001_excludes_opt_duw_001,opt_pdv_001,excludes,opt_duw_001,omit_grouped_exclusion,omitted,,runtime_authored_rule_false,delete,"{""body_style_scope"": """", ""disabled_reason"": """", ""generation_action"": ""omit_grouped_exclusion"", ""normalization_status"": ""omitted"", ""original_detail_raw"": ""includes (SB7) Corvette Racing Themed Graphics Package with Jake and Stingray R logos and (VWD) Stingray R logo wheel center caps, Genuine Corvette Accessory 1. Not available with RPO stripes (DPB, DPC, DPG, DPL, DPT, DSY, DSZ, DT0, DTB, DTH, DUB, DUE, DUK, DUW, DZU, DZV, DZX)."", ""rule_id"": ""rule_opt_pdv_001_excludes_opt_duw_001"", ""rule_type"": ""excludes"", ""runtime_action"": """", ""source_id"": ""opt_pdv_001"", ""source_section"": ""sec_lpoe_001"", ""source_selection_mode"": ""multi_select_opt"", ""source_type"": ""main"", ""target_id"": ""opt_duw_001"", ""target_section"": ""sec_stri_001"", ""target_selection_mode"": ""single_select_opt"", ""target_type"": ""main""}"
stingray,rule_mapping,153,rule_opt_pdv_001_excludes_opt_dzu_001,opt_pdv_001,excludes,opt_dzu_001,omit_grouped_exclusion,omitted,,runtime_authored_rule_false,delete,"{""body_style_scope"": """", ""disabled_reason"": """", ""generation_action"": ""omit_grouped_exclusion"", ""normalization_status"": ""omitted"", ""original_detail_raw"": ""includes (SB7) Corvette Racing Themed Graphics Package with Jake and Stingray R logos and (VWD) Stingray R logo wheel center caps, Genuine Corvette Accessory 1. Not available with RPO stripes (DPB, DPC, DPG, DPL, DPT, DSY, DSZ, DT0, DTB, DTH, DUB, DUE, DUK, DUW, DZU, DZV, DZX)."", ""rule_id"": ""rule_opt_pdv_001_excludes_opt_dzu_001"", ""rule_type"": ""excludes"", ""runtime_action"": """", ""source_id"": ""opt_pdv_001"", ""source_section"": ""sec_lpoe_001"", ""source_selection_mode"": ""multi_select_opt"", ""source_type"": ""main"", ""target_id"": ""opt_dzu_001"", ""target_section"": ""sec_stri_001"", ""target_selection_mode"": ""single_select_opt"", ""target_type"": ""main""}"
stingray,rule_mapping,154,rule_opt_pdv_001_excludes_opt_dzv_001,opt_pdv_001,excludes,opt_dzv_001,omit_grouped_exclusion,omitted,,runtime_authored_rule_false,delete,"{""body_style_scope"": """", ""disabled_reason"": """", ""generation_action"": ""omit_grouped_exclusion"", ""normalization_status"": ""omitted"", ""original_detail_raw"": ""includes (SB7) Corvette Racing Themed Graphics Package with Jake and Stingray R logos and (VWD) Stingray R logo wheel center caps, Genuine Corvette Accessory 1. Not available with RPO stripes (DPB, DPC, DPG, DPL, DPT, DSY, DSZ, DT0, DTB, DTH, DUB, DUE, DUK, DUW, DZU, DZV, DZX)."", ""rule_id"": ""rule_opt_pdv_001_excludes_opt_dzv_001"", ""rule_type"": ""excludes"", ""runtime_action"": """", ""source_id"": ""opt_pdv_001"", ""source_section"": ""sec_lpoe_001"", ""source_selection_mode"": ""multi_select_opt"", ""source_type"": ""main"", ""target_id"": ""opt_dzv_001"", ""target_section"": ""sec_stri_001"", ""target_selection_mode"": ""single_select_opt"", ""target_type"": ""main""}"
stingray,rule_mapping,155,rule_opt_pdv_001_excludes_opt_dzx_001,opt_pdv_001,excludes,opt_dzx_001,omit_grouped_exclusion,omitted,,runtime_authored_rule_false,delete,"{""body_style_scope"": """", ""disabled_reason"": """", ""generation_action"": ""omit_grouped_exclusion"", ""normalization_status"": ""omitted"", ""original_detail_raw"": ""includes (SB7) Corvette Racing Themed Graphics Package with Jake and Stingray R logos and (VWD) Stingray R logo wheel center caps, Genuine Corvette Accessory 1. Not available with RPO stripes (DPB, DPC, DPG, DPL, DPT, DSY, DSZ, DT0, DTB, DTH, DUB, DUE, DUK, DUW, DZU, DZV, DZX)."", ""rule_id"": ""rule_opt_pdv_001_excludes_opt_dzx_001"", ""rule_type"": ""excludes"", ""runtime_action"": """", ""source_id"": ""opt_pdv_001"", ""source_section"": ""sec_lpoe_001"", ""source_selection_mode"": ""multi_select_opt"", ""source_type"": ""main"", ""target_id"": ""opt_dzx_001"", ""target_section"": ""sec_stri_001"", ""target_selection_mode"": ""single_select_opt"", ""target_type"": ""main""}"
stingray,rule_mapping,162,rule_opt_r88_001_excludes_opt_dpb_001,opt_r88_001,excludes,opt_dpb_001,omit_grouped_exclusion,omitted,,runtime_authored_rule_false,delete,"{""body_style_scope"": """", ""disabled_reason"": """", ""generation_action"": ""omit_grouped_exclusion"", ""normalization_status"": ""omitted"", ""original_detail_raw"": ""1. Not available with (SFZ) Dark Stealth crossed flags emblems, LPO, (EYK) Chrome Exterior Badge Package or any Full Length Dual Racing Stripes (DPB, DPC, DPG, DPL, DPT, DSY, DSZ, DT0, DTB, DTH, DUB, DUE, DUK, DUW)."", ""rule_id"": ""rule_opt_r88_001_excludes_opt_dpb_001"", ""rule_type"": ""excludes"", ""runtime_action"": """", ""source_id"": ""opt_r88_001"", ""source_section"": ""sec_lpoe_001"", ""source_selection_mode"": ""multi_select_opt"", ""source_type"": ""main"", ""target_id"": ""opt_dpb_001"", ""target_section"": ""sec_stri_001"", ""target_selection_mode"": ""single_select_opt"", ""target_type"": ""main""}"
stingray,rule_mapping,163,rule_opt_r88_001_excludes_opt_dpc_001,opt_r88_001,excludes,opt_dpc_001,omit_grouped_exclusion,omitted,,runtime_authored_rule_false,delete,"{""body_style_scope"": """", ""disabled_reason"": """", ""generation_action"": ""omit_grouped_exclusion"", ""normalization_status"": ""omitted"", ""original_detail_raw"": ""1. Not available with (SFZ) Dark Stealth crossed flags emblems, LPO, (EYK) Chrome Exterior Badge Package or any Full Length Dual Racing Stripes (DPB, DPC, DPG, DPL, DPT, DSY, DSZ, DT0, DTB, DTH, DUB, DUE, DUK, DUW)."", ""rule_id"": ""rule_opt_r88_001_excludes_opt_dpc_001"", ""rule_type"": ""excludes"", ""runtime_action"": """", ""source_id"": ""opt_r88_001"", ""source_section"": ""sec_lpoe_001"", ""source_selection_mode"": ""multi_select_opt"", ""source_type"": ""main"", ""target_id"": ""opt_dpc_001"", ""target_section"": ""sec_stri_001"", ""target_selection_mode"": ""single_select_opt"", ""target_type"": ""main""}"
stingray,rule_mapping,164,rule_opt_r88_001_excludes_opt_dpg_001,opt_r88_001,excludes,opt_dpg_001,omit_grouped_exclusion,omitted,,runtime_authored_rule_false,delete,"{""body_style_scope"": """", ""disabled_reason"": """", ""generation_action"": ""omit_grouped_exclusion"", ""normalization_status"": ""omitted"", ""original_detail_raw"": ""1. Not available with (SFZ) Dark Stealth crossed flags emblems, LPO, (EYK) Chrome Exterior Badge Package or any Full Length Dual Racing Stripes (DPB, DPC, DPG, DPL, DPT, DSY, DSZ, DT0, DTB, DTH, DUB, DUE, DUK, DUW)."", ""rule_id"": ""rule_opt_r88_001_excludes_opt_dpg_001"", ""rule_type"": ""excludes"", ""runtime_action"": """", ""source_id"": ""opt_r88_001"", ""source_section"": ""sec_lpoe_001"", ""source_selection_mode"": ""multi_select_opt"", ""source_type"": ""main"", ""target_id"": ""opt_dpg_001"", ""target_section"": ""sec_stri_001"", ""target_selection_mode"": ""single_select_opt"", ""target_type"": ""main""}"
stingray,rule_mapping,165,rule_opt_r88_001_excludes_opt_dpl_001,opt_r88_001,excludes,opt_dpl_001,omit_grouped_exclusion,omitted,,runtime_authored_rule_false,delete,"{""body_style_scope"": """", ""disabled_reason"": """", ""generation_action"": ""omit_grouped_exclusion"", ""normalization_status"": ""omitted"", ""original_detail_raw"": ""1. Not available with (SFZ) Dark Stealth crossed flags emblems, LPO, (EYK) Chrome Exterior Badge Package or any Full Length Dual Racing Stripes (DPB, DPC, DPG, DPL, DPT, DSY, DSZ, DT0, DTB, DTH, DUB, DUE, DUK, DUW)."", ""rule_id"": ""rule_opt_r88_001_excludes_opt_dpl_001"", ""rule_type"": ""excludes"", ""runtime_action"": """", ""source_id"": ""opt_r88_001"", ""source_section"": ""sec_lpoe_001"", ""source_selection_mode"": ""multi_select_opt"", ""source_type"": ""main"", ""target_id"": ""opt_dpl_001"", ""target_section"": ""sec_stri_001"", ""target_selection_mode"": ""single_select_opt"", ""target_type"": ""main""}"
stingray,rule_mapping,166,rule_opt_r88_001_excludes_opt_dpt_001,opt_r88_001,excludes,opt_dpt_001,omit_grouped_exclusion,omitted,,runtime_authored_rule_false,delete,"{""body_style_scope"": """", ""disabled_reason"": """", ""generation_action"": ""omit_grouped_exclusion"", ""normalization_status"": ""omitted"", ""original_detail_raw"": ""1. Not available with (SFZ) Dark Stealth crossed flags emblems, LPO, (EYK) Chrome Exterior Badge Package or any Full Length Dual Racing Stripes (DPB, DPC, DPG, DPL, DPT, DSY, DSZ, DT0, DTB, DTH, DUB, DUE, DUK, DUW)."", ""rule_id"": ""rule_opt_r88_001_excludes_opt_dpt_001"", ""rule_type"": ""excludes"", ""runtime_action"": """", ""source_id"": ""opt_r88_001"", ""source_section"": ""sec_lpoe_001"", ""source_selection_mode"": ""multi_select_opt"", ""source_type"": ""main"", ""target_id"": ""opt_dpt_001"", ""target_section"": ""sec_stri_001"", ""target_selection_mode"": ""single_select_opt"", ""target_type"": ""main""}"
stingray,rule_mapping,167,rule_opt_r88_001_excludes_opt_dsy_001,opt_r88_001,excludes,opt_dsy_001,omit_grouped_exclusion,omitted,,runtime_authored_rule_false,delete,"{""body_style_scope"": """", ""disabled_reason"": """", ""generation_action"": ""omit_grouped_exclusion"", ""normalization_status"": ""omitted"", ""original_detail_raw"": ""1. Not available with (SFZ) Dark Stealth crossed flags emblems, LPO, (EYK) Chrome Exterior Badge Package or any Full Length Dual Racing Stripes (DPB, DPC, DPG, DPL, DPT, DSY, DSZ, DT0, DTB, DTH, DUB, DUE, DUK, DUW)."", ""rule_id"": ""rule_opt_r88_001_excludes_opt_dsy_001"", ""rule_type"": ""excludes"", ""runtime_action"": """", ""source_id"": ""opt_r88_001"", ""source_section"": ""sec_lpoe_001"", ""source_selection_mode"": ""multi_select_opt"", ""source_type"": ""main"", ""target_id"": ""opt_dsy_001"", ""target_section"": ""sec_stri_001"", ""target_selection_mode"": ""single_select_opt"", ""target_type"": ""main""}"
stingray,rule_mapping,168,rule_opt_r88_001_excludes_opt_dsz_001,opt_r88_001,excludes,opt_dsz_001,omit_grouped_exclusion,omitted,,runtime_authored_rule_false,delete,"{""body_style_scope"": """", ""disabled_reason"": """", ""generation_action"": ""omit_grouped_exclusion"", ""normalization_status"": ""omitted"", ""original_detail_raw"": ""1. Not available with (SFZ) Dark Stealth crossed flags emblems, LPO, (EYK) Chrome Exterior Badge Package or any Full Length Dual Racing Stripes (DPB, DPC, DPG, DPL, DPT, DSY, DSZ, DT0, DTB, DTH, DUB, DUE, DUK, DUW)."", ""rule_id"": ""rule_opt_r88_001_excludes_opt_dsz_001"", ""rule_type"": ""excludes"", ""runtime_action"": """", ""source_id"": ""opt_r88_001"", ""source_section"": ""sec_lpoe_001"", ""source_selection_mode"": ""multi_select_opt"", ""source_type"": ""main"", ""target_id"": ""opt_dsz_001"", ""target_section"": ""sec_stri_001"", ""target_selection_mode"": ""single_select_opt"", ""target_type"": ""main""}"
stingray,rule_mapping,169,rule_opt_r88_001_excludes_opt_dt0_001,opt_r88_001,excludes,opt_dt0_001,omit_grouped_exclusion,omitted,,runtime_authored_rule_false,delete,"{""body_style_scope"": """", ""disabled_reason"": """", ""generation_action"": ""omit_grouped_exclusion"", ""normalization_status"": ""omitted"", ""original_detail_raw"": ""1. Not available with (SFZ) Dark Stealth crossed flags emblems, LPO, (EYK) Chrome Exterior Badge Package or any Full Length Dual Racing Stripes (DPB, DPC, DPG, DPL, DPT, DSY, DSZ, DT0, DTB, DTH, DUB, DUE, DUK, DUW)."", ""rule_id"": ""rule_opt_r88_001_excludes_opt_dt0_001"", ""rule_type"": ""excludes"", ""runtime_action"": """", ""source_id"": ""opt_r88_001"", ""source_section"": ""sec_lpoe_001"", ""source_selection_mode"": ""multi_select_opt"", ""source_type"": ""main"", ""target_id"": ""opt_dt0_001"", ""target_section"": ""sec_stri_001"", ""target_selection_mode"": ""single_select_opt"", ""target_type"": ""main""}"
stingray,rule_mapping,170,rule_opt_r88_001_excludes_opt_dth_001,opt_r88_001,excludes,opt_dth_001,omit_grouped_exclusion,omitted,,runtime_authored_rule_false,delete,"{""body_style_scope"": """", ""disabled_reason"": """", ""generation_action"": ""omit_grouped_exclusion"", ""normalization_status"": ""omitted"", ""original_detail_raw"": ""1. Not available with (SFZ) Dark Stealth crossed flags emblems, LPO, (EYK) Chrome Exterior Badge Package or any Full Length Dual Racing Stripes (DPB, DPC, DPG, DPL, DPT, DSY, DSZ, DT0, DTB, DTH, DUB, DUE, DUK, DUW)."", ""rule_id"": ""rule_opt_r88_001_excludes_opt_dth_001"", ""rule_type"": ""excludes"", ""runtime_action"": """", ""source_id"": ""opt_r88_001"", ""source_section"": ""sec_lpoe_001"", ""source_selection_mode"": ""multi_select_opt"", ""source_type"": ""main"", ""target_id"": ""opt_dth_001"", ""target_section"": ""sec_stri_001"", ""target_selection_mode"": ""single_select_opt"", ""target_type"": ""main""}"
stingray,rule_mapping,171,rule_opt_r88_001_excludes_opt_dub_001,opt_r88_001,excludes,opt_dub_001,omit_grouped_exclusion,omitted,,runtime_authored_rule_false,delete,"{""body_style_scope"": """", ""disabled_reason"": """", ""generation_action"": ""omit_grouped_exclusion"", ""normalization_status"": ""omitted"", ""original_detail_raw"": ""1. Not available with (SFZ) Dark Stealth crossed flags emblems, LPO, (EYK) Chrome Exterior Badge Package or any Full Length Dual Racing Stripes (DPB, DPC, DPG, DPL, DPT, DSY, DSZ, DT0, DTB, DTH, DUB, DUE, DUK, DUW)."", ""rule_id"": ""rule_opt_r88_001_excludes_opt_dub_001"", ""rule_type"": ""excludes"", ""runtime_action"": """", ""source_id"": ""opt_r88_001"", ""source_section"": ""sec_lpoe_001"", ""source_selection_mode"": ""multi_select_opt"", ""source_type"": ""main"", ""target_id"": ""opt_dub_001"", ""target_section"": ""sec_stri_001"", ""target_selection_mode"": ""single_select_opt"", ""target_type"": ""main""}"
stingray,rule_mapping,172,rule_opt_r88_001_excludes_opt_due_001,opt_r88_001,excludes,opt_due_001,omit_grouped_exclusion,omitted,,runtime_authored_rule_false,delete,"{""body_style_scope"": """", ""disabled_reason"": """", ""generation_action"": ""omit_grouped_exclusion"", ""normalization_status"": ""omitted"", ""original_detail_raw"": ""1. Not available with (SFZ) Dark Stealth crossed flags emblems, LPO, (EYK) Chrome Exterior Badge Package or any Full Length Dual Racing Stripes (DPB, DPC, DPG, DPL, DPT, DSY, DSZ, DT0, DTB, DTH, DUB, DUE, DUK, DUW)."", ""rule_id"": ""rule_opt_r88_001_excludes_opt_due_001"", ""rule_type"": ""excludes"", ""runtime_action"": """", ""source_id"": ""opt_r88_001"", ""source_section"": ""sec_lpoe_001"", ""source_selection_mode"": ""multi_select_opt"", ""source_type"": ""main"", ""target_id"": ""opt_due_001"", ""target_section"": ""sec_stri_001"", ""target_selection_mode"": ""single_select_opt"", ""target_type"": ""main""}"
stingray,rule_mapping,173,rule_opt_r88_001_excludes_opt_duk_001,opt_r88_001,excludes,opt_duk_001,omit_grouped_exclusion,omitted,,runtime_authored_rule_false,delete,"{""body_style_scope"": """", ""disabled_reason"": """", ""generation_action"": ""omit_grouped_exclusion"", ""normalization_status"": ""omitted"", ""original_detail_raw"": ""1. Not available with (SFZ) Dark Stealth crossed flags emblems, LPO, (EYK) Chrome Exterior Badge Package or any Full Length Dual Racing Stripes (DPB, DPC, DPG, DPL, DPT, DSY, DSZ, DT0, DTB, DTH, DUB, DUE, DUK, DUW)."", ""rule_id"": ""rule_opt_r88_001_excludes_opt_duk_001"", ""rule_type"": ""excludes"", ""runtime_action"": """", ""source_id"": ""opt_r88_001"", ""source_section"": ""sec_lpoe_001"", ""source_selection_mode"": ""multi_select_opt"", ""source_type"": ""main"", ""target_id"": ""opt_duk_001"", ""target_section"": ""sec_stri_001"", ""target_selection_mode"": ""single_select_opt"", ""target_type"": ""main""}"
stingray,rule_mapping,174,rule_opt_r88_001_excludes_opt_duw_001,opt_r88_001,excludes,opt_duw_001,omit_grouped_exclusion,omitted,,runtime_authored_rule_false,delete,"{""body_style_scope"": """", ""disabled_reason"": """", ""generation_action"": ""omit_grouped_exclusion"", ""normalization_status"": ""omitted"", ""original_detail_raw"": ""1. Not available with (SFZ) Dark Stealth crossed flags emblems, LPO, (EYK) Chrome Exterior Badge Package or any Full Length Dual Racing Stripes (DPB, DPC, DPG, DPL, DPT, DSY, DSZ, DT0, DTB, DTH, DUB, DUE, DUK, DUW)."", ""rule_id"": ""rule_opt_r88_001_excludes_opt_duw_001"", ""rule_type"": ""excludes"", ""runtime_action"": """", ""source_id"": ""opt_r88_001"", ""source_section"": ""sec_lpoe_001"", ""source_selection_mode"": ""multi_select_opt"", ""source_type"": ""main"", ""target_id"": ""opt_duw_001"", ""target_section"": ""sec_stri_001"", ""target_selection_mode"": ""single_select_opt"", ""target_type"": ""main""}"
stingray,rule_mapping,175,rule_opt_r88_001_excludes_opt_eyk_001,opt_r88_001,excludes,opt_eyk_001,omit_grouped_exclusion,omitted,,runtime_authored_rule_false,delete,"{""body_style_scope"": """", ""disabled_reason"": """", ""generation_action"": ""omit_grouped_exclusion"", ""normalization_status"": ""omitted"", ""original_detail_raw"": ""1. Not available with (SFZ) Dark Stealth crossed flags emblems, LPO, (EYK) Chrome Exterior Badge Package or any Full Length Dual Racing Stripes (DPB, DPC, DPG, DPL, DPT, DSY, DSZ, DT0, DTB, DTH, DUB, DUE, DUK, DUW)."", ""rule_id"": ""rule_opt_r88_001_excludes_opt_eyk_001"", ""rule_type"": ""excludes"", ""runtime_action"": """", ""source_id"": ""opt_r88_001"", ""source_section"": ""sec_lpoe_001"", ""source_selection_mode"": ""multi_select_opt"", ""source_type"": ""main"", ""target_id"": ""opt_eyk_001"", ""target_section"": ""sec_badg_001"", ""target_selection_mode"": ""single_select_req"", ""target_type"": ""main""}"
stingray,rule_mapping,176,rule_opt_r88_001_excludes_opt_sfz_001,opt_r88_001,excludes,opt_sfz_001,omit_grouped_exclusion,omitted,,runtime_authored_rule_false,delete,"{""body_style_scope"": """", ""disabled_reason"": """", ""generation_action"": ""omit_grouped_exclusion"", ""normalization_status"": ""omitted"", ""original_detail_raw"": ""1. Not available with (SFZ) Dark Stealth crossed flags emblems, LPO, (EYK) Chrome Exterior Badge Package or any Full Length Dual Racing Stripes (DPB, DPC, DPG, DPL, DPT, DSY, DSZ, DT0, DTB, DTH, DUB, DUE, DUK, DUW)."", ""rule_id"": ""rule_opt_r88_001_excludes_opt_sfz_001"", ""rule_type"": ""excludes"", ""runtime_action"": """", ""source_id"": ""opt_r88_001"", ""source_section"": ""sec_lpoe_001"", ""source_selection_mode"": ""multi_select_opt"", ""source_type"": ""main"", ""target_id"": ""opt_sfz_001"", ""target_section"": ""sec_lpoe_001"", ""target_selection_mode"": ""multi_select_opt"", ""target_type"": ""main""}"
stingray,rule_mapping,193,rule_opt_sfz_001_excludes_opt_dpb_001,opt_sfz_001,excludes,opt_dpb_001,omit_grouped_exclusion,omitted,,runtime_authored_rule_false,delete,"{""body_style_scope"": """", ""disabled_reason"": """", ""generation_action"": ""omit_grouped_exclusion"", ""normalization_status"": ""omitted"", ""original_detail_raw"": ""1. Not available with (EYK) Chrome Exterior Badge Package or any Full Length Dual Racing Stripes (DPB, DPC, DPG, DPL, DPT, DSY, DSZ, DT0, DTB, DTH, DUB, DUE, DUK, DUW). Included with (PCX) Tech Bronze Accent Package, LPO."", ""rule_id"": ""rule_opt_sfz_001_excludes_opt_dpb_001"", ""rule_type"": ""excludes"", ""runtime_action"": """", ""source_id"": ""opt_sfz_001"", ""source_section"": ""sec_lpoe_001"", ""source_selection_mode"": ""multi_select_opt"", ""source_type"": ""main"", ""target_id"": ""opt_dpb_001"", ""target_section"": ""sec_stri_001"", ""target_selection_mode"": ""single_select_opt"", ""target_type"": ""main""}"
stingray,rule_mapping,194,rule_opt_sfz_001_excludes_opt_dpc_001,opt_sfz_001,excludes,opt_dpc_001,omit_grouped_exclusion,omitted,,runtime_authored_rule_false,delete,"{""body_style_scope"": """", ""disabled_reason"": """", ""generation_action"": ""omit_grouped_exclusion"", ""normalization_status"": ""omitted"", ""original_detail_raw"": ""1. Not available with (EYK) Chrome Exterior Badge Package or any Full Length Dual Racing Stripes (DPB, DPC, DPG, DPL, DPT, DSY, DSZ, DT0, DTB, DTH, DUB, DUE, DUK, DUW). Included with (PCX) Tech Bronze Accent Package, LPO."", ""rule_id"": ""rule_opt_sfz_001_excludes_opt_dpc_001"", ""rule_type"": ""excludes"", ""runtime_action"": """", ""source_id"": ""opt_sfz_001"", ""source_section"": ""sec_lpoe_001"", ""source_selection_mode"": ""multi_select_opt"", ""source_type"": ""main"", ""target_id"": ""opt_dpc_001"", ""target_section"": ""sec_stri_001"", ""target_selection_mode"": ""single_select_opt"", ""target_type"": ""main""}"
stingray,rule_mapping,195,rule_opt_sfz_001_excludes_opt_dpg_001,opt_sfz_001,excludes,opt_dpg_001,omit_grouped_exclusion,omitted,,runtime_authored_rule_false,delete,"{""body_style_scope"": """", ""disabled_reason"": """", ""generation_action"": ""omit_grouped_exclusion"", ""normalization_status"": ""omitted"", ""original_detail_raw"": ""1. Not available with (EYK) Chrome Exterior Badge Package or any Full Length Dual Racing Stripes (DPB, DPC, DPG, DPL, DPT, DSY, DSZ, DT0, DTB, DTH, DUB, DUE, DUK, DUW). Included with (PCX) Tech Bronze Accent Package, LPO."", ""rule_id"": ""rule_opt_sfz_001_excludes_opt_dpg_001"", ""rule_type"": ""excludes"", ""runtime_action"": """", ""source_id"": ""opt_sfz_001"", ""source_section"": ""sec_lpoe_001"", ""source_selection_mode"": ""multi_select_opt"", ""source_type"": ""main"", ""target_id"": ""opt_dpg_001"", ""target_section"": ""sec_stri_001"", ""target_selection_mode"": ""single_select_opt"", ""target_type"": ""main""}"
stingray,rule_mapping,196,rule_opt_sfz_001_excludes_opt_dpl_001,opt_sfz_001,excludes,opt_dpl_001,omit_grouped_exclusion,omitted,,runtime_authored_rule_false,delete,"{""body_style_scope"": """", ""disabled_reason"": """", ""generation_action"": ""omit_grouped_exclusion"", ""normalization_status"": ""omitted"", ""original_detail_raw"": ""1. Not available with (EYK) Chrome Exterior Badge Package or any Full Length Dual Racing Stripes (DPB, DPC, DPG, DPL, DPT, DSY, DSZ, DT0, DTB, DTH, DUB, DUE, DUK, DUW). Included with (PCX) Tech Bronze Accent Package, LPO."", ""rule_id"": ""rule_opt_sfz_001_excludes_opt_dpl_001"", ""rule_type"": ""excludes"", ""runtime_action"": """", ""source_id"": ""opt_sfz_001"", ""source_section"": ""sec_lpoe_001"", ""source_selection_mode"": ""multi_select_opt"", ""source_type"": ""main"", ""target_id"": ""opt_dpl_001"", ""target_section"": ""sec_stri_001"", ""target_selection_mode"": ""single_select_opt"", ""target_type"": ""main""}"
stingray,rule_mapping,197,rule_opt_sfz_001_excludes_opt_dpt_001,opt_sfz_001,excludes,opt_dpt_001,omit_grouped_exclusion,omitted,,runtime_authored_rule_false,delete,"{""body_style_scope"": """", ""disabled_reason"": """", ""generation_action"": ""omit_grouped_exclusion"", ""normalization_status"": ""omitted"", ""original_detail_raw"": ""1. Not available with (EYK) Chrome Exterior Badge Package or any Full Length Dual Racing Stripes (DPB, DPC, DPG, DPL, DPT, DSY, DSZ, DT0, DTB, DTH, DUB, DUE, DUK, DUW). Included with (PCX) Tech Bronze Accent Package, LPO."", ""rule_id"": ""rule_opt_sfz_001_excludes_opt_dpt_001"", ""rule_type"": ""excludes"", ""runtime_action"": """", ""source_id"": ""opt_sfz_001"", ""source_section"": ""sec_lpoe_001"", ""source_selection_mode"": ""multi_select_opt"", ""source_type"": ""main"", ""target_id"": ""opt_dpt_001"", ""target_section"": ""sec_stri_001"", ""target_selection_mode"": ""single_select_opt"", ""target_type"": ""main""}"
stingray,rule_mapping,198,rule_opt_sfz_001_excludes_opt_dsy_001,opt_sfz_001,excludes,opt_dsy_001,omit_grouped_exclusion,omitted,,runtime_authored_rule_false,delete,"{""body_style_scope"": """", ""disabled_reason"": """", ""generation_action"": ""omit_grouped_exclusion"", ""normalization_status"": ""omitted"", ""original_detail_raw"": ""1. Not available with (EYK) Chrome Exterior Badge Package or any Full Length Dual Racing Stripes (DPB, DPC, DPG, DPL, DPT, DSY, DSZ, DT0, DTB, DTH, DUB, DUE, DUK, DUW). Included with (PCX) Tech Bronze Accent Package, LPO."", ""rule_id"": ""rule_opt_sfz_001_excludes_opt_dsy_001"", ""rule_type"": ""excludes"", ""runtime_action"": """", ""source_id"": ""opt_sfz_001"", ""source_section"": ""sec_lpoe_001"", ""source_selection_mode"": ""multi_select_opt"", ""source_type"": ""main"", ""target_id"": ""opt_dsy_001"", ""target_section"": ""sec_stri_001"", ""target_selection_mode"": ""single_select_opt"", ""target_type"": ""main""}"
stingray,rule_mapping,199,rule_opt_sfz_001_excludes_opt_dsz_001,opt_sfz_001,excludes,opt_dsz_001,omit_grouped_exclusion,omitted,,runtime_authored_rule_false,delete,"{""body_style_scope"": """", ""disabled_reason"": """", ""generation_action"": ""omit_grouped_exclusion"", ""normalization_status"": ""omitted"", ""original_detail_raw"": ""1. Not available with (EYK) Chrome Exterior Badge Package or any Full Length Dual Racing Stripes (DPB, DPC, DPG, DPL, DPT, DSY, DSZ, DT0, DTB, DTH, DUB, DUE, DUK, DUW). Included with (PCX) Tech Bronze Accent Package, LPO."", ""rule_id"": ""rule_opt_sfz_001_excludes_opt_dsz_001"", ""rule_type"": ""excludes"", ""runtime_action"": """", ""source_id"": ""opt_sfz_001"", ""source_section"": ""sec_lpoe_001"", ""source_selection_mode"": ""multi_select_opt"", ""source_type"": ""main"", ""target_id"": ""opt_dsz_001"", ""target_section"": ""sec_stri_001"", ""target_selection_mode"": ""single_select_opt"", ""target_type"": ""main""}"
stingray,rule_mapping,200,rule_opt_sfz_001_excludes_opt_dt0_001,opt_sfz_001,excludes,opt_dt0_001,omit_grouped_exclusion,omitted,,runtime_authored_rule_false,delete,"{""body_style_scope"": """", ""disabled_reason"": """", ""generation_action"": ""omit_grouped_exclusion"", ""normalization_status"": ""omitted"", ""original_detail_raw"": ""1. Not available with (EYK) Chrome Exterior Badge Package or any Full Length Dual Racing Stripes (DPB, DPC, DPG, DPL, DPT, DSY, DSZ, DT0, DTB, DTH, DUB, DUE, DUK, DUW). Included with (PCX) Tech Bronze Accent Package, LPO."", ""rule_id"": ""rule_opt_sfz_001_excludes_opt_dt0_001"", ""rule_type"": ""excludes"", ""runtime_action"": """", ""source_id"": ""opt_sfz_001"", ""source_section"": ""sec_lpoe_001"", ""source_selection_mode"": ""multi_select_opt"", ""source_type"": ""main"", ""target_id"": ""opt_dt0_001"", ""target_section"": ""sec_stri_001"", ""target_selection_mode"": ""single_select_opt"", ""target_type"": ""main""}"
stingray,rule_mapping,201,rule_opt_sfz_001_excludes_opt_dth_001,opt_sfz_001,excludes,opt_dth_001,omit_grouped_exclusion,omitted,,runtime_authored_rule_false,delete,"{""body_style_scope"": """", ""disabled_reason"": """", ""generation_action"": ""omit_grouped_exclusion"", ""normalization_status"": ""omitted"", ""original_detail_raw"": ""1. Not available with (EYK) Chrome Exterior Badge Package or any Full Length Dual Racing Stripes (DPB, DPC, DPG, DPL, DPT, DSY, DSZ, DT0, DTB, DTH, DUB, DUE, DUK, DUW). Included with (PCX) Tech Bronze Accent Package, LPO."", ""rule_id"": ""rule_opt_sfz_001_excludes_opt_dth_001"", ""rule_type"": ""excludes"", ""runtime_action"": """", ""source_id"": ""opt_sfz_001"", ""source_section"": ""sec_lpoe_001"", ""source_selection_mode"": ""multi_select_opt"", ""source_type"": ""main"", ""target_id"": ""opt_dth_001"", ""target_section"": ""sec_stri_001"", ""target_selection_mode"": ""single_select_opt"", ""target_type"": ""main""}"
stingray,rule_mapping,202,rule_opt_sfz_001_excludes_opt_dub_001,opt_sfz_001,excludes,opt_dub_001,omit_grouped_exclusion,omitted,,runtime_authored_rule_false,delete,"{""body_style_scope"": """", ""disabled_reason"": """", ""generation_action"": ""omit_grouped_exclusion"", ""normalization_status"": ""omitted"", ""original_detail_raw"": ""1. Not available with (EYK) Chrome Exterior Badge Package or any Full Length Dual Racing Stripes (DPB, DPC, DPG, DPL, DPT, DSY, DSZ, DT0, DTB, DTH, DUB, DUE, DUK, DUW). Included with (PCX) Tech Bronze Accent Package, LPO."", ""rule_id"": ""rule_opt_sfz_001_excludes_opt_dub_001"", ""rule_type"": ""excludes"", ""runtime_action"": """", ""source_id"": ""opt_sfz_001"", ""source_section"": ""sec_lpoe_001"", ""source_selection_mode"": ""multi_select_opt"", ""source_type"": ""main"", ""target_id"": ""opt_dub_001"", ""target_section"": ""sec_stri_001"", ""target_selection_mode"": ""single_select_opt"", ""target_type"": ""main""}"
stingray,rule_mapping,203,rule_opt_sfz_001_excludes_opt_due_001,opt_sfz_001,excludes,opt_due_001,omit_grouped_exclusion,omitted,,runtime_authored_rule_false,delete,"{""body_style_scope"": """", ""disabled_reason"": """", ""generation_action"": ""omit_grouped_exclusion"", ""normalization_status"": ""omitted"", ""original_detail_raw"": ""1. Not available with (EYK) Chrome Exterior Badge Package or any Full Length Dual Racing Stripes (DPB, DPC, DPG, DPL, DPT, DSY, DSZ, DT0, DTB, DTH, DUB, DUE, DUK, DUW). Included with (PCX) Tech Bronze Accent Package, LPO."", ""rule_id"": ""rule_opt_sfz_001_excludes_opt_due_001"", ""rule_type"": ""excludes"", ""runtime_action"": """", ""source_id"": ""opt_sfz_001"", ""source_section"": ""sec_lpoe_001"", ""source_selection_mode"": ""multi_select_opt"", ""source_type"": ""main"", ""target_id"": ""opt_due_001"", ""target_section"": ""sec_stri_001"", ""target_selection_mode"": ""single_select_opt"", ""target_type"": ""main""}"
stingray,rule_mapping,204,rule_opt_sfz_001_excludes_opt_duk_001,opt_sfz_001,excludes,opt_duk_001,omit_grouped_exclusion,omitted,,runtime_authored_rule_false,delete,"{""body_style_scope"": """", ""disabled_reason"": """", ""generation_action"": ""omit_grouped_exclusion"", ""normalization_status"": ""omitted"", ""original_detail_raw"": ""1. Not available with (EYK) Chrome Exterior Badge Package or any Full Length Dual Racing Stripes (DPB, DPC, DPG, DPL, DPT, DSY, DSZ, DT0, DTB, DTH, DUB, DUE, DUK, DUW). Included with (PCX) Tech Bronze Accent Package, LPO."", ""rule_id"": ""rule_opt_sfz_001_excludes_opt_duk_001"", ""rule_type"": ""excludes"", ""runtime_action"": """", ""source_id"": ""opt_sfz_001"", ""source_section"": ""sec_lpoe_001"", ""source_selection_mode"": ""multi_select_opt"", ""source_type"": ""main"", ""target_id"": ""opt_duk_001"", ""target_section"": ""sec_stri_001"", ""target_selection_mode"": ""single_select_opt"", ""target_type"": ""main""}"
stingray,rule_mapping,205,rule_opt_sfz_001_excludes_opt_duw_001,opt_sfz_001,excludes,opt_duw_001,omit_grouped_exclusion,omitted,,runtime_authored_rule_false,delete,"{""body_style_scope"": """", ""disabled_reason"": """", ""generation_action"": ""omit_grouped_exclusion"", ""normalization_status"": ""omitted"", ""original_detail_raw"": ""1. Not available with (EYK) Chrome Exterior Badge Package or any Full Length Dual Racing Stripes (DPB, DPC, DPG, DPL, DPT, DSY, DSZ, DT0, DTB, DTH, DUB, DUE, DUK, DUW). Included with (PCX) Tech Bronze Accent Package, LPO."", ""rule_id"": ""rule_opt_sfz_001_excludes_opt_duw_001"", ""rule_type"": ""excludes"", ""runtime_action"": """", ""source_id"": ""opt_sfz_001"", ""source_section"": ""sec_lpoe_001"", ""source_selection_mode"": ""multi_select_opt"", ""source_type"": ""main"", ""target_id"": ""opt_duw_001"", ""target_section"": ""sec_stri_001"", ""target_selection_mode"": ""single_select_opt"", ""target_type"": ""main""}"
stingray,rule_mapping,206,rule_opt_sfz_001_excludes_opt_eyk_001,opt_sfz_001,excludes,opt_eyk_001,omit_grouped_exclusion,omitted,,runtime_authored_rule_false,delete,"{""body_style_scope"": """", ""disabled_reason"": """", ""generation_action"": ""omit_grouped_exclusion"", ""normalization_status"": ""omitted"", ""original_detail_raw"": ""1. Not available with (EYK) Chrome Exterior Badge Package or any Full Length Dual Racing Stripes (DPB, DPC, DPG, DPL, DPT, DSY, DSZ, DT0, DTB, DTH, DUB, DUE, DUK, DUW). Included with (PCX) Tech Bronze Accent Package, LPO."", ""rule_id"": ""rule_opt_sfz_001_excludes_opt_eyk_001"", ""rule_type"": ""excludes"", ""runtime_action"": """", ""source_id"": ""opt_sfz_001"", ""source_section"": ""sec_lpoe_001"", ""source_selection_mode"": ""multi_select_opt"", ""source_type"": ""main"", ""target_id"": ""opt_eyk_001"", ""target_section"": ""sec_badg_001"", ""target_selection_mode"": ""single_select_req"", ""target_type"": ""main""}"
grand_sport,grandSport_rule_mapping,2,gs_copy_rule_opt_r88_001_excludes_opt_eyk_001_opt_r88_001_excludes_opt_eyk_001,opt_r88_001,excludes,opt_eyk_001,omit_grouped_exclusion,omitted,,runtime_authored_rule_false,delete,"{""body_style_scope"": """", ""disabled_reason"": """", ""generation_action"": ""omit_grouped_exclusion"", ""normalization_status"": ""omitted"", ""original_detail_raw"": ""1. Not available with (SFZ) Dark Stealth crossed flags emblems, LPO, (EYK) Chrome Exterior Badge Package or any Full Length Dual Racing Stripes (DPB, DPC, DPG, DPL, DPT, DSY, DSZ, DT0, DTB, DTH, DUB, DUE, DUK, DUW)."", ""rule_id"": ""gs_copy_rule_opt_r88_001_excludes_opt_eyk_001_opt_r88_001_excludes_opt_eyk_001"", ""rule_type"": ""excludes"", ""runtime_action"": """", ""source_id"": ""opt_r88_001"", ""source_section"": ""sec_lpoe_001"", ""source_selection_mode"": ""multi_select_opt"", ""source_type"": ""option"", ""target_id"": ""opt_eyk_001"", ""target_section"": ""sec_badg_001"", ""target_selection_mode"": ""single_select_req"", ""target_type"": ""option""}"
grand_sport,grandSport_rule_mapping,3,gs_copy_rule_opt_sfz_001_excludes_opt_eyk_001_opt_sfz_001_excludes_opt_eyk_001,opt_sfz_001,excludes,opt_eyk_001,omit_grouped_exclusion,omitted,,runtime_authored_rule_false,delete,"{""body_style_scope"": """", ""disabled_reason"": """", ""generation_action"": ""omit_grouped_exclusion"", ""normalization_status"": ""omitted"", ""original_detail_raw"": ""1. Not available with (EYK) Chrome Exterior Badge Package or any Full Length Dual Racing Stripes (DPB, DPC, DPG, DPL, DPT, DSY, DSZ, DT0, DTB, DTH, DUB, DUE, DUK, DUW). Included with (PCX) Tech Bronze Accent Package, LPO."", ""rule_id"": ""gs_copy_rule_opt_sfz_001_excludes_opt_eyk_001_opt_sfz_001_excludes_opt_eyk_001"", ""rule_type"": ""excludes"", ""runtime_action"": """", ""source_id"": ""opt_sfz_001"", ""source_section"": ""sec_lpoe_001"", ""source_selection_mode"": ""multi_select_opt"", ""source_type"": ""option"", ""target_id"": ""opt_eyk_001"", ""target_section"": ""sec_badg_001"", ""target_selection_mode"": ""single_select_req"", ""target_type"": ""option""}"
grand_sport,grandSport_rule_mapping,4,gs_rule_opt_j57_001_includes_opt_j6d_001,opt_j57_001,includes,opt_j6d_001,omit_soft_defaulted_caliper,replaced,,runtime_authored_rule_false,delete,"{""body_style_scope"": """", ""disabled_reason"": ""J57 soft-defaults J6D as a customer-selected caliper choice rather than a hard auto-add."", ""generation_action"": ""omit_soft_defaulted_caliper"", ""normalization_status"": ""replaced"", ""original_detail_raw"": ""1. Included and only available with (J57) carbon ceramic brakes."", ""rule_id"": ""gs_rule_opt_j57_001_includes_opt_j6d_001"", ""rule_type"": ""includes"", ""runtime_action"": """", ""source_id"": ""opt_j57_001"", ""source_section"": ""sec_perf_brake_001"", ""source_selection_mode"": ""multi_select_opt"", ""source_type"": ""option"", ""target_id"": ""opt_j6d_001"", ""target_section"": ""sec_cali_001"", ""target_selection_mode"": ""single_select_req"", ""target_type"": ""option""}"
grand_sport,grandSport_rule_mapping,7,gs_copy_rule_opt_b6p_001_includes_opt_d3v_001_opt_b6p_001_includes_opt_d3v_001_coupe,opt_b6p_001,includes,opt_d3v_001,omit_redundant_scoped_duplicate,replaced,,runtime_authored_rule_false,delete,"{""body_style_scope"": ""coupe"", ""disabled_reason"": """", ""generation_action"": ""omit_redundant_scoped_duplicate"", ""normalization_status"": ""replaced"", ""original_detail_raw"": ""1. Included with (B6P) Coupe Engine Appearance Package or (BC4/BCP/BCS) LS6 engine covers."", ""rule_id"": ""gs_copy_rule_opt_b6p_001_includes_opt_d3v_001_opt_b6p_001_includes_opt_d3v_001_coupe"", ""rule_type"": ""includes"", ""runtime_action"": """", ""source_id"": ""opt_b6p_001"", ""source_section"": ""sec_engi_001"", ""source_selection_mode"": ""multi_select_opt"", ""source_type"": ""option"", ""target_id"": ""opt_d3v_001"", ""target_section"": ""sec_engi_001"", ""target_selection_mode"": ""multi_select_opt"", ""target_type"": ""option""}"
grand_sport,grandSport_rule_mapping,13,gs_rule_opt_bcp_002_includes_opt_b6p_001,opt_bcp_002,includes,opt_b6p_001,omit_replaced_by_d3v_include,replaced,,runtime_authored_rule_false,delete,"{""body_style_scope"": """", ""disabled_reason"": ""BCP/BCS include D3V directly; they do not include B6P."", ""generation_action"": ""omit_replaced_by_d3v_include"", ""normalization_status"": ""replaced"", ""original_detail_raw"": ""1. Includes (D3V) engine lighting. This option is without (B6P)"", ""rule_id"": ""gs_rule_opt_bcp_002_includes_opt_b6p_001"", ""rule_type"": ""includes"", ""runtime_action"": """", ""source_id"": ""opt_bcp_002"", ""source_section"": ""sec_engi_001"", ""source_selection_mode"": ""multi_select_opt"", ""source_type"": ""option"", ""target_id"": ""opt_b6p_001"", ""target_section"": ""sec_engi_001"", ""target_selection_mode"": ""multi_select_opt"", ""target_type"": ""option""}"
grand_sport,grandSport_rule_mapping,16,gs_rule_opt_bcs_002_includes_opt_b6p_001,opt_bcs_002,includes,opt_b6p_001,omit_replaced_by_d3v_include,replaced,,runtime_authored_rule_false,delete,"{""body_style_scope"": """", ""disabled_reason"": ""BCP/BCS include D3V directly; they do not include B6P."", ""generation_action"": ""omit_replaced_by_d3v_include"", ""normalization_status"": ""replaced"", ""original_detail_raw"": ""1. Includes (D3V) engine lighting. This option is without (B6P)"", ""rule_id"": ""gs_rule_opt_bcs_002_includes_opt_b6p_001"", ""rule_type"": ""includes"", ""runtime_action"": """", ""source_id"": ""opt_bcs_002"", ""source_section"": ""sec_engi_001"", ""source_selection_mode"": ""multi_select_opt"", ""source_type"": ""option"", ""target_id"": ""opt_b6p_001"", ""target_section"": ""sec_engi_001"", ""target_selection_mode"": ""multi_select_opt"", ""target_type"": ""option""}"
grand_sport,grandSport_rule_mapping,22,gs_approved_opt_r88_001_excludes_opt_dmu_001,opt_r88_001,excludes,opt_dmu_001,omit_grouped_exclusion,omitted,,runtime_authored_rule_false,delete,"{""body_style_scope"": """", ""disabled_reason"": """", ""generation_action"": ""omit_grouped_exclusion"", ""normalization_status"": ""omitted"", ""original_detail_raw"": ""R88 is not available with EYK or stripe options."", ""rule_id"": ""gs_approved_opt_r88_001_excludes_opt_dmu_001"", ""rule_type"": ""excludes"", ""runtime_action"": """", ""source_id"": ""opt_r88_001"", ""source_section"": ""sec_lpoe_001"", ""source_selection_mode"": ""multi_select_opt"", ""source_type"": ""option"", ""target_id"": ""opt_dmu_001"", ""target_section"": ""sec_gsce_001"", ""target_selection_mode"": ""single_select_opt"", ""target_type"": ""option""}"
grand_sport,grandSport_rule_mapping,23,gs_approved_opt_r88_001_excludes_opt_dmv_001,opt_r88_001,excludes,opt_dmv_001,omit_grouped_exclusion,omitted,,runtime_authored_rule_false,delete,"{""body_style_scope"": """", ""disabled_reason"": """", ""generation_action"": ""omit_grouped_exclusion"", ""normalization_status"": ""omitted"", ""original_detail_raw"": ""R88 is not available with EYK or stripe options."", ""rule_id"": ""gs_approved_opt_r88_001_excludes_opt_dmv_001"", ""rule_type"": ""excludes"", ""runtime_action"": """", ""source_id"": ""opt_r88_001"", ""source_section"": ""sec_lpoe_001"", ""source_selection_mode"": ""multi_select_opt"", ""source_type"": ""option"", ""target_id"": ""opt_dmv_001"", ""target_section"": ""sec_gsce_001"", ""target_selection_mode"": ""single_select_opt"", ""target_type"": ""option""}"
grand_sport,grandSport_rule_mapping,24,gs_approved_opt_r88_001_excludes_opt_dmw_001,opt_r88_001,excludes,opt_dmw_001,omit_grouped_exclusion,omitted,,runtime_authored_rule_false,delete,"{""body_style_scope"": """", ""disabled_reason"": """", ""generation_action"": ""omit_grouped_exclusion"", ""normalization_status"": ""omitted"", ""original_detail_raw"": ""R88 is not available with EYK or stripe options."", ""rule_id"": ""gs_approved_opt_r88_001_excludes_opt_dmw_001"", ""rule_type"": ""excludes"", ""runtime_action"": """", ""source_id"": ""opt_r88_001"", ""source_section"": ""sec_lpoe_001"", ""source_selection_mode"": ""multi_select_opt"", ""source_type"": ""option"", ""target_id"": ""opt_dmw_001"", ""target_section"": ""sec_gsce_001"", ""target_selection_mode"": ""single_select_opt"", ""target_type"": ""option""}"
grand_sport,grandSport_rule_mapping,25,gs_approved_opt_r88_001_excludes_opt_dmx_001,opt_r88_001,excludes,opt_dmx_001,omit_grouped_exclusion,omitted,,runtime_authored_rule_false,delete,"{""body_style_scope"": """", ""disabled_reason"": """", ""generation_action"": ""omit_grouped_exclusion"", ""normalization_status"": ""omitted"", ""original_detail_raw"": ""R88 is not available with EYK or stripe options."", ""rule_id"": ""gs_approved_opt_r88_001_excludes_opt_dmx_001"", ""rule_type"": ""excludes"", ""runtime_action"": """", ""source_id"": ""opt_r88_001"", ""source_section"": ""sec_lpoe_001"", ""source_selection_mode"": ""multi_select_opt"", ""source_type"": ""option"", ""target_id"": ""opt_dmx_001"", ""target_section"": ""sec_gsce_001"", ""target_selection_mode"": ""single_select_opt"", ""target_type"": ""option""}"
grand_sport,grandSport_rule_mapping,26,gs_approved_opt_r88_001_excludes_opt_dmy_001,opt_r88_001,excludes,opt_dmy_001,omit_grouped_exclusion,omitted,,runtime_authored_rule_false,delete,"{""body_style_scope"": """", ""disabled_reason"": """", ""generation_action"": ""omit_grouped_exclusion"", ""normalization_status"": ""omitted"", ""original_detail_raw"": ""R88 is not available with EYK or stripe options."", ""rule_id"": ""gs_approved_opt_r88_001_excludes_opt_dmy_001"", ""rule_type"": ""excludes"", ""runtime_action"": """", ""source_id"": ""opt_r88_001"", ""source_section"": ""sec_lpoe_001"", ""source_selection_mode"": ""multi_select_opt"", ""source_type"": ""option"", ""target_id"": ""opt_dmy_001"", ""target_section"": ""sec_gsce_001"", ""target_selection_mode"": ""single_select_opt"", ""target_type"": ""option""}"
grand_sport,grandSport_rule_mapping,27,gs_approved_opt_sfz_001_excludes_opt_dmu_001,opt_sfz_001,excludes,opt_dmu_001,omit_grouped_exclusion,omitted,,runtime_authored_rule_false,delete,"{""body_style_scope"": """", ""disabled_reason"": """", ""generation_action"": ""omit_grouped_exclusion"", ""normalization_status"": ""omitted"", ""original_detail_raw"": ""SFZ is not available with EYK or stripe options."", ""rule_id"": ""gs_approved_opt_sfz_001_excludes_opt_dmu_001"", ""rule_type"": ""excludes"", ""runtime_action"": """", ""source_id"": ""opt_sfz_001"", ""source_section"": ""sec_lpoe_001"", ""source_selection_mode"": ""multi_select_opt"", ""source_type"": ""option"", ""target_id"": ""opt_dmu_001"", ""target_section"": ""sec_gsce_001"", ""target_selection_mode"": ""single_select_opt"", ""target_type"": ""option""}"
grand_sport,grandSport_rule_mapping,28,gs_approved_opt_sfz_001_excludes_opt_dmv_001,opt_sfz_001,excludes,opt_dmv_001,omit_grouped_exclusion,omitted,,runtime_authored_rule_false,delete,"{""body_style_scope"": """", ""disabled_reason"": """", ""generation_action"": ""omit_grouped_exclusion"", ""normalization_status"": ""omitted"", ""original_detail_raw"": ""SFZ is not available with EYK or stripe options."", ""rule_id"": ""gs_approved_opt_sfz_001_excludes_opt_dmv_001"", ""rule_type"": ""excludes"", ""runtime_action"": """", ""source_id"": ""opt_sfz_001"", ""source_section"": ""sec_lpoe_001"", ""source_selection_mode"": ""multi_select_opt"", ""source_type"": ""option"", ""target_id"": ""opt_dmv_001"", ""target_section"": ""sec_gsce_001"", ""target_selection_mode"": ""single_select_opt"", ""target_type"": ""option""}"
grand_sport,grandSport_rule_mapping,29,gs_approved_opt_sfz_001_excludes_opt_dmw_001,opt_sfz_001,excludes,opt_dmw_001,omit_grouped_exclusion,omitted,,runtime_authored_rule_false,delete,"{""body_style_scope"": """", ""disabled_reason"": """", ""generation_action"": ""omit_grouped_exclusion"", ""normalization_status"": ""omitted"", ""original_detail_raw"": ""SFZ is not available with EYK or stripe options."", ""rule_id"": ""gs_approved_opt_sfz_001_excludes_opt_dmw_001"", ""rule_type"": ""excludes"", ""runtime_action"": """", ""source_id"": ""opt_sfz_001"", ""source_section"": ""sec_lpoe_001"", ""source_selection_mode"": ""multi_select_opt"", ""source_type"": ""option"", ""target_id"": ""opt_dmw_001"", ""target_section"": ""sec_gsce_001"", ""target_selection_mode"": ""single_select_opt"", ""target_type"": ""option""}"
grand_sport,grandSport_rule_mapping,30,gs_approved_opt_sfz_001_excludes_opt_dmx_001,opt_sfz_001,excludes,opt_dmx_001,omit_grouped_exclusion,omitted,,runtime_authored_rule_false,delete,"{""body_style_scope"": """", ""disabled_reason"": """", ""generation_action"": ""omit_grouped_exclusion"", ""normalization_status"": ""omitted"", ""original_detail_raw"": ""SFZ is not available with EYK or stripe options."", ""rule_id"": ""gs_approved_opt_sfz_001_excludes_opt_dmx_001"", ""rule_type"": ""excludes"", ""runtime_action"": """", ""source_id"": ""opt_sfz_001"", ""source_section"": ""sec_lpoe_001"", ""source_selection_mode"": ""multi_select_opt"", ""source_type"": ""option"", ""target_id"": ""opt_dmx_001"", ""target_section"": ""sec_gsce_001"", ""target_selection_mode"": ""single_select_opt"", ""target_type"": ""option""}"
grand_sport,grandSport_rule_mapping,31,gs_approved_opt_sfz_001_excludes_opt_dmy_001,opt_sfz_001,excludes,opt_dmy_001,omit_grouped_exclusion,omitted,,runtime_authored_rule_false,delete,"{""body_style_scope"": """", ""disabled_reason"": """", ""generation_action"": ""omit_grouped_exclusion"", ""normalization_status"": ""omitted"", ""original_detail_raw"": ""SFZ is not available with EYK or stripe options."", ""rule_id"": ""gs_approved_opt_sfz_001_excludes_opt_dmy_001"", ""rule_type"": ""excludes"", ""runtime_action"": """", ""source_id"": ""opt_sfz_001"", ""source_section"": ""sec_lpoe_001"", ""source_selection_mode"": ""multi_select_opt"", ""source_type"": ""option"", ""target_id"": ""opt_dmy_001"", ""target_section"": ""sec_gsce_001"", ""target_selection_mode"": ""single_select_opt"", ""target_type"": ""option""}"
grand_sport,grandSport_rule_mapping,32,gs_rule_opt_cf8_001_excludes_opt_dmu_001,opt_cf8_001,excludes,opt_dmu_001,omit_grouped_exclusion,omitted,,runtime_authored_rule_false,delete,"{""body_style_scope"": """", ""disabled_reason"": """", ""generation_action"": ""omit_grouped_exclusion"", ""normalization_status"": ""omitted"", ""original_detail_raw"": ""1. Not available at start of production. Not available with any Full Length Dual Racing Stripes (DPB, DPC, DPG, DPL, DPT, DSY, DSZ, DT0, DTB, DTH, DUB, DUE, DUK, DUW) or Grand Sport Heritage Center Stripes (DMU, DMV, DMW, DMX, DMY)."", ""rule_id"": ""gs_rule_opt_cf8_001_excludes_opt_dmu_001"", ""rule_type"": ""excludes"", ""runtime_action"": """", ""source_id"": ""opt_cf8_001"", ""source_section"": ""sec_roof_001"", ""source_selection_mode"": ""single_select_req"", ""source_type"": ""option"", ""target_id"": ""opt_dmu_001"", ""target_section"": ""sec_gsce_001"", ""target_selection_mode"": ""single_select_opt"", ""target_type"": ""option""}"
grand_sport,grandSport_rule_mapping,33,gs_rule_opt_cf8_001_excludes_opt_dmv_001,opt_cf8_001,excludes,opt_dmv_001,omit_grouped_exclusion,omitted,,runtime_authored_rule_false,delete,"{""body_style_scope"": """", ""disabled_reason"": """", ""generation_action"": ""omit_grouped_exclusion"", ""normalization_status"": ""omitted"", ""original_detail_raw"": ""1. Not available at start of production. Not available with any Full Length Dual Racing Stripes (DPB, DPC, DPG, DPL, DPT, DSY, DSZ, DT0, DTB, DTH, DUB, DUE, DUK, DUW) or Grand Sport Heritage Center Stripes (DMU, DMV, DMW, DMX, DMY)."", ""rule_id"": ""gs_rule_opt_cf8_001_excludes_opt_dmv_001"", ""rule_type"": ""excludes"", ""runtime_action"": """", ""source_id"": ""opt_cf8_001"", ""source_section"": ""sec_roof_001"", ""source_selection_mode"": ""single_select_req"", ""source_type"": ""option"", ""target_id"": ""opt_dmv_001"", ""target_section"": ""sec_gsce_001"", ""target_selection_mode"": ""single_select_opt"", ""target_type"": ""option""}"
grand_sport,grandSport_rule_mapping,34,gs_rule_opt_cf8_001_excludes_opt_dmw_001,opt_cf8_001,excludes,opt_dmw_001,omit_grouped_exclusion,omitted,,runtime_authored_rule_false,delete,"{""body_style_scope"": """", ""disabled_reason"": """", ""generation_action"": ""omit_grouped_exclusion"", ""normalization_status"": ""omitted"", ""original_detail_raw"": ""1. Not available at start of production. Not available with any Full Length Dual Racing Stripes (DPB, DPC, DPG, DPL, DPT, DSY, DSZ, DT0, DTB, DTH, DUB, DUE, DUK, DUW) or Grand Sport Heritage Center Stripes (DMU, DMV, DMW, DMX, DMY)."", ""rule_id"": ""gs_rule_opt_cf8_001_excludes_opt_dmw_001"", ""rule_type"": ""excludes"", ""runtime_action"": """", ""source_id"": ""opt_cf8_001"", ""source_section"": ""sec_roof_001"", ""source_selection_mode"": ""single_select_req"", ""source_type"": ""option"", ""target_id"": ""opt_dmw_001"", ""target_section"": ""sec_gsce_001"", ""target_selection_mode"": ""single_select_opt"", ""target_type"": ""option""}"
grand_sport,grandSport_rule_mapping,35,gs_rule_opt_cf8_001_excludes_opt_dmx_001,opt_cf8_001,excludes,opt_dmx_001,omit_grouped_exclusion,omitted,,runtime_authored_rule_false,delete,"{""body_style_scope"": """", ""disabled_reason"": """", ""generation_action"": ""omit_grouped_exclusion"", ""normalization_status"": ""omitted"", ""original_detail_raw"": ""1. Not available at start of production. Not available with any Full Length Dual Racing Stripes (DPB, DPC, DPG, DPL, DPT, DSY, DSZ, DT0, DTB, DTH, DUB, DUE, DUK, DUW) or Grand Sport Heritage Center Stripes (DMU, DMV, DMW, DMX, DMY)."", ""rule_id"": ""gs_rule_opt_cf8_001_excludes_opt_dmx_001"", ""rule_type"": ""excludes"", ""runtime_action"": """", ""source_id"": ""opt_cf8_001"", ""source_section"": ""sec_roof_001"", ""source_selection_mode"": ""single_select_req"", ""source_type"": ""option"", ""target_id"": ""opt_dmx_001"", ""target_section"": ""sec_gsce_001"", ""target_selection_mode"": ""single_select_opt"", ""target_type"": ""option""}"
grand_sport,grandSport_rule_mapping,36,gs_rule_opt_cf8_001_excludes_opt_dmy_001,opt_cf8_001,excludes,opt_dmy_001,omit_grouped_exclusion,omitted,,runtime_authored_rule_false,delete,"{""body_style_scope"": """", ""disabled_reason"": """", ""generation_action"": ""omit_grouped_exclusion"", ""normalization_status"": ""omitted"", ""original_detail_raw"": ""1. Not available at start of production. Not available with any Full Length Dual Racing Stripes (DPB, DPC, DPG, DPL, DPT, DSY, DSZ, DT0, DTB, DTH, DUB, DUE, DUK, DUW) or Grand Sport Heritage Center Stripes (DMU, DMV, DMW, DMX, DMY)."", ""rule_id"": ""gs_rule_opt_cf8_001_excludes_opt_dmy_001"", ""rule_type"": ""excludes"", ""runtime_action"": """", ""source_id"": ""opt_cf8_001"", ""source_section"": ""sec_roof_001"", ""source_selection_mode"": ""single_select_req"", ""source_type"": ""option"", ""target_id"": ""opt_dmy_001"", ""target_section"": ""sec_gsce_001"", ""target_selection_mode"": ""single_select_opt"", ""target_type"": ""option""}"
grand_sport,grandSport_rule_mapping,39,gs_rule_opt_sig_001_requires_opt_t0e_002,opt_sig_001,requires,opt_t0e_002,,active,,not_emitted_by_current_runtime_generation,delete,"{""body_style_scope"": """", ""disabled_reason"": """", ""generation_action"": """", ""normalization_status"": ""active"", ""original_detail_raw"": ""1. Requires (T0E) rear spoiler."", ""rule_id"": ""gs_rule_opt_sig_001_requires_opt_t0e_002"", ""rule_type"": ""requires"", ""runtime_action"": """", ""source_id"": ""opt_sig_001"", ""source_section"": ""sec_lpoe_001"", ""source_selection_mode"": ""multi_select_opt"", ""source_type"": ""option"", ""target_id"": ""opt_t0e_002"", ""target_section"": ""sec_incl_001"", ""target_selection_mode"": ""display_only"", ""target_type"": ""option""}"
grand_sport,grandSport_rule_mapping,47,gs_copy_rule_opt_r88_001_excludes_opt_sfz_001_opt_r88_001_excludes_opt_sfz_001,opt_r88_001,excludes,opt_sfz_001,omit_grouped_exclusion,omitted,,runtime_authored_rule_false,delete,"{""body_style_scope"": """", ""disabled_reason"": """", ""generation_action"": ""omit_grouped_exclusion"", ""normalization_status"": ""omitted"", ""original_detail_raw"": ""1. Not available with (SFZ) Dark Stealth crossed flags emblems, LPO, (EYK) Chrome Exterior Badge Package or any Full Length Dual Racing Stripes (DPB, DPC, DPG, DPL, DPT, DSY, DSZ, DT0, DTB, DTH, DUB, DUE, DUK, DUW)."", ""rule_id"": ""gs_copy_rule_opt_r88_001_excludes_opt_sfz_001_opt_r88_001_excludes_opt_sfz_001"", ""rule_type"": ""excludes"", ""runtime_action"": """", ""source_id"": ""opt_r88_001"", ""source_section"": ""sec_lpoe_001"", ""source_selection_mode"": ""multi_select_opt"", ""source_type"": ""option"", ""target_id"": ""opt_sfz_001"", ""target_section"": ""sec_lpoe_001"", ""target_selection_mode"": ""multi_select_opt"", ""target_type"": ""option""}"
grand_sport,grandSport_rule_mapping,48,gs_copy_rule_opt_rik_001_excludes_opt_rin_001_opt_rik_001_excludes_opt_rin_001,opt_rik_001,excludes,opt_rin_001,omit_grouped_exclusion,omitted,,runtime_authored_rule_false,delete,"{""body_style_scope"": """", ""disabled_reason"": """", ""generation_action"": ""omit_grouped_exclusion"", ""normalization_status"": ""omitted"", ""original_detail_raw"": ""1. Not available with RIN, SL8."", ""rule_id"": ""gs_copy_rule_opt_rik_001_excludes_opt_rin_001_opt_rik_001_excludes_opt_rin_001"", ""rule_type"": ""excludes"", ""runtime_action"": """", ""source_id"": ""opt_rik_001"", ""source_section"": ""sec_lpoe_001"", ""source_selection_mode"": ""multi_select_opt"", ""source_type"": ""option"", ""target_id"": ""opt_rin_001"", ""target_section"": ""sec_lpoe_001"", ""target_selection_mode"": ""multi_select_opt"", ""target_type"": ""option""}"
grand_sport,grandSport_rule_mapping,49,gs_copy_rule_opt_rik_001_excludes_opt_sl8_001_opt_rik_001_excludes_opt_sl8_001,opt_rik_001,excludes,opt_sl8_001,omit_grouped_exclusion,omitted,,runtime_authored_rule_false,delete,"{""body_style_scope"": """", ""disabled_reason"": """", ""generation_action"": ""omit_grouped_exclusion"", ""normalization_status"": ""omitted"", ""original_detail_raw"": ""1. Not available with RIN, SL8."", ""rule_id"": ""gs_copy_rule_opt_rik_001_excludes_opt_sl8_001_opt_rik_001_excludes_opt_sl8_001"", ""rule_type"": ""excludes"", ""runtime_action"": """", ""source_id"": ""opt_rik_001"", ""source_section"": ""sec_lpoe_001"", ""source_selection_mode"": ""multi_select_opt"", ""source_type"": ""option"", ""target_id"": ""opt_sl8_001"", ""target_section"": ""sec_lpoe_001"", ""target_selection_mode"": ""multi_select_opt"", ""target_type"": ""option""}"
grand_sport,grandSport_rule_mapping,50,gs_copy_rule_opt_rin_001_excludes_opt_rik_001_opt_rin_001_excludes_opt_rik_001,opt_rin_001,excludes,opt_rik_001,omit_grouped_exclusion,omitted,,runtime_authored_rule_false,delete,"{""body_style_scope"": """", ""disabled_reason"": """", ""generation_action"": ""omit_grouped_exclusion"", ""normalization_status"": ""omitted"", ""original_detail_raw"": ""1. Not available with RIK, SL8."", ""rule_id"": ""gs_copy_rule_opt_rin_001_excludes_opt_rik_001_opt_rin_001_excludes_opt_rik_001"", ""rule_type"": ""excludes"", ""runtime_action"": """", ""source_id"": ""opt_rin_001"", ""source_section"": ""sec_lpoe_001"", ""source_selection_mode"": ""multi_select_opt"", ""source_type"": ""option"", ""target_id"": ""opt_rik_001"", ""target_section"": ""sec_lpoe_001"", ""target_selection_mode"": ""multi_select_opt"", ""target_type"": ""option""}"
grand_sport,grandSport_rule_mapping,51,gs_copy_rule_opt_rin_001_excludes_opt_sl8_001_opt_rin_001_excludes_opt_sl8_001,opt_rin_001,excludes,opt_sl8_001,omit_grouped_exclusion,omitted,,runtime_authored_rule_false,delete,"{""body_style_scope"": """", ""disabled_reason"": """", ""generation_action"": ""omit_grouped_exclusion"", ""normalization_status"": ""omitted"", ""original_detail_raw"": ""1. Not available with RIK, SL8."", ""rule_id"": ""gs_copy_rule_opt_rin_001_excludes_opt_sl8_001_opt_rin_001_excludes_opt_sl8_001"", ""rule_type"": ""excludes"", ""runtime_action"": """", ""source_id"": ""opt_rin_001"", ""source_section"": ""sec_lpoe_001"", ""source_selection_mode"": ""multi_select_opt"", ""source_type"": ""option"", ""target_id"": ""opt_sl8_001"", ""target_section"": ""sec_lpoe_001"", ""target_selection_mode"": ""multi_select_opt"", ""target_type"": ""option""}"
grand_sport,grandSport_rule_mapping,52,gs_copy_rule_opt_sl8_001_excludes_opt_rik_001_opt_sl8_001_excludes_opt_rik_001,opt_sl8_001,excludes,opt_rik_001,omit_grouped_exclusion,omitted,,runtime_authored_rule_false,delete,"{""body_style_scope"": """", ""disabled_reason"": """", ""generation_action"": ""omit_grouped_exclusion"", ""normalization_status"": ""omitted"", ""original_detail_raw"": ""1. Not available with RIK, RIN."", ""rule_id"": ""gs_copy_rule_opt_sl8_001_excludes_opt_rik_001_opt_sl8_001_excludes_opt_rik_001"", ""rule_type"": ""excludes"", ""runtime_action"": """", ""source_id"": ""opt_sl8_001"", ""source_section"": ""sec_lpoe_001"", ""source_selection_mode"": ""multi_select_opt"", ""source_type"": ""option"", ""target_id"": ""opt_rik_001"", ""target_section"": ""sec_lpoe_001"", ""target_selection_mode"": ""multi_select_opt"", ""target_type"": ""option""}"
grand_sport,grandSport_rule_mapping,53,gs_copy_rule_opt_sl8_001_excludes_opt_rin_001_opt_sl8_001_excludes_opt_rin_001,opt_sl8_001,excludes,opt_rin_001,omit_grouped_exclusion,omitted,,runtime_authored_rule_false,delete,"{""body_style_scope"": """", ""disabled_reason"": """", ""generation_action"": ""omit_grouped_exclusion"", ""normalization_status"": ""omitted"", ""original_detail_raw"": ""1. Not available with RIK, RIN."", ""rule_id"": ""gs_copy_rule_opt_sl8_001_excludes_opt_rin_001_opt_sl8_001_excludes_opt_rin_001"", ""rule_type"": ""excludes"", ""runtime_action"": """", ""source_id"": ""opt_sl8_001"", ""source_section"": ""sec_lpoe_001"", ""source_selection_mode"": ""multi_select_opt"", ""source_type"": ""option"", ""target_id"": ""opt_rin_001"", ""target_section"": ""sec_lpoe_001"", ""target_selection_mode"": ""multi_select_opt"", ""target_type"": ""option""}"
grand_sport,grandSport_rule_mapping,59,gs_rule_opt_009_requires_opt_ue1_001,opt_009,requires,opt_ue1_001,,active,,not_emitted_by_current_runtime_generation,delete,"{""body_style_scope"": """", ""disabled_reason"": """", ""generation_action"": """", ""normalization_status"": ""active"", ""original_detail_raw"": ""1. Requires (UE1) OnStar. OnStar Basics is standard for 8 years; working electrical system, cell reception and GPS signal required. OnStar links to emergency services. Service coverage varies with conditions and location. Service availability, features and functionality vary by device and software version. Subject to user terms. See onstar.com for details and limitations. Removed with a ship-to of Guam, Puerto Rico or the Virgin Islands."", ""rule_id"": ""gs_rule_opt_009_requires_opt_ue1_001"", ""rule_type"": ""requires"", ""runtime_action"": """", ""source_id"": ""opt_009"", ""source_section"": ""sec_onst_001"", ""source_selection_mode"": ""single_select_opt"", ""source_type"": ""option"", ""target_id"": ""opt_ue1_001"", ""target_section"": ""sec_onst_001"", ""target_selection_mode"": ""single_select_opt"", ""target_type"": ""option""}"
grand_sport,grandSport_rule_mapping,60,gs_rule_opt_prb_001_requires_opt_ue1_001,opt_prb_001,requires,opt_ue1_001,,active,,not_emitted_by_current_runtime_generation,delete,"{""body_style_scope"": """", ""disabled_reason"": """", ""generation_action"": """", ""normalization_status"": ""active"", ""original_detail_raw"": ""1. Requires (UE1) OnStar and a Retail order type. Not available on vehicles being shipped to Puerto Rico, the Virgin Islands, or Guam. OnStar plan, working electrical system, cell reception and GPS signal required. OnStar links to emergency services. Not all vehicles may transmit all crash data. Service coverage varies with conditions and location. Service availability, features and functionality vary by device and software version. Subject to user terms. See onstar.com for details and limitations."", ""rule_id"": ""gs_rule_opt_prb_001_requires_opt_ue1_001"", ""rule_type"": ""requires"", ""runtime_action"": """", ""source_id"": ""opt_prb_001"", ""source_section"": ""sec_onst_001"", ""source_selection_mode"": ""single_select_opt"", ""source_type"": ""option"", ""target_id"": ""opt_ue1_001"", ""target_section"": ""sec_onst_001"", ""target_selection_mode"": ""single_select_opt"", ""target_type"": ""option""}"
grand_sport,grandSport_rule_mapping,94,gs_rule_opt_feb_001_excludes_opt_fey_001,opt_feb_001,excludes,opt_fey_001,omit_grouped_exclusion,omitted,,runtime_authored_rule_false,delete,"{""body_style_scope"": """", ""disabled_reason"": """", ""generation_action"": ""omit_grouped_exclusion"", ""normalization_status"": ""omitted"", ""original_detail_raw"": ""FEB Z52 Sport Performance Package and FEY Z52 Track Performance Package are mutually exclusive."", ""rule_id"": ""gs_rule_opt_feb_001_excludes_opt_fey_001"", ""rule_type"": ""excludes"", ""runtime_action"": """", ""source_id"": ""opt_feb_001"", ""source_section"": ""sec_perf_z52_001"", ""source_selection_mode"": ""multi_select_opt"", ""source_type"": ""option"", ""target_id"": ""opt_fey_001"", ""target_section"": ""sec_perf_z52_001"", ""target_selection_mode"": ""multi_select_opt"", ""target_type"": ""option""}"
grand_sport,grandSport_rule_mapping,95,gs_rule_opt_fey_001_excludes_opt_feb_001,opt_fey_001,excludes,opt_feb_001,omit_grouped_exclusion,omitted,,runtime_authored_rule_false,delete,"{""body_style_scope"": """", ""disabled_reason"": """", ""generation_action"": ""omit_grouped_exclusion"", ""normalization_status"": ""omitted"", ""original_detail_raw"": ""FEY Z52 Track Performance Package and FEB Z52 Sport Performance Package are mutually exclusive."", ""rule_id"": ""gs_rule_opt_fey_001_excludes_opt_feb_001"", ""rule_type"": ""excludes"", ""runtime_action"": """", ""source_id"": ""opt_fey_001"", ""source_section"": ""sec_perf_z52_001"", ""source_selection_mode"": ""multi_select_opt"", ""source_type"": ""option"", ""target_id"": ""opt_feb_001"", ""target_section"": ""sec_perf_z52_001"", ""target_selection_mode"": ""multi_select_opt"", ""target_type"": ""option""}"
grand_sport,grandSport_rule_mapping,100,gs_rule_opt_t0f_001_requires_opt_feb_001,opt_t0f_001,requires,opt_feb_001,,active,,grouped_requires_any_dedupe,delete,"{""body_style_scope"": """", ""disabled_reason"": """", ""generation_action"": """", ""normalization_status"": ""active"", ""original_detail_raw"": ""1. Requires (FEB) Z52 Sport Performance Package and (J57) carbon ceramic brakes or Included with (FEY) Z52 Track Performance Package."", ""rule_id"": ""gs_rule_opt_t0f_001_requires_opt_feb_001"", ""rule_type"": ""requires"", ""runtime_action"": """", ""source_id"": ""opt_t0f_001"", ""source_section"": ""sec_perf_aero_001"", ""source_selection_mode"": ""multi_select_opt"", ""source_type"": ""option"", ""target_id"": ""opt_feb_001"", ""target_section"": ""sec_perf_z52_001"", ""target_selection_mode"": ""multi_select_opt"", ""target_type"": ""option""}"
grand_sport,grandSport_rule_mapping,114,gs_rule_opt_17a_001_excludes_opt_dpb_001_heritage_hash_blocks_non_center_stripes,opt_17a_001,excludes,opt_dpb_001,omit_grouped_exclusion,omitted,,runtime_authored_rule_false,delete,"{""body_style_scope"": """", ""disabled_reason"": ""Z15 grouped exclusion blocks non-center stripes."", ""generation_action"": ""omit_grouped_exclusion"", ""normalization_status"": ""omitted"", ""original_detail_raw"": ""17A Grand Sport Heritage Hash Marks are only compatible with Grand Sport Heritage Center Stripes; not available with DPB non-center stripe/graphic option."", ""rule_id"": ""gs_rule_opt_17a_001_excludes_opt_dpb_001_heritage_hash_blocks_non_center_stripes"", ""rule_type"": ""excludes"", ""runtime_action"": """", ""source_id"": ""opt_17a_001"", ""source_section"": ""sec_gsha_001"", ""source_selection_mode"": ""single_select_opt"", ""source_type"": ""option"", ""target_id"": ""opt_dpb_001"", ""target_section"": ""sec_stri_001"", ""target_selection_mode"": ""single_select_opt"", ""target_type"": ""option""}"
grand_sport,grandSport_rule_mapping,115,gs_rule_opt_17a_001_excludes_opt_dpc_001_heritage_hash_blocks_non_center_stripes,opt_17a_001,excludes,opt_dpc_001,omit_grouped_exclusion,omitted,,runtime_authored_rule_false,delete,"{""body_style_scope"": """", ""disabled_reason"": ""Z15 grouped exclusion blocks non-center stripes."", ""generation_action"": ""omit_grouped_exclusion"", ""normalization_status"": ""omitted"", ""original_detail_raw"": ""17A Grand Sport Heritage Hash Marks are only compatible with Grand Sport Heritage Center Stripes; not available with DPC non-center stripe/graphic option."", ""rule_id"": ""gs_rule_opt_17a_001_excludes_opt_dpc_001_heritage_hash_blocks_non_center_stripes"", ""rule_type"": ""excludes"", ""runtime_action"": """", ""source_id"": ""opt_17a_001"", ""source_section"": ""sec_gsha_001"", ""source_selection_mode"": ""single_select_opt"", ""source_type"": ""option"", ""target_id"": ""opt_dpc_001"", ""target_section"": ""sec_stri_001"", ""target_selection_mode"": ""single_select_opt"", ""target_type"": ""option""}"
grand_sport,grandSport_rule_mapping,116,gs_rule_opt_17a_001_excludes_opt_dpg_001_heritage_hash_blocks_non_center_stripes,opt_17a_001,excludes,opt_dpg_001,omit_grouped_exclusion,omitted,,runtime_authored_rule_false,delete,"{""body_style_scope"": """", ""disabled_reason"": ""Z15 grouped exclusion blocks non-center stripes."", ""generation_action"": ""omit_grouped_exclusion"", ""normalization_status"": ""omitted"", ""original_detail_raw"": ""17A Grand Sport Heritage Hash Marks are only compatible with Grand Sport Heritage Center Stripes; not available with DPG non-center stripe/graphic option."", ""rule_id"": ""gs_rule_opt_17a_001_excludes_opt_dpg_001_heritage_hash_blocks_non_center_stripes"", ""rule_type"": ""excludes"", ""runtime_action"": """", ""source_id"": ""opt_17a_001"", ""source_section"": ""sec_gsha_001"", ""source_selection_mode"": ""single_select_opt"", ""source_type"": ""option"", ""target_id"": ""opt_dpg_001"", ""target_section"": ""sec_stri_001"", ""target_selection_mode"": ""single_select_opt"", ""target_type"": ""option""}"
grand_sport,grandSport_rule_mapping,117,gs_rule_opt_17a_001_excludes_opt_dpl_001_heritage_hash_blocks_non_center_stripes,opt_17a_001,excludes,opt_dpl_001,omit_grouped_exclusion,omitted,,runtime_authored_rule_false,delete,"{""body_style_scope"": """", ""disabled_reason"": ""Z15 grouped exclusion blocks non-center stripes."", ""generation_action"": ""omit_grouped_exclusion"", ""normalization_status"": ""omitted"", ""original_detail_raw"": ""17A Grand Sport Heritage Hash Marks are only compatible with Grand Sport Heritage Center Stripes; not available with DPL non-center stripe/graphic option."", ""rule_id"": ""gs_rule_opt_17a_001_excludes_opt_dpl_001_heritage_hash_blocks_non_center_stripes"", ""rule_type"": ""excludes"", ""runtime_action"": """", ""source_id"": ""opt_17a_001"", ""source_section"": ""sec_gsha_001"", ""source_selection_mode"": ""single_select_opt"", ""source_type"": ""option"", ""target_id"": ""opt_dpl_001"", ""target_section"": ""sec_stri_001"", ""target_selection_mode"": ""single_select_opt"", ""target_type"": ""option""}"
grand_sport,grandSport_rule_mapping,118,gs_rule_opt_17a_001_excludes_opt_dpt_001_heritage_hash_blocks_non_center_stripes,opt_17a_001,excludes,opt_dpt_001,omit_grouped_exclusion,omitted,,runtime_authored_rule_false,delete,"{""body_style_scope"": """", ""disabled_reason"": ""Z15 grouped exclusion blocks non-center stripes."", ""generation_action"": ""omit_grouped_exclusion"", ""normalization_status"": ""omitted"", ""original_detail_raw"": ""17A Grand Sport Heritage Hash Marks are only compatible with Grand Sport Heritage Center Stripes; not available with DPT non-center stripe/graphic option."", ""rule_id"": ""gs_rule_opt_17a_001_excludes_opt_dpt_001_heritage_hash_blocks_non_center_stripes"", ""rule_type"": ""excludes"", ""runtime_action"": """", ""source_id"": ""opt_17a_001"", ""source_section"": ""sec_gsha_001"", ""source_selection_mode"": ""single_select_opt"", ""source_type"": ""option"", ""target_id"": ""opt_dpt_001"", ""target_section"": ""sec_stri_001"", ""target_selection_mode"": ""single_select_opt"", ""target_type"": ""option""}"
grand_sport,grandSport_rule_mapping,119,gs_rule_opt_17a_001_excludes_opt_dsy_001_heritage_hash_blocks_non_center_stripes,opt_17a_001,excludes,opt_dsy_001,omit_grouped_exclusion,omitted,,runtime_authored_rule_false,delete,"{""body_style_scope"": """", ""disabled_reason"": ""Z15 grouped exclusion blocks non-center stripes."", ""generation_action"": ""omit_grouped_exclusion"", ""normalization_status"": ""omitted"", ""original_detail_raw"": ""17A Grand Sport Heritage Hash Marks are only compatible with Grand Sport Heritage Center Stripes; not available with DSY non-center stripe/graphic option."", ""rule_id"": ""gs_rule_opt_17a_001_excludes_opt_dsy_001_heritage_hash_blocks_non_center_stripes"", ""rule_type"": ""excludes"", ""runtime_action"": """", ""source_id"": ""opt_17a_001"", ""source_section"": ""sec_gsha_001"", ""source_selection_mode"": ""single_select_opt"", ""source_type"": ""option"", ""target_id"": ""opt_dsy_001"", ""target_section"": ""sec_stri_001"", ""target_selection_mode"": ""single_select_opt"", ""target_type"": ""option""}"
grand_sport,grandSport_rule_mapping,120,gs_rule_opt_17a_001_excludes_opt_dsz_001_heritage_hash_blocks_non_center_stripes,opt_17a_001,excludes,opt_dsz_001,omit_grouped_exclusion,omitted,,runtime_authored_rule_false,delete,"{""body_style_scope"": """", ""disabled_reason"": ""Z15 grouped exclusion blocks non-center stripes."", ""generation_action"": ""omit_grouped_exclusion"", ""normalization_status"": ""omitted"", ""original_detail_raw"": ""17A Grand Sport Heritage Hash Marks are only compatible with Grand Sport Heritage Center Stripes; not available with DSZ non-center stripe/graphic option."", ""rule_id"": ""gs_rule_opt_17a_001_excludes_opt_dsz_001_heritage_hash_blocks_non_center_stripes"", ""rule_type"": ""excludes"", ""runtime_action"": """", ""source_id"": ""opt_17a_001"", ""source_section"": ""sec_gsha_001"", ""source_selection_mode"": ""single_select_opt"", ""source_type"": ""option"", ""target_id"": ""opt_dsz_001"", ""target_section"": ""sec_stri_001"", ""target_selection_mode"": ""single_select_opt"", ""target_type"": ""option""}"
grand_sport,grandSport_rule_mapping,121,gs_rule_opt_17a_001_excludes_opt_dt0_001_heritage_hash_blocks_non_center_stripes,opt_17a_001,excludes,opt_dt0_001,omit_grouped_exclusion,omitted,,runtime_authored_rule_false,delete,"{""body_style_scope"": """", ""disabled_reason"": ""Z15 grouped exclusion blocks non-center stripes."", ""generation_action"": ""omit_grouped_exclusion"", ""normalization_status"": ""omitted"", ""original_detail_raw"": ""17A Grand Sport Heritage Hash Marks are only compatible with Grand Sport Heritage Center Stripes; not available with DT0 non-center stripe/graphic option."", ""rule_id"": ""gs_rule_opt_17a_001_excludes_opt_dt0_001_heritage_hash_blocks_non_center_stripes"", ""rule_type"": ""excludes"", ""runtime_action"": """", ""source_id"": ""opt_17a_001"", ""source_section"": ""sec_gsha_001"", ""source_selection_mode"": ""single_select_opt"", ""source_type"": ""option"", ""target_id"": ""opt_dt0_001"", ""target_section"": ""sec_stri_001"", ""target_selection_mode"": ""single_select_opt"", ""target_type"": ""option""}"
grand_sport,grandSport_rule_mapping,122,gs_rule_opt_17a_001_excludes_opt_dth_001_heritage_hash_blocks_non_center_stripes,opt_17a_001,excludes,opt_dth_001,omit_grouped_exclusion,omitted,,runtime_authored_rule_false,delete,"{""body_style_scope"": """", ""disabled_reason"": ""Z15 grouped exclusion blocks non-center stripes."", ""generation_action"": ""omit_grouped_exclusion"", ""normalization_status"": ""omitted"", ""original_detail_raw"": ""17A Grand Sport Heritage Hash Marks are only compatible with Grand Sport Heritage Center Stripes; not available with DTH non-center stripe/graphic option."", ""rule_id"": ""gs_rule_opt_17a_001_excludes_opt_dth_001_heritage_hash_blocks_non_center_stripes"", ""rule_type"": ""excludes"", ""runtime_action"": """", ""source_id"": ""opt_17a_001"", ""source_section"": ""sec_gsha_001"", ""source_selection_mode"": ""single_select_opt"", ""source_type"": ""option"", ""target_id"": ""opt_dth_001"", ""target_section"": ""sec_stri_001"", ""target_selection_mode"": ""single_select_opt"", ""target_type"": ""option""}"
grand_sport,grandSport_rule_mapping,123,gs_rule_opt_17a_001_excludes_opt_dub_001_heritage_hash_blocks_non_center_stripes,opt_17a_001,excludes,opt_dub_001,omit_grouped_exclusion,omitted,,runtime_authored_rule_false,delete,"{""body_style_scope"": """", ""disabled_reason"": ""Z15 grouped exclusion blocks non-center stripes."", ""generation_action"": ""omit_grouped_exclusion"", ""normalization_status"": ""omitted"", ""original_detail_raw"": ""17A Grand Sport Heritage Hash Marks are only compatible with Grand Sport Heritage Center Stripes; not available with DUB non-center stripe/graphic option."", ""rule_id"": ""gs_rule_opt_17a_001_excludes_opt_dub_001_heritage_hash_blocks_non_center_stripes"", ""rule_type"": ""excludes"", ""runtime_action"": """", ""source_id"": ""opt_17a_001"", ""source_section"": ""sec_gsha_001"", ""source_selection_mode"": ""single_select_opt"", ""source_type"": ""option"", ""target_id"": ""opt_dub_001"", ""target_section"": ""sec_stri_001"", ""target_selection_mode"": ""single_select_opt"", ""target_type"": ""option""}"
grand_sport,grandSport_rule_mapping,124,gs_rule_opt_17a_001_excludes_opt_due_001_heritage_hash_blocks_non_center_stripes,opt_17a_001,excludes,opt_due_001,omit_grouped_exclusion,omitted,,runtime_authored_rule_false,delete,"{""body_style_scope"": """", ""disabled_reason"": ""Z15 grouped exclusion blocks non-center stripes."", ""generation_action"": ""omit_grouped_exclusion"", ""normalization_status"": ""omitted"", ""original_detail_raw"": ""17A Grand Sport Heritage Hash Marks are only compatible with Grand Sport Heritage Center Stripes; not available with DUE non-center stripe/graphic option."", ""rule_id"": ""gs_rule_opt_17a_001_excludes_opt_due_001_heritage_hash_blocks_non_center_stripes"", ""rule_type"": ""excludes"", ""runtime_action"": """", ""source_id"": ""opt_17a_001"", ""source_section"": ""sec_gsha_001"", ""source_selection_mode"": ""single_select_opt"", ""source_type"": ""option"", ""target_id"": ""opt_due_001"", ""target_section"": ""sec_stri_001"", ""target_selection_mode"": ""single_select_opt"", ""target_type"": ""option""}"
grand_sport,grandSport_rule_mapping,125,gs_rule_opt_17a_001_excludes_opt_duk_001_heritage_hash_blocks_non_center_stripes,opt_17a_001,excludes,opt_duk_001,omit_grouped_exclusion,omitted,,runtime_authored_rule_false,delete,"{""body_style_scope"": """", ""disabled_reason"": ""Z15 grouped exclusion blocks non-center stripes."", ""generation_action"": ""omit_grouped_exclusion"", ""normalization_status"": ""omitted"", ""original_detail_raw"": ""17A Grand Sport Heritage Hash Marks are only compatible with Grand Sport Heritage Center Stripes; not available with DUK non-center stripe/graphic option."", ""rule_id"": ""gs_rule_opt_17a_001_excludes_opt_duk_001_heritage_hash_blocks_non_center_stripes"", ""rule_type"": ""excludes"", ""runtime_action"": """", ""source_id"": ""opt_17a_001"", ""source_section"": ""sec_gsha_001"", ""source_selection_mode"": ""single_select_opt"", ""source_type"": ""option"", ""target_id"": ""opt_duk_001"", ""target_section"": ""sec_stri_001"", ""target_selection_mode"": ""single_select_opt"", ""target_type"": ""option""}"
grand_sport,grandSport_rule_mapping,126,gs_rule_opt_17a_001_excludes_opt_duw_001_heritage_hash_blocks_non_center_stripes,opt_17a_001,excludes,opt_duw_001,omit_grouped_exclusion,omitted,,runtime_authored_rule_false,delete,"{""body_style_scope"": """", ""disabled_reason"": ""Z15 grouped exclusion blocks non-center stripes."", ""generation_action"": ""omit_grouped_exclusion"", ""normalization_status"": ""omitted"", ""original_detail_raw"": ""17A Grand Sport Heritage Hash Marks are only compatible with Grand Sport Heritage Center Stripes; not available with DUW non-center stripe/graphic option."", ""rule_id"": ""gs_rule_opt_17a_001_excludes_opt_duw_001_heritage_hash_blocks_non_center_stripes"", ""rule_type"": ""excludes"", ""runtime_action"": """", ""source_id"": ""opt_17a_001"", ""source_section"": ""sec_gsha_001"", ""source_selection_mode"": ""single_select_opt"", ""source_type"": ""option"", ""target_id"": ""opt_duw_001"", ""target_section"": ""sec_stri_001"", ""target_selection_mode"": ""single_select_opt"", ""target_type"": ""option""}"
grand_sport,grandSport_rule_mapping,127,gs_rule_opt_17a_001_excludes_opt_dzu_001_heritage_hash_blocks_non_center_stripes,opt_17a_001,excludes,opt_dzu_001,omit_grouped_exclusion,omitted,,runtime_authored_rule_false,delete,"{""body_style_scope"": """", ""disabled_reason"": ""Z15 grouped exclusion blocks non-center stripes."", ""generation_action"": ""omit_grouped_exclusion"", ""normalization_status"": ""omitted"", ""original_detail_raw"": ""17A Grand Sport Heritage Hash Marks are only compatible with Grand Sport Heritage Center Stripes; not available with DZU non-center stripe/graphic option."", ""rule_id"": ""gs_rule_opt_17a_001_excludes_opt_dzu_001_heritage_hash_blocks_non_center_stripes"", ""rule_type"": ""excludes"", ""runtime_action"": """", ""source_id"": ""opt_17a_001"", ""source_section"": ""sec_gsha_001"", ""source_selection_mode"": ""single_select_opt"", ""source_type"": ""option"", ""target_id"": ""opt_dzu_001"", ""target_section"": ""sec_stri_001"", ""target_selection_mode"": ""single_select_opt"", ""target_type"": ""option""}"
grand_sport,grandSport_rule_mapping,128,gs_rule_opt_17a_001_excludes_opt_dzv_001_heritage_hash_blocks_non_center_stripes,opt_17a_001,excludes,opt_dzv_001,omit_grouped_exclusion,omitted,,runtime_authored_rule_false,delete,"{""body_style_scope"": """", ""disabled_reason"": ""Z15 grouped exclusion blocks non-center stripes."", ""generation_action"": ""omit_grouped_exclusion"", ""normalization_status"": ""omitted"", ""original_detail_raw"": ""17A Grand Sport Heritage Hash Marks are only compatible with Grand Sport Heritage Center Stripes; not available with DZV non-center stripe/graphic option."", ""rule_id"": ""gs_rule_opt_17a_001_excludes_opt_dzv_001_heritage_hash_blocks_non_center_stripes"", ""rule_type"": ""excludes"", ""runtime_action"": """", ""source_id"": ""opt_17a_001"", ""source_section"": ""sec_gsha_001"", ""source_selection_mode"": ""single_select_opt"", ""source_type"": ""option"", ""target_id"": ""opt_dzv_001"", ""target_section"": ""sec_stri_001"", ""target_selection_mode"": ""single_select_opt"", ""target_type"": ""option""}"
grand_sport,grandSport_rule_mapping,129,gs_rule_opt_17a_001_excludes_opt_dzx_001_heritage_hash_blocks_non_center_stripes,opt_17a_001,excludes,opt_dzx_001,omit_grouped_exclusion,omitted,,runtime_authored_rule_false,delete,"{""body_style_scope"": """", ""disabled_reason"": ""Z15 grouped exclusion blocks non-center stripes."", ""generation_action"": ""omit_grouped_exclusion"", ""normalization_status"": ""omitted"", ""original_detail_raw"": ""17A Grand Sport Heritage Hash Marks are only compatible with Grand Sport Heritage Center Stripes; not available with DZX non-center stripe/graphic option."", ""rule_id"": ""gs_rule_opt_17a_001_excludes_opt_dzx_001_heritage_hash_blocks_non_center_stripes"", ""rule_type"": ""excludes"", ""runtime_action"": """", ""source_id"": ""opt_17a_001"", ""source_section"": ""sec_gsha_001"", ""source_selection_mode"": ""single_select_opt"", ""source_type"": ""option"", ""target_id"": ""opt_dzx_001"", ""target_section"": ""sec_stri_001"", ""target_selection_mode"": ""single_select_opt"", ""target_type"": ""option""}"
grand_sport,grandSport_rule_mapping,130,gs_rule_opt_17a_001_excludes_opt_sht_001_heritage_hash_blocks_non_center_stripes,opt_17a_001,excludes,opt_sht_001,omit_grouped_exclusion,omitted,,runtime_authored_rule_false,delete,"{""body_style_scope"": """", ""disabled_reason"": ""Z15 grouped exclusion blocks non-center stripes."", ""generation_action"": ""omit_grouped_exclusion"", ""normalization_status"": ""omitted"", ""original_detail_raw"": ""17A Grand Sport Heritage Hash Marks are only compatible with Grand Sport Heritage Center Stripes; not available with SHT non-center stripe/graphic option."", ""rule_id"": ""gs_rule_opt_17a_001_excludes_opt_sht_001_heritage_hash_blocks_non_center_stripes"", ""rule_type"": ""excludes"", ""runtime_action"": """", ""source_id"": ""opt_17a_001"", ""source_section"": ""sec_gsha_001"", ""source_selection_mode"": ""single_select_opt"", ""source_type"": ""option"", ""target_id"": ""opt_sht_001"", ""target_section"": ""sec_stri_001"", ""target_selection_mode"": ""single_select_opt"", ""target_type"": ""option""}"
grand_sport,grandSport_rule_mapping,131,gs_rule_opt_17a_001_excludes_opt_vpo_001_heritage_hash_blocks_non_center_stripes,opt_17a_001,excludes,opt_vpo_001,omit_grouped_exclusion,omitted,,runtime_authored_rule_false,delete,"{""body_style_scope"": """", ""disabled_reason"": ""Z15 grouped exclusion blocks non-center stripes."", ""generation_action"": ""omit_grouped_exclusion"", ""normalization_status"": ""omitted"", ""original_detail_raw"": ""17A Grand Sport Heritage Hash Marks are only compatible with Grand Sport Heritage Center Stripes; not available with VPO non-center stripe/graphic option."", ""rule_id"": ""gs_rule_opt_17a_001_excludes_opt_vpo_001_heritage_hash_blocks_non_center_stripes"", ""rule_type"": ""excludes"", ""runtime_action"": """", ""source_id"": ""opt_17a_001"", ""source_section"": ""sec_gsha_001"", ""source_selection_mode"": ""single_select_opt"", ""source_type"": ""option"", ""target_id"": ""opt_vpo_001"", ""target_section"": ""sec_hash_001"", ""target_selection_mode"": ""single_select_opt"", ""target_type"": ""option""}"
grand_sport,grandSport_rule_mapping,133,gs_rule_opt_20a_001_excludes_opt_dpb_001_heritage_hash_blocks_non_center_stripes,opt_20a_001,excludes,opt_dpb_001,omit_grouped_exclusion,omitted,,runtime_authored_rule_false,delete,"{""body_style_scope"": """", ""disabled_reason"": ""Z15 grouped exclusion blocks non-center stripes."", ""generation_action"": ""omit_grouped_exclusion"", ""normalization_status"": ""omitted"", ""original_detail_raw"": ""20A Grand Sport Heritage Hash Marks are only compatible with Grand Sport Heritage Center Stripes; not available with DPB non-center stripe/graphic option."", ""rule_id"": ""gs_rule_opt_20a_001_excludes_opt_dpb_001_heritage_hash_blocks_non_center_stripes"", ""rule_type"": ""excludes"", ""runtime_action"": """", ""source_id"": ""opt_20a_001"", ""source_section"": ""sec_gsha_001"", ""source_selection_mode"": ""single_select_opt"", ""source_type"": ""option"", ""target_id"": ""opt_dpb_001"", ""target_section"": ""sec_stri_001"", ""target_selection_mode"": ""single_select_opt"", ""target_type"": ""option""}"
grand_sport,grandSport_rule_mapping,134,gs_rule_opt_20a_001_excludes_opt_dpc_001_heritage_hash_blocks_non_center_stripes,opt_20a_001,excludes,opt_dpc_001,omit_grouped_exclusion,omitted,,runtime_authored_rule_false,delete,"{""body_style_scope"": """", ""disabled_reason"": ""Z15 grouped exclusion blocks non-center stripes."", ""generation_action"": ""omit_grouped_exclusion"", ""normalization_status"": ""omitted"", ""original_detail_raw"": ""20A Grand Sport Heritage Hash Marks are only compatible with Grand Sport Heritage Center Stripes; not available with DPC non-center stripe/graphic option."", ""rule_id"": ""gs_rule_opt_20a_001_excludes_opt_dpc_001_heritage_hash_blocks_non_center_stripes"", ""rule_type"": ""excludes"", ""runtime_action"": """", ""source_id"": ""opt_20a_001"", ""source_section"": ""sec_gsha_001"", ""source_selection_mode"": ""single_select_opt"", ""source_type"": ""option"", ""target_id"": ""opt_dpc_001"", ""target_section"": ""sec_stri_001"", ""target_selection_mode"": ""single_select_opt"", ""target_type"": ""option""}"
grand_sport,grandSport_rule_mapping,135,gs_rule_opt_20a_001_excludes_opt_dpg_001_heritage_hash_blocks_non_center_stripes,opt_20a_001,excludes,opt_dpg_001,omit_grouped_exclusion,omitted,,runtime_authored_rule_false,delete,"{""body_style_scope"": """", ""disabled_reason"": ""Z15 grouped exclusion blocks non-center stripes."", ""generation_action"": ""omit_grouped_exclusion"", ""normalization_status"": ""omitted"", ""original_detail_raw"": ""20A Grand Sport Heritage Hash Marks are only compatible with Grand Sport Heritage Center Stripes; not available with DPG non-center stripe/graphic option."", ""rule_id"": ""gs_rule_opt_20a_001_excludes_opt_dpg_001_heritage_hash_blocks_non_center_stripes"", ""rule_type"": ""excludes"", ""runtime_action"": """", ""source_id"": ""opt_20a_001"", ""source_section"": ""sec_gsha_001"", ""source_selection_mode"": ""single_select_opt"", ""source_type"": ""option"", ""target_id"": ""opt_dpg_001"", ""target_section"": ""sec_stri_001"", ""target_selection_mode"": ""single_select_opt"", ""target_type"": ""option""}"
grand_sport,grandSport_rule_mapping,136,gs_rule_opt_20a_001_excludes_opt_dpl_001_heritage_hash_blocks_non_center_stripes,opt_20a_001,excludes,opt_dpl_001,omit_grouped_exclusion,omitted,,runtime_authored_rule_false,delete,"{""body_style_scope"": """", ""disabled_reason"": ""Z15 grouped exclusion blocks non-center stripes."", ""generation_action"": ""omit_grouped_exclusion"", ""normalization_status"": ""omitted"", ""original_detail_raw"": ""20A Grand Sport Heritage Hash Marks are only compatible with Grand Sport Heritage Center Stripes; not available with DPL non-center stripe/graphic option."", ""rule_id"": ""gs_rule_opt_20a_001_excludes_opt_dpl_001_heritage_hash_blocks_non_center_stripes"", ""rule_type"": ""excludes"", ""runtime_action"": """", ""source_id"": ""opt_20a_001"", ""source_section"": ""sec_gsha_001"", ""source_selection_mode"": ""single_select_opt"", ""source_type"": ""option"", ""target_id"": ""opt_dpl_001"", ""target_section"": ""sec_stri_001"", ""target_selection_mode"": ""single_select_opt"", ""target_type"": ""option""}"
grand_sport,grandSport_rule_mapping,137,gs_rule_opt_20a_001_excludes_opt_dpt_001_heritage_hash_blocks_non_center_stripes,opt_20a_001,excludes,opt_dpt_001,omit_grouped_exclusion,omitted,,runtime_authored_rule_false,delete,"{""body_style_scope"": """", ""disabled_reason"": ""Z15 grouped exclusion blocks non-center stripes."", ""generation_action"": ""omit_grouped_exclusion"", ""normalization_status"": ""omitted"", ""original_detail_raw"": ""20A Grand Sport Heritage Hash Marks are only compatible with Grand Sport Heritage Center Stripes; not available with DPT non-center stripe/graphic option."", ""rule_id"": ""gs_rule_opt_20a_001_excludes_opt_dpt_001_heritage_hash_blocks_non_center_stripes"", ""rule_type"": ""excludes"", ""runtime_action"": """", ""source_id"": ""opt_20a_001"", ""source_section"": ""sec_gsha_001"", ""source_selection_mode"": ""single_select_opt"", ""source_type"": ""option"", ""target_id"": ""opt_dpt_001"", ""target_section"": ""sec_stri_001"", ""target_selection_mode"": ""single_select_opt"", ""target_type"": ""option""}"
grand_sport,grandSport_rule_mapping,138,gs_rule_opt_20a_001_excludes_opt_dsy_001_heritage_hash_blocks_non_center_stripes,opt_20a_001,excludes,opt_dsy_001,omit_grouped_exclusion,omitted,,runtime_authored_rule_false,delete,"{""body_style_scope"": """", ""disabled_reason"": ""Z15 grouped exclusion blocks non-center stripes."", ""generation_action"": ""omit_grouped_exclusion"", ""normalization_status"": ""omitted"", ""original_detail_raw"": ""20A Grand Sport Heritage Hash Marks are only compatible with Grand Sport Heritage Center Stripes; not available with DSY non-center stripe/graphic option."", ""rule_id"": ""gs_rule_opt_20a_001_excludes_opt_dsy_001_heritage_hash_blocks_non_center_stripes"", ""rule_type"": ""excludes"", ""runtime_action"": """", ""source_id"": ""opt_20a_001"", ""source_section"": ""sec_gsha_001"", ""source_selection_mode"": ""single_select_opt"", ""source_type"": ""option"", ""target_id"": ""opt_dsy_001"", ""target_section"": ""sec_stri_001"", ""target_selection_mode"": ""single_select_opt"", ""target_type"": ""option""}"
grand_sport,grandSport_rule_mapping,139,gs_rule_opt_20a_001_excludes_opt_dsz_001_heritage_hash_blocks_non_center_stripes,opt_20a_001,excludes,opt_dsz_001,omit_grouped_exclusion,omitted,,runtime_authored_rule_false,delete,"{""body_style_scope"": """", ""disabled_reason"": ""Z15 grouped exclusion blocks non-center stripes."", ""generation_action"": ""omit_grouped_exclusion"", ""normalization_status"": ""omitted"", ""original_detail_raw"": ""20A Grand Sport Heritage Hash Marks are only compatible with Grand Sport Heritage Center Stripes; not available with DSZ non-center stripe/graphic option."", ""rule_id"": ""gs_rule_opt_20a_001_excludes_opt_dsz_001_heritage_hash_blocks_non_center_stripes"", ""rule_type"": ""excludes"", ""runtime_action"": """", ""source_id"": ""opt_20a_001"", ""source_section"": ""sec_gsha_001"", ""source_selection_mode"": ""single_select_opt"", ""source_type"": ""option"", ""target_id"": ""opt_dsz_001"", ""target_section"": ""sec_stri_001"", ""target_selection_mode"": ""single_select_opt"", ""target_type"": ""option""}"
grand_sport,grandSport_rule_mapping,140,gs_rule_opt_20a_001_excludes_opt_dt0_001_heritage_hash_blocks_non_center_stripes,opt_20a_001,excludes,opt_dt0_001,omit_grouped_exclusion,omitted,,runtime_authored_rule_false,delete,"{""body_style_scope"": """", ""disabled_reason"": ""Z15 grouped exclusion blocks non-center stripes."", ""generation_action"": ""omit_grouped_exclusion"", ""normalization_status"": ""omitted"", ""original_detail_raw"": ""20A Grand Sport Heritage Hash Marks are only compatible with Grand Sport Heritage Center Stripes; not available with DT0 non-center stripe/graphic option."", ""rule_id"": ""gs_rule_opt_20a_001_excludes_opt_dt0_001_heritage_hash_blocks_non_center_stripes"", ""rule_type"": ""excludes"", ""runtime_action"": """", ""source_id"": ""opt_20a_001"", ""source_section"": ""sec_gsha_001"", ""source_selection_mode"": ""single_select_opt"", ""source_type"": ""option"", ""target_id"": ""opt_dt0_001"", ""target_section"": ""sec_stri_001"", ""target_selection_mode"": ""single_select_opt"", ""target_type"": ""option""}"
grand_sport,grandSport_rule_mapping,141,gs_rule_opt_20a_001_excludes_opt_dth_001_heritage_hash_blocks_non_center_stripes,opt_20a_001,excludes,opt_dth_001,omit_grouped_exclusion,omitted,,runtime_authored_rule_false,delete,"{""body_style_scope"": """", ""disabled_reason"": ""Z15 grouped exclusion blocks non-center stripes."", ""generation_action"": ""omit_grouped_exclusion"", ""normalization_status"": ""omitted"", ""original_detail_raw"": ""20A Grand Sport Heritage Hash Marks are only compatible with Grand Sport Heritage Center Stripes; not available with DTH non-center stripe/graphic option."", ""rule_id"": ""gs_rule_opt_20a_001_excludes_opt_dth_001_heritage_hash_blocks_non_center_stripes"", ""rule_type"": ""excludes"", ""runtime_action"": """", ""source_id"": ""opt_20a_001"", ""source_section"": ""sec_gsha_001"", ""source_selection_mode"": ""single_select_opt"", ""source_type"": ""option"", ""target_id"": ""opt_dth_001"", ""target_section"": ""sec_stri_001"", ""target_selection_mode"": ""single_select_opt"", ""target_type"": ""option""}"
grand_sport,grandSport_rule_mapping,142,gs_rule_opt_20a_001_excludes_opt_dub_001_heritage_hash_blocks_non_center_stripes,opt_20a_001,excludes,opt_dub_001,omit_grouped_exclusion,omitted,,runtime_authored_rule_false,delete,"{""body_style_scope"": """", ""disabled_reason"": ""Z15 grouped exclusion blocks non-center stripes."", ""generation_action"": ""omit_grouped_exclusion"", ""normalization_status"": ""omitted"", ""original_detail_raw"": ""20A Grand Sport Heritage Hash Marks are only compatible with Grand Sport Heritage Center Stripes; not available with DUB non-center stripe/graphic option."", ""rule_id"": ""gs_rule_opt_20a_001_excludes_opt_dub_001_heritage_hash_blocks_non_center_stripes"", ""rule_type"": ""excludes"", ""runtime_action"": """", ""source_id"": ""opt_20a_001"", ""source_section"": ""sec_gsha_001"", ""source_selection_mode"": ""single_select_opt"", ""source_type"": ""option"", ""target_id"": ""opt_dub_001"", ""target_section"": ""sec_stri_001"", ""target_selection_mode"": ""single_select_opt"", ""target_type"": ""option""}"
grand_sport,grandSport_rule_mapping,143,gs_rule_opt_20a_001_excludes_opt_due_001_heritage_hash_blocks_non_center_stripes,opt_20a_001,excludes,opt_due_001,omit_grouped_exclusion,omitted,,runtime_authored_rule_false,delete,"{""body_style_scope"": """", ""disabled_reason"": ""Z15 grouped exclusion blocks non-center stripes."", ""generation_action"": ""omit_grouped_exclusion"", ""normalization_status"": ""omitted"", ""original_detail_raw"": ""20A Grand Sport Heritage Hash Marks are only compatible with Grand Sport Heritage Center Stripes; not available with DUE non-center stripe/graphic option."", ""rule_id"": ""gs_rule_opt_20a_001_excludes_opt_due_001_heritage_hash_blocks_non_center_stripes"", ""rule_type"": ""excludes"", ""runtime_action"": """", ""source_id"": ""opt_20a_001"", ""source_section"": ""sec_gsha_001"", ""source_selection_mode"": ""single_select_opt"", ""source_type"": ""option"", ""target_id"": ""opt_due_001"", ""target_section"": ""sec_stri_001"", ""target_selection_mode"": ""single_select_opt"", ""target_type"": ""option""}"
grand_sport,grandSport_rule_mapping,144,gs_rule_opt_20a_001_excludes_opt_duk_001_heritage_hash_blocks_non_center_stripes,opt_20a_001,excludes,opt_duk_001,omit_grouped_exclusion,omitted,,runtime_authored_rule_false,delete,"{""body_style_scope"": """", ""disabled_reason"": ""Z15 grouped exclusion blocks non-center stripes."", ""generation_action"": ""omit_grouped_exclusion"", ""normalization_status"": ""omitted"", ""original_detail_raw"": ""20A Grand Sport Heritage Hash Marks are only compatible with Grand Sport Heritage Center Stripes; not available with DUK non-center stripe/graphic option."", ""rule_id"": ""gs_rule_opt_20a_001_excludes_opt_duk_001_heritage_hash_blocks_non_center_stripes"", ""rule_type"": ""excludes"", ""runtime_action"": """", ""source_id"": ""opt_20a_001"", ""source_section"": ""sec_gsha_001"", ""source_selection_mode"": ""single_select_opt"", ""source_type"": ""option"", ""target_id"": ""opt_duk_001"", ""target_section"": ""sec_stri_001"", ""target_selection_mode"": ""single_select_opt"", ""target_type"": ""option""}"
grand_sport,grandSport_rule_mapping,145,gs_rule_opt_20a_001_excludes_opt_duw_001_heritage_hash_blocks_non_center_stripes,opt_20a_001,excludes,opt_duw_001,omit_grouped_exclusion,omitted,,runtime_authored_rule_false,delete,"{""body_style_scope"": """", ""disabled_reason"": ""Z15 grouped exclusion blocks non-center stripes."", ""generation_action"": ""omit_grouped_exclusion"", ""normalization_status"": ""omitted"", ""original_detail_raw"": ""20A Grand Sport Heritage Hash Marks are only compatible with Grand Sport Heritage Center Stripes; not available with DUW non-center stripe/graphic option."", ""rule_id"": ""gs_rule_opt_20a_001_excludes_opt_duw_001_heritage_hash_blocks_non_center_stripes"", ""rule_type"": ""excludes"", ""runtime_action"": """", ""source_id"": ""opt_20a_001"", ""source_section"": ""sec_gsha_001"", ""source_selection_mode"": ""single_select_opt"", ""source_type"": ""option"", ""target_id"": ""opt_duw_001"", ""target_section"": ""sec_stri_001"", ""target_selection_mode"": ""single_select_opt"", ""target_type"": ""option""}"
grand_sport,grandSport_rule_mapping,146,gs_rule_opt_20a_001_excludes_opt_dzu_001_heritage_hash_blocks_non_center_stripes,opt_20a_001,excludes,opt_dzu_001,omit_grouped_exclusion,omitted,,runtime_authored_rule_false,delete,"{""body_style_scope"": """", ""disabled_reason"": ""Z15 grouped exclusion blocks non-center stripes."", ""generation_action"": ""omit_grouped_exclusion"", ""normalization_status"": ""omitted"", ""original_detail_raw"": ""20A Grand Sport Heritage Hash Marks are only compatible with Grand Sport Heritage Center Stripes; not available with DZU non-center stripe/graphic option."", ""rule_id"": ""gs_rule_opt_20a_001_excludes_opt_dzu_001_heritage_hash_blocks_non_center_stripes"", ""rule_type"": ""excludes"", ""runtime_action"": """", ""source_id"": ""opt_20a_001"", ""source_section"": ""sec_gsha_001"", ""source_selection_mode"": ""single_select_opt"", ""source_type"": ""option"", ""target_id"": ""opt_dzu_001"", ""target_section"": ""sec_stri_001"", ""target_selection_mode"": ""single_select_opt"", ""target_type"": ""option""}"
grand_sport,grandSport_rule_mapping,147,gs_rule_opt_20a_001_excludes_opt_dzv_001_heritage_hash_blocks_non_center_stripes,opt_20a_001,excludes,opt_dzv_001,omit_grouped_exclusion,omitted,,runtime_authored_rule_false,delete,"{""body_style_scope"": """", ""disabled_reason"": ""Z15 grouped exclusion blocks non-center stripes."", ""generation_action"": ""omit_grouped_exclusion"", ""normalization_status"": ""omitted"", ""original_detail_raw"": ""20A Grand Sport Heritage Hash Marks are only compatible with Grand Sport Heritage Center Stripes; not available with DZV non-center stripe/graphic option."", ""rule_id"": ""gs_rule_opt_20a_001_excludes_opt_dzv_001_heritage_hash_blocks_non_center_stripes"", ""rule_type"": ""excludes"", ""runtime_action"": """", ""source_id"": ""opt_20a_001"", ""source_section"": ""sec_gsha_001"", ""source_selection_mode"": ""single_select_opt"", ""source_type"": ""option"", ""target_id"": ""opt_dzv_001"", ""target_section"": ""sec_stri_001"", ""target_selection_mode"": ""single_select_opt"", ""target_type"": ""option""}"
grand_sport,grandSport_rule_mapping,148,gs_rule_opt_20a_001_excludes_opt_dzx_001_heritage_hash_blocks_non_center_stripes,opt_20a_001,excludes,opt_dzx_001,omit_grouped_exclusion,omitted,,runtime_authored_rule_false,delete,"{""body_style_scope"": """", ""disabled_reason"": ""Z15 grouped exclusion blocks non-center stripes."", ""generation_action"": ""omit_grouped_exclusion"", ""normalization_status"": ""omitted"", ""original_detail_raw"": ""20A Grand Sport Heritage Hash Marks are only compatible with Grand Sport Heritage Center Stripes; not available with DZX non-center stripe/graphic option."", ""rule_id"": ""gs_rule_opt_20a_001_excludes_opt_dzx_001_heritage_hash_blocks_non_center_stripes"", ""rule_type"": ""excludes"", ""runtime_action"": """", ""source_id"": ""opt_20a_001"", ""source_section"": ""sec_gsha_001"", ""source_selection_mode"": ""single_select_opt"", ""source_type"": ""option"", ""target_id"": ""opt_dzx_001"", ""target_section"": ""sec_stri_001"", ""target_selection_mode"": ""single_select_opt"", ""target_type"": ""option""}"
grand_sport,grandSport_rule_mapping,149,gs_rule_opt_20a_001_excludes_opt_sht_001_heritage_hash_blocks_non_center_stripes,opt_20a_001,excludes,opt_sht_001,omit_grouped_exclusion,omitted,,runtime_authored_rule_false,delete,"{""body_style_scope"": """", ""disabled_reason"": ""Z15 grouped exclusion blocks non-center stripes."", ""generation_action"": ""omit_grouped_exclusion"", ""normalization_status"": ""omitted"", ""original_detail_raw"": ""20A Grand Sport Heritage Hash Marks are only compatible with Grand Sport Heritage Center Stripes; not available with SHT non-center stripe/graphic option."", ""rule_id"": ""gs_rule_opt_20a_001_excludes_opt_sht_001_heritage_hash_blocks_non_center_stripes"", ""rule_type"": ""excludes"", ""runtime_action"": """", ""source_id"": ""opt_20a_001"", ""source_section"": ""sec_gsha_001"", ""source_selection_mode"": ""single_select_opt"", ""source_type"": ""option"", ""target_id"": ""opt_sht_001"", ""target_section"": ""sec_stri_001"", ""target_selection_mode"": ""single_select_opt"", ""target_type"": ""option""}"
grand_sport,grandSport_rule_mapping,150,gs_rule_opt_20a_001_excludes_opt_vpo_001_heritage_hash_blocks_non_center_stripes,opt_20a_001,excludes,opt_vpo_001,omit_grouped_exclusion,omitted,,runtime_authored_rule_false,delete,"{""body_style_scope"": """", ""disabled_reason"": ""Z15 grouped exclusion blocks non-center stripes."", ""generation_action"": ""omit_grouped_exclusion"", ""normalization_status"": ""omitted"", ""original_detail_raw"": ""20A Grand Sport Heritage Hash Marks are only compatible with Grand Sport Heritage Center Stripes; not available with VPO non-center stripe/graphic option."", ""rule_id"": ""gs_rule_opt_20a_001_excludes_opt_vpo_001_heritage_hash_blocks_non_center_stripes"", ""rule_type"": ""excludes"", ""runtime_action"": """", ""source_id"": ""opt_20a_001"", ""source_section"": ""sec_gsha_001"", ""source_selection_mode"": ""single_select_opt"", ""source_type"": ""option"", ""target_id"": ""opt_vpo_001"", ""target_section"": ""sec_hash_001"", ""target_selection_mode"": ""single_select_opt"", ""target_type"": ""option""}"
grand_sport,grandSport_rule_mapping,152,gs_rule_opt_55a_001_excludes_opt_dpb_001_heritage_hash_blocks_non_center_stripes,opt_55a_001,excludes,opt_dpb_001,omit_grouped_exclusion,omitted,,runtime_authored_rule_false,delete,"{""body_style_scope"": """", ""disabled_reason"": ""Z15 grouped exclusion blocks non-center stripes."", ""generation_action"": ""omit_grouped_exclusion"", ""normalization_status"": ""omitted"", ""original_detail_raw"": ""55A Grand Sport Heritage Hash Marks are only compatible with Grand Sport Heritage Center Stripes; not available with DPB non-center stripe/graphic option."", ""rule_id"": ""gs_rule_opt_55a_001_excludes_opt_dpb_001_heritage_hash_blocks_non_center_stripes"", ""rule_type"": ""excludes"", ""runtime_action"": """", ""source_id"": ""opt_55a_001"", ""source_section"": ""sec_gsha_001"", ""source_selection_mode"": ""single_select_opt"", ""source_type"": ""option"", ""target_id"": ""opt_dpb_001"", ""target_section"": ""sec_stri_001"", ""target_selection_mode"": ""single_select_opt"", ""target_type"": ""option""}"
grand_sport,grandSport_rule_mapping,153,gs_rule_opt_55a_001_excludes_opt_dpc_001_heritage_hash_blocks_non_center_stripes,opt_55a_001,excludes,opt_dpc_001,omit_grouped_exclusion,omitted,,runtime_authored_rule_false,delete,"{""body_style_scope"": """", ""disabled_reason"": ""Z15 grouped exclusion blocks non-center stripes."", ""generation_action"": ""omit_grouped_exclusion"", ""normalization_status"": ""omitted"", ""original_detail_raw"": ""55A Grand Sport Heritage Hash Marks are only compatible with Grand Sport Heritage Center Stripes; not available with DPC non-center stripe/graphic option."", ""rule_id"": ""gs_rule_opt_55a_001_excludes_opt_dpc_001_heritage_hash_blocks_non_center_stripes"", ""rule_type"": ""excludes"", ""runtime_action"": """", ""source_id"": ""opt_55a_001"", ""source_section"": ""sec_gsha_001"", ""source_selection_mode"": ""single_select_opt"", ""source_type"": ""option"", ""target_id"": ""opt_dpc_001"", ""target_section"": ""sec_stri_001"", ""target_selection_mode"": ""single_select_opt"", ""target_type"": ""option""}"
grand_sport,grandSport_rule_mapping,154,gs_rule_opt_55a_001_excludes_opt_dpg_001_heritage_hash_blocks_non_center_stripes,opt_55a_001,excludes,opt_dpg_001,omit_grouped_exclusion,omitted,,runtime_authored_rule_false,delete,"{""body_style_scope"": """", ""disabled_reason"": ""Z15 grouped exclusion blocks non-center stripes."", ""generation_action"": ""omit_grouped_exclusion"", ""normalization_status"": ""omitted"", ""original_detail_raw"": ""55A Grand Sport Heritage Hash Marks are only compatible with Grand Sport Heritage Center Stripes; not available with DPG non-center stripe/graphic option."", ""rule_id"": ""gs_rule_opt_55a_001_excludes_opt_dpg_001_heritage_hash_blocks_non_center_stripes"", ""rule_type"": ""excludes"", ""runtime_action"": """", ""source_id"": ""opt_55a_001"", ""source_section"": ""sec_gsha_001"", ""source_selection_mode"": ""single_select_opt"", ""source_type"": ""option"", ""target_id"": ""opt_dpg_001"", ""target_section"": ""sec_stri_001"", ""target_selection_mode"": ""single_select_opt"", ""target_type"": ""option""}"
grand_sport,grandSport_rule_mapping,155,gs_rule_opt_55a_001_excludes_opt_dpl_001_heritage_hash_blocks_non_center_stripes,opt_55a_001,excludes,opt_dpl_001,omit_grouped_exclusion,omitted,,runtime_authored_rule_false,delete,"{""body_style_scope"": """", ""disabled_reason"": ""Z15 grouped exclusion blocks non-center stripes."", ""generation_action"": ""omit_grouped_exclusion"", ""normalization_status"": ""omitted"", ""original_detail_raw"": ""55A Grand Sport Heritage Hash Marks are only compatible with Grand Sport Heritage Center Stripes; not available with DPL non-center stripe/graphic option."", ""rule_id"": ""gs_rule_opt_55a_001_excludes_opt_dpl_001_heritage_hash_blocks_non_center_stripes"", ""rule_type"": ""excludes"", ""runtime_action"": """", ""source_id"": ""opt_55a_001"", ""source_section"": ""sec_gsha_001"", ""source_selection_mode"": ""single_select_opt"", ""source_type"": ""option"", ""target_id"": ""opt_dpl_001"", ""target_section"": ""sec_stri_001"", ""target_selection_mode"": ""single_select_opt"", ""target_type"": ""option""}"
grand_sport,grandSport_rule_mapping,156,gs_rule_opt_55a_001_excludes_opt_dpt_001_heritage_hash_blocks_non_center_stripes,opt_55a_001,excludes,opt_dpt_001,omit_grouped_exclusion,omitted,,runtime_authored_rule_false,delete,"{""body_style_scope"": """", ""disabled_reason"": ""Z15 grouped exclusion blocks non-center stripes."", ""generation_action"": ""omit_grouped_exclusion"", ""normalization_status"": ""omitted"", ""original_detail_raw"": ""55A Grand Sport Heritage Hash Marks are only compatible with Grand Sport Heritage Center Stripes; not available with DPT non-center stripe/graphic option."", ""rule_id"": ""gs_rule_opt_55a_001_excludes_opt_dpt_001_heritage_hash_blocks_non_center_stripes"", ""rule_type"": ""excludes"", ""runtime_action"": """", ""source_id"": ""opt_55a_001"", ""source_section"": ""sec_gsha_001"", ""source_selection_mode"": ""single_select_opt"", ""source_type"": ""option"", ""target_id"": ""opt_dpt_001"", ""target_section"": ""sec_stri_001"", ""target_selection_mode"": ""single_select_opt"", ""target_type"": ""option""}"
grand_sport,grandSport_rule_mapping,157,gs_rule_opt_55a_001_excludes_opt_dsy_001_heritage_hash_blocks_non_center_stripes,opt_55a_001,excludes,opt_dsy_001,omit_grouped_exclusion,omitted,,runtime_authored_rule_false,delete,"{""body_style_scope"": """", ""disabled_reason"": ""Z15 grouped exclusion blocks non-center stripes."", ""generation_action"": ""omit_grouped_exclusion"", ""normalization_status"": ""omitted"", ""original_detail_raw"": ""55A Grand Sport Heritage Hash Marks are only compatible with Grand Sport Heritage Center Stripes; not available with DSY non-center stripe/graphic option."", ""rule_id"": ""gs_rule_opt_55a_001_excludes_opt_dsy_001_heritage_hash_blocks_non_center_stripes"", ""rule_type"": ""excludes"", ""runtime_action"": """", ""source_id"": ""opt_55a_001"", ""source_section"": ""sec_gsha_001"", ""source_selection_mode"": ""single_select_opt"", ""source_type"": ""option"", ""target_id"": ""opt_dsy_001"", ""target_section"": ""sec_stri_001"", ""target_selection_mode"": ""single_select_opt"", ""target_type"": ""option""}"
grand_sport,grandSport_rule_mapping,158,gs_rule_opt_55a_001_excludes_opt_dsz_001_heritage_hash_blocks_non_center_stripes,opt_55a_001,excludes,opt_dsz_001,omit_grouped_exclusion,omitted,,runtime_authored_rule_false,delete,"{""body_style_scope"": """", ""disabled_reason"": ""Z15 grouped exclusion blocks non-center stripes."", ""generation_action"": ""omit_grouped_exclusion"", ""normalization_status"": ""omitted"", ""original_detail_raw"": ""55A Grand Sport Heritage Hash Marks are only compatible with Grand Sport Heritage Center Stripes; not available with DSZ non-center stripe/graphic option."", ""rule_id"": ""gs_rule_opt_55a_001_excludes_opt_dsz_001_heritage_hash_blocks_non_center_stripes"", ""rule_type"": ""excludes"", ""runtime_action"": """", ""source_id"": ""opt_55a_001"", ""source_section"": ""sec_gsha_001"", ""source_selection_mode"": ""single_select_opt"", ""source_type"": ""option"", ""target_id"": ""opt_dsz_001"", ""target_section"": ""sec_stri_001"", ""target_selection_mode"": ""single_select_opt"", ""target_type"": ""option""}"
grand_sport,grandSport_rule_mapping,159,gs_rule_opt_55a_001_excludes_opt_dt0_001_heritage_hash_blocks_non_center_stripes,opt_55a_001,excludes,opt_dt0_001,omit_grouped_exclusion,omitted,,runtime_authored_rule_false,delete,"{""body_style_scope"": """", ""disabled_reason"": ""Z15 grouped exclusion blocks non-center stripes."", ""generation_action"": ""omit_grouped_exclusion"", ""normalization_status"": ""omitted"", ""original_detail_raw"": ""55A Grand Sport Heritage Hash Marks are only compatible with Grand Sport Heritage Center Stripes; not available with DT0 non-center stripe/graphic option."", ""rule_id"": ""gs_rule_opt_55a_001_excludes_opt_dt0_001_heritage_hash_blocks_non_center_stripes"", ""rule_type"": ""excludes"", ""runtime_action"": """", ""source_id"": ""opt_55a_001"", ""source_section"": ""sec_gsha_001"", ""source_selection_mode"": ""single_select_opt"", ""source_type"": ""option"", ""target_id"": ""opt_dt0_001"", ""target_section"": ""sec_stri_001"", ""target_selection_mode"": ""single_select_opt"", ""target_type"": ""option""}"
grand_sport,grandSport_rule_mapping,160,gs_rule_opt_55a_001_excludes_opt_dth_001_heritage_hash_blocks_non_center_stripes,opt_55a_001,excludes,opt_dth_001,omit_grouped_exclusion,omitted,,runtime_authored_rule_false,delete,"{""body_style_scope"": """", ""disabled_reason"": ""Z15 grouped exclusion blocks non-center stripes."", ""generation_action"": ""omit_grouped_exclusion"", ""normalization_status"": ""omitted"", ""original_detail_raw"": ""55A Grand Sport Heritage Hash Marks are only compatible with Grand Sport Heritage Center Stripes; not available with DTH non-center stripe/graphic option."", ""rule_id"": ""gs_rule_opt_55a_001_excludes_opt_dth_001_heritage_hash_blocks_non_center_stripes"", ""rule_type"": ""excludes"", ""runtime_action"": """", ""source_id"": ""opt_55a_001"", ""source_section"": ""sec_gsha_001"", ""source_selection_mode"": ""single_select_opt"", ""source_type"": ""option"", ""target_id"": ""opt_dth_001"", ""target_section"": ""sec_stri_001"", ""target_selection_mode"": ""single_select_opt"", ""target_type"": ""option""}"
grand_sport,grandSport_rule_mapping,161,gs_rule_opt_55a_001_excludes_opt_dub_001_heritage_hash_blocks_non_center_stripes,opt_55a_001,excludes,opt_dub_001,omit_grouped_exclusion,omitted,,runtime_authored_rule_false,delete,"{""body_style_scope"": """", ""disabled_reason"": ""Z15 grouped exclusion blocks non-center stripes."", ""generation_action"": ""omit_grouped_exclusion"", ""normalization_status"": ""omitted"", ""original_detail_raw"": ""55A Grand Sport Heritage Hash Marks are only compatible with Grand Sport Heritage Center Stripes; not available with DUB non-center stripe/graphic option."", ""rule_id"": ""gs_rule_opt_55a_001_excludes_opt_dub_001_heritage_hash_blocks_non_center_stripes"", ""rule_type"": ""excludes"", ""runtime_action"": """", ""source_id"": ""opt_55a_001"", ""source_section"": ""sec_gsha_001"", ""source_selection_mode"": ""single_select_opt"", ""source_type"": ""option"", ""target_id"": ""opt_dub_001"", ""target_section"": ""sec_stri_001"", ""target_selection_mode"": ""single_select_opt"", ""target_type"": ""option""}"
grand_sport,grandSport_rule_mapping,162,gs_rule_opt_55a_001_excludes_opt_due_001_heritage_hash_blocks_non_center_stripes,opt_55a_001,excludes,opt_due_001,omit_grouped_exclusion,omitted,,runtime_authored_rule_false,delete,"{""body_style_scope"": """", ""disabled_reason"": ""Z15 grouped exclusion blocks non-center stripes."", ""generation_action"": ""omit_grouped_exclusion"", ""normalization_status"": ""omitted"", ""original_detail_raw"": ""55A Grand Sport Heritage Hash Marks are only compatible with Grand Sport Heritage Center Stripes; not available with DUE non-center stripe/graphic option."", ""rule_id"": ""gs_rule_opt_55a_001_excludes_opt_due_001_heritage_hash_blocks_non_center_stripes"", ""rule_type"": ""excludes"", ""runtime_action"": """", ""source_id"": ""opt_55a_001"", ""source_section"": ""sec_gsha_001"", ""source_selection_mode"": ""single_select_opt"", ""source_type"": ""option"", ""target_id"": ""opt_due_001"", ""target_section"": ""sec_stri_001"", ""target_selection_mode"": ""single_select_opt"", ""target_type"": ""option""}"
grand_sport,grandSport_rule_mapping,163,gs_rule_opt_55a_001_excludes_opt_duk_001_heritage_hash_blocks_non_center_stripes,opt_55a_001,excludes,opt_duk_001,omit_grouped_exclusion,omitted,,runtime_authored_rule_false,delete,"{""body_style_scope"": """", ""disabled_reason"": ""Z15 grouped exclusion blocks non-center stripes."", ""generation_action"": ""omit_grouped_exclusion"", ""normalization_status"": ""omitted"", ""original_detail_raw"": ""55A Grand Sport Heritage Hash Marks are only compatible with Grand Sport Heritage Center Stripes; not available with DUK non-center stripe/graphic option."", ""rule_id"": ""gs_rule_opt_55a_001_excludes_opt_duk_001_heritage_hash_blocks_non_center_stripes"", ""rule_type"": ""excludes"", ""runtime_action"": """", ""source_id"": ""opt_55a_001"", ""source_section"": ""sec_gsha_001"", ""source_selection_mode"": ""single_select_opt"", ""source_type"": ""option"", ""target_id"": ""opt_duk_001"", ""target_section"": ""sec_stri_001"", ""target_selection_mode"": ""single_select_opt"", ""target_type"": ""option""}"
grand_sport,grandSport_rule_mapping,164,gs_rule_opt_55a_001_excludes_opt_duw_001_heritage_hash_blocks_non_center_stripes,opt_55a_001,excludes,opt_duw_001,omit_grouped_exclusion,omitted,,runtime_authored_rule_false,delete,"{""body_style_scope"": """", ""disabled_reason"": ""Z15 grouped exclusion blocks non-center stripes."", ""generation_action"": ""omit_grouped_exclusion"", ""normalization_status"": ""omitted"", ""original_detail_raw"": ""55A Grand Sport Heritage Hash Marks are only compatible with Grand Sport Heritage Center Stripes; not available with DUW non-center stripe/graphic option."", ""rule_id"": ""gs_rule_opt_55a_001_excludes_opt_duw_001_heritage_hash_blocks_non_center_stripes"", ""rule_type"": ""excludes"", ""runtime_action"": """", ""source_id"": ""opt_55a_001"", ""source_section"": ""sec_gsha_001"", ""source_selection_mode"": ""single_select_opt"", ""source_type"": ""option"", ""target_id"": ""opt_duw_001"", ""target_section"": ""sec_stri_001"", ""target_selection_mode"": ""single_select_opt"", ""target_type"": ""option""}"
grand_sport,grandSport_rule_mapping,165,gs_rule_opt_55a_001_excludes_opt_dzu_001_heritage_hash_blocks_non_center_stripes,opt_55a_001,excludes,opt_dzu_001,omit_grouped_exclusion,omitted,,runtime_authored_rule_false,delete,"{""body_style_scope"": """", ""disabled_reason"": ""Z15 grouped exclusion blocks non-center stripes."", ""generation_action"": ""omit_grouped_exclusion"", ""normalization_status"": ""omitted"", ""original_detail_raw"": ""55A Grand Sport Heritage Hash Marks are only compatible with Grand Sport Heritage Center Stripes; not available with DZU non-center stripe/graphic option."", ""rule_id"": ""gs_rule_opt_55a_001_excludes_opt_dzu_001_heritage_hash_blocks_non_center_stripes"", ""rule_type"": ""excludes"", ""runtime_action"": """", ""source_id"": ""opt_55a_001"", ""source_section"": ""sec_gsha_001"", ""source_selection_mode"": ""single_select_opt"", ""source_type"": ""option"", ""target_id"": ""opt_dzu_001"", ""target_section"": ""sec_stri_001"", ""target_selection_mode"": ""single_select_opt"", ""target_type"": ""option""}"
grand_sport,grandSport_rule_mapping,166,gs_rule_opt_55a_001_excludes_opt_dzv_001_heritage_hash_blocks_non_center_stripes,opt_55a_001,excludes,opt_dzv_001,omit_grouped_exclusion,omitted,,runtime_authored_rule_false,delete,"{""body_style_scope"": """", ""disabled_reason"": ""Z15 grouped exclusion blocks non-center stripes."", ""generation_action"": ""omit_grouped_exclusion"", ""normalization_status"": ""omitted"", ""original_detail_raw"": ""55A Grand Sport Heritage Hash Marks are only compatible with Grand Sport Heritage Center Stripes; not available with DZV non-center stripe/graphic option."", ""rule_id"": ""gs_rule_opt_55a_001_excludes_opt_dzv_001_heritage_hash_blocks_non_center_stripes"", ""rule_type"": ""excludes"", ""runtime_action"": """", ""source_id"": ""opt_55a_001"", ""source_section"": ""sec_gsha_001"", ""source_selection_mode"": ""single_select_opt"", ""source_type"": ""option"", ""target_id"": ""opt_dzv_001"", ""target_section"": ""sec_stri_001"", ""target_selection_mode"": ""single_select_opt"", ""target_type"": ""option""}"
grand_sport,grandSport_rule_mapping,167,gs_rule_opt_55a_001_excludes_opt_dzx_001_heritage_hash_blocks_non_center_stripes,opt_55a_001,excludes,opt_dzx_001,omit_grouped_exclusion,omitted,,runtime_authored_rule_false,delete,"{""body_style_scope"": """", ""disabled_reason"": ""Z15 grouped exclusion blocks non-center stripes."", ""generation_action"": ""omit_grouped_exclusion"", ""normalization_status"": ""omitted"", ""original_detail_raw"": ""55A Grand Sport Heritage Hash Marks are only compatible with Grand Sport Heritage Center Stripes; not available with DZX non-center stripe/graphic option."", ""rule_id"": ""gs_rule_opt_55a_001_excludes_opt_dzx_001_heritage_hash_blocks_non_center_stripes"", ""rule_type"": ""excludes"", ""runtime_action"": """", ""source_id"": ""opt_55a_001"", ""source_section"": ""sec_gsha_001"", ""source_selection_mode"": ""single_select_opt"", ""source_type"": ""option"", ""target_id"": ""opt_dzx_001"", ""target_section"": ""sec_stri_001"", ""target_selection_mode"": ""single_select_opt"", ""target_type"": ""option""}"
grand_sport,grandSport_rule_mapping,168,gs_rule_opt_55a_001_excludes_opt_sht_001_heritage_hash_blocks_non_center_stripes,opt_55a_001,excludes,opt_sht_001,omit_grouped_exclusion,omitted,,runtime_authored_rule_false,delete,"{""body_style_scope"": """", ""disabled_reason"": ""Z15 grouped exclusion blocks non-center stripes."", ""generation_action"": ""omit_grouped_exclusion"", ""normalization_status"": ""omitted"", ""original_detail_raw"": ""55A Grand Sport Heritage Hash Marks are only compatible with Grand Sport Heritage Center Stripes; not available with SHT non-center stripe/graphic option."", ""rule_id"": ""gs_rule_opt_55a_001_excludes_opt_sht_001_heritage_hash_blocks_non_center_stripes"", ""rule_type"": ""excludes"", ""runtime_action"": """", ""source_id"": ""opt_55a_001"", ""source_section"": ""sec_gsha_001"", ""source_selection_mode"": ""single_select_opt"", ""source_type"": ""option"", ""target_id"": ""opt_sht_001"", ""target_section"": ""sec_stri_001"", ""target_selection_mode"": ""single_select_opt"", ""target_type"": ""option""}"
grand_sport,grandSport_rule_mapping,169,gs_rule_opt_55a_001_excludes_opt_vpo_001_heritage_hash_blocks_non_center_stripes,opt_55a_001,excludes,opt_vpo_001,omit_grouped_exclusion,omitted,,runtime_authored_rule_false,delete,"{""body_style_scope"": """", ""disabled_reason"": ""Z15 grouped exclusion blocks non-center stripes."", ""generation_action"": ""omit_grouped_exclusion"", ""normalization_status"": ""omitted"", ""original_detail_raw"": ""55A Grand Sport Heritage Hash Marks are only compatible with Grand Sport Heritage Center Stripes; not available with VPO non-center stripe/graphic option."", ""rule_id"": ""gs_rule_opt_55a_001_excludes_opt_vpo_001_heritage_hash_blocks_non_center_stripes"", ""rule_type"": ""excludes"", ""runtime_action"": """", ""source_id"": ""opt_55a_001"", ""source_section"": ""sec_gsha_001"", ""source_selection_mode"": ""single_select_opt"", ""source_type"": ""option"", ""target_id"": ""opt_vpo_001"", ""target_section"": ""sec_hash_001"", ""target_selection_mode"": ""single_select_opt"", ""target_type"": ""option""}"
grand_sport,grandSport_rule_mapping,171,gs_rule_opt_75a_001_excludes_opt_dpb_001_heritage_hash_blocks_non_center_stripes,opt_75a_001,excludes,opt_dpb_001,omit_grouped_exclusion,omitted,,runtime_authored_rule_false,delete,"{""body_style_scope"": """", ""disabled_reason"": ""Z15 grouped exclusion blocks non-center stripes."", ""generation_action"": ""omit_grouped_exclusion"", ""normalization_status"": ""omitted"", ""original_detail_raw"": ""75A Grand Sport Heritage Hash Marks are only compatible with Grand Sport Heritage Center Stripes; not available with DPB non-center stripe/graphic option."", ""rule_id"": ""gs_rule_opt_75a_001_excludes_opt_dpb_001_heritage_hash_blocks_non_center_stripes"", ""rule_type"": ""excludes"", ""runtime_action"": """", ""source_id"": ""opt_75a_001"", ""source_section"": ""sec_gsha_001"", ""source_selection_mode"": ""single_select_opt"", ""source_type"": ""option"", ""target_id"": ""opt_dpb_001"", ""target_section"": ""sec_stri_001"", ""target_selection_mode"": ""single_select_opt"", ""target_type"": ""option""}"
grand_sport,grandSport_rule_mapping,172,gs_rule_opt_75a_001_excludes_opt_dpc_001_heritage_hash_blocks_non_center_stripes,opt_75a_001,excludes,opt_dpc_001,omit_grouped_exclusion,omitted,,runtime_authored_rule_false,delete,"{""body_style_scope"": """", ""disabled_reason"": ""Z15 grouped exclusion blocks non-center stripes."", ""generation_action"": ""omit_grouped_exclusion"", ""normalization_status"": ""omitted"", ""original_detail_raw"": ""75A Grand Sport Heritage Hash Marks are only compatible with Grand Sport Heritage Center Stripes; not available with DPC non-center stripe/graphic option."", ""rule_id"": ""gs_rule_opt_75a_001_excludes_opt_dpc_001_heritage_hash_blocks_non_center_stripes"", ""rule_type"": ""excludes"", ""runtime_action"": """", ""source_id"": ""opt_75a_001"", ""source_section"": ""sec_gsha_001"", ""source_selection_mode"": ""single_select_opt"", ""source_type"": ""option"", ""target_id"": ""opt_dpc_001"", ""target_section"": ""sec_stri_001"", ""target_selection_mode"": ""single_select_opt"", ""target_type"": ""option""}"
grand_sport,grandSport_rule_mapping,173,gs_rule_opt_75a_001_excludes_opt_dpg_001_heritage_hash_blocks_non_center_stripes,opt_75a_001,excludes,opt_dpg_001,omit_grouped_exclusion,omitted,,runtime_authored_rule_false,delete,"{""body_style_scope"": """", ""disabled_reason"": ""Z15 grouped exclusion blocks non-center stripes."", ""generation_action"": ""omit_grouped_exclusion"", ""normalization_status"": ""omitted"", ""original_detail_raw"": ""75A Grand Sport Heritage Hash Marks are only compatible with Grand Sport Heritage Center Stripes; not available with DPG non-center stripe/graphic option."", ""rule_id"": ""gs_rule_opt_75a_001_excludes_opt_dpg_001_heritage_hash_blocks_non_center_stripes"", ""rule_type"": ""excludes"", ""runtime_action"": """", ""source_id"": ""opt_75a_001"", ""source_section"": ""sec_gsha_001"", ""source_selection_mode"": ""single_select_opt"", ""source_type"": ""option"", ""target_id"": ""opt_dpg_001"", ""target_section"": ""sec_stri_001"", ""target_selection_mode"": ""single_select_opt"", ""target_type"": ""option""}"
grand_sport,grandSport_rule_mapping,174,gs_rule_opt_75a_001_excludes_opt_dpl_001_heritage_hash_blocks_non_center_stripes,opt_75a_001,excludes,opt_dpl_001,omit_grouped_exclusion,omitted,,runtime_authored_rule_false,delete,"{""body_style_scope"": """", ""disabled_reason"": ""Z15 grouped exclusion blocks non-center stripes."", ""generation_action"": ""omit_grouped_exclusion"", ""normalization_status"": ""omitted"", ""original_detail_raw"": ""75A Grand Sport Heritage Hash Marks are only compatible with Grand Sport Heritage Center Stripes; not available with DPL non-center stripe/graphic option."", ""rule_id"": ""gs_rule_opt_75a_001_excludes_opt_dpl_001_heritage_hash_blocks_non_center_stripes"", ""rule_type"": ""excludes"", ""runtime_action"": """", ""source_id"": ""opt_75a_001"", ""source_section"": ""sec_gsha_001"", ""source_selection_mode"": ""single_select_opt"", ""source_type"": ""option"", ""target_id"": ""opt_dpl_001"", ""target_section"": ""sec_stri_001"", ""target_selection_mode"": ""single_select_opt"", ""target_type"": ""option""}"
grand_sport,grandSport_rule_mapping,175,gs_rule_opt_75a_001_excludes_opt_dpt_001_heritage_hash_blocks_non_center_stripes,opt_75a_001,excludes,opt_dpt_001,omit_grouped_exclusion,omitted,,runtime_authored_rule_false,delete,"{""body_style_scope"": """", ""disabled_reason"": ""Z15 grouped exclusion blocks non-center stripes."", ""generation_action"": ""omit_grouped_exclusion"", ""normalization_status"": ""omitted"", ""original_detail_raw"": ""75A Grand Sport Heritage Hash Marks are only compatible with Grand Sport Heritage Center Stripes; not available with DPT non-center stripe/graphic option."", ""rule_id"": ""gs_rule_opt_75a_001_excludes_opt_dpt_001_heritage_hash_blocks_non_center_stripes"", ""rule_type"": ""excludes"", ""runtime_action"": """", ""source_id"": ""opt_75a_001"", ""source_section"": ""sec_gsha_001"", ""source_selection_mode"": ""single_select_opt"", ""source_type"": ""option"", ""target_id"": ""opt_dpt_001"", ""target_section"": ""sec_stri_001"", ""target_selection_mode"": ""single_select_opt"", ""target_type"": ""option""}"
grand_sport,grandSport_rule_mapping,176,gs_rule_opt_75a_001_excludes_opt_dsy_001_heritage_hash_blocks_non_center_stripes,opt_75a_001,excludes,opt_dsy_001,omit_grouped_exclusion,omitted,,runtime_authored_rule_false,delete,"{""body_style_scope"": """", ""disabled_reason"": ""Z15 grouped exclusion blocks non-center stripes."", ""generation_action"": ""omit_grouped_exclusion"", ""normalization_status"": ""omitted"", ""original_detail_raw"": ""75A Grand Sport Heritage Hash Marks are only compatible with Grand Sport Heritage Center Stripes; not available with DSY non-center stripe/graphic option."", ""rule_id"": ""gs_rule_opt_75a_001_excludes_opt_dsy_001_heritage_hash_blocks_non_center_stripes"", ""rule_type"": ""excludes"", ""runtime_action"": """", ""source_id"": ""opt_75a_001"", ""source_section"": ""sec_gsha_001"", ""source_selection_mode"": ""single_select_opt"", ""source_type"": ""option"", ""target_id"": ""opt_dsy_001"", ""target_section"": ""sec_stri_001"", ""target_selection_mode"": ""single_select_opt"", ""target_type"": ""option""}"
grand_sport,grandSport_rule_mapping,177,gs_rule_opt_75a_001_excludes_opt_dsz_001_heritage_hash_blocks_non_center_stripes,opt_75a_001,excludes,opt_dsz_001,omit_grouped_exclusion,omitted,,runtime_authored_rule_false,delete,"{""body_style_scope"": """", ""disabled_reason"": ""Z15 grouped exclusion blocks non-center stripes."", ""generation_action"": ""omit_grouped_exclusion"", ""normalization_status"": ""omitted"", ""original_detail_raw"": ""75A Grand Sport Heritage Hash Marks are only compatible with Grand Sport Heritage Center Stripes; not available with DSZ non-center stripe/graphic option."", ""rule_id"": ""gs_rule_opt_75a_001_excludes_opt_dsz_001_heritage_hash_blocks_non_center_stripes"", ""rule_type"": ""excludes"", ""runtime_action"": """", ""source_id"": ""opt_75a_001"", ""source_section"": ""sec_gsha_001"", ""source_selection_mode"": ""single_select_opt"", ""source_type"": ""option"", ""target_id"": ""opt_dsz_001"", ""target_section"": ""sec_stri_001"", ""target_selection_mode"": ""single_select_opt"", ""target_type"": ""option""}"
grand_sport,grandSport_rule_mapping,178,gs_rule_opt_75a_001_excludes_opt_dt0_001_heritage_hash_blocks_non_center_stripes,opt_75a_001,excludes,opt_dt0_001,omit_grouped_exclusion,omitted,,runtime_authored_rule_false,delete,"{""body_style_scope"": """", ""disabled_reason"": ""Z15 grouped exclusion blocks non-center stripes."", ""generation_action"": ""omit_grouped_exclusion"", ""normalization_status"": ""omitted"", ""original_detail_raw"": ""75A Grand Sport Heritage Hash Marks are only compatible with Grand Sport Heritage Center Stripes; not available with DT0 non-center stripe/graphic option."", ""rule_id"": ""gs_rule_opt_75a_001_excludes_opt_dt0_001_heritage_hash_blocks_non_center_stripes"", ""rule_type"": ""excludes"", ""runtime_action"": """", ""source_id"": ""opt_75a_001"", ""source_section"": ""sec_gsha_001"", ""source_selection_mode"": ""single_select_opt"", ""source_type"": ""option"", ""target_id"": ""opt_dt0_001"", ""target_section"": ""sec_stri_001"", ""target_selection_mode"": ""single_select_opt"", ""target_type"": ""option""}"
grand_sport,grandSport_rule_mapping,179,gs_rule_opt_75a_001_excludes_opt_dth_001_heritage_hash_blocks_non_center_stripes,opt_75a_001,excludes,opt_dth_001,omit_grouped_exclusion,omitted,,runtime_authored_rule_false,delete,"{""body_style_scope"": """", ""disabled_reason"": ""Z15 grouped exclusion blocks non-center stripes."", ""generation_action"": ""omit_grouped_exclusion"", ""normalization_status"": ""omitted"", ""original_detail_raw"": ""75A Grand Sport Heritage Hash Marks are only compatible with Grand Sport Heritage Center Stripes; not available with DTH non-center stripe/graphic option."", ""rule_id"": ""gs_rule_opt_75a_001_excludes_opt_dth_001_heritage_hash_blocks_non_center_stripes"", ""rule_type"": ""excludes"", ""runtime_action"": """", ""source_id"": ""opt_75a_001"", ""source_section"": ""sec_gsha_001"", ""source_selection_mode"": ""single_select_opt"", ""source_type"": ""option"", ""target_id"": ""opt_dth_001"", ""target_section"": ""sec_stri_001"", ""target_selection_mode"": ""single_select_opt"", ""target_type"": ""option""}"
grand_sport,grandSport_rule_mapping,180,gs_rule_opt_75a_001_excludes_opt_dub_001_heritage_hash_blocks_non_center_stripes,opt_75a_001,excludes,opt_dub_001,omit_grouped_exclusion,omitted,,runtime_authored_rule_false,delete,"{""body_style_scope"": """", ""disabled_reason"": ""Z15 grouped exclusion blocks non-center stripes."", ""generation_action"": ""omit_grouped_exclusion"", ""normalization_status"": ""omitted"", ""original_detail_raw"": ""75A Grand Sport Heritage Hash Marks are only compatible with Grand Sport Heritage Center Stripes; not available with DUB non-center stripe/graphic option."", ""rule_id"": ""gs_rule_opt_75a_001_excludes_opt_dub_001_heritage_hash_blocks_non_center_stripes"", ""rule_type"": ""excludes"", ""runtime_action"": """", ""source_id"": ""opt_75a_001"", ""source_section"": ""sec_gsha_001"", ""source_selection_mode"": ""single_select_opt"", ""source_type"": ""option"", ""target_id"": ""opt_dub_001"", ""target_section"": ""sec_stri_001"", ""target_selection_mode"": ""single_select_opt"", ""target_type"": ""option""}"
grand_sport,grandSport_rule_mapping,181,gs_rule_opt_75a_001_excludes_opt_due_001_heritage_hash_blocks_non_center_stripes,opt_75a_001,excludes,opt_due_001,omit_grouped_exclusion,omitted,,runtime_authored_rule_false,delete,"{""body_style_scope"": """", ""disabled_reason"": ""Z15 grouped exclusion blocks non-center stripes."", ""generation_action"": ""omit_grouped_exclusion"", ""normalization_status"": ""omitted"", ""original_detail_raw"": ""75A Grand Sport Heritage Hash Marks are only compatible with Grand Sport Heritage Center Stripes; not available with DUE non-center stripe/graphic option."", ""rule_id"": ""gs_rule_opt_75a_001_excludes_opt_due_001_heritage_hash_blocks_non_center_stripes"", ""rule_type"": ""excludes"", ""runtime_action"": """", ""source_id"": ""opt_75a_001"", ""source_section"": ""sec_gsha_001"", ""source_selection_mode"": ""single_select_opt"", ""source_type"": ""option"", ""target_id"": ""opt_due_001"", ""target_section"": ""sec_stri_001"", ""target_selection_mode"": ""single_select_opt"", ""target_type"": ""option""}"
grand_sport,grandSport_rule_mapping,182,gs_rule_opt_75a_001_excludes_opt_duk_001_heritage_hash_blocks_non_center_stripes,opt_75a_001,excludes,opt_duk_001,omit_grouped_exclusion,omitted,,runtime_authored_rule_false,delete,"{""body_style_scope"": """", ""disabled_reason"": ""Z15 grouped exclusion blocks non-center stripes."", ""generation_action"": ""omit_grouped_exclusion"", ""normalization_status"": ""omitted"", ""original_detail_raw"": ""75A Grand Sport Heritage Hash Marks are only compatible with Grand Sport Heritage Center Stripes; not available with DUK non-center stripe/graphic option."", ""rule_id"": ""gs_rule_opt_75a_001_excludes_opt_duk_001_heritage_hash_blocks_non_center_stripes"", ""rule_type"": ""excludes"", ""runtime_action"": """", ""source_id"": ""opt_75a_001"", ""source_section"": ""sec_gsha_001"", ""source_selection_mode"": ""single_select_opt"", ""source_type"": ""option"", ""target_id"": ""opt_duk_001"", ""target_section"": ""sec_stri_001"", ""target_selection_mode"": ""single_select_opt"", ""target_type"": ""option""}"
grand_sport,grandSport_rule_mapping,183,gs_rule_opt_75a_001_excludes_opt_duw_001_heritage_hash_blocks_non_center_stripes,opt_75a_001,excludes,opt_duw_001,omit_grouped_exclusion,omitted,,runtime_authored_rule_false,delete,"{""body_style_scope"": """", ""disabled_reason"": ""Z15 grouped exclusion blocks non-center stripes."", ""generation_action"": ""omit_grouped_exclusion"", ""normalization_status"": ""omitted"", ""original_detail_raw"": ""75A Grand Sport Heritage Hash Marks are only compatible with Grand Sport Heritage Center Stripes; not available with DUW non-center stripe/graphic option."", ""rule_id"": ""gs_rule_opt_75a_001_excludes_opt_duw_001_heritage_hash_blocks_non_center_stripes"", ""rule_type"": ""excludes"", ""runtime_action"": """", ""source_id"": ""opt_75a_001"", ""source_section"": ""sec_gsha_001"", ""source_selection_mode"": ""single_select_opt"", ""source_type"": ""option"", ""target_id"": ""opt_duw_001"", ""target_section"": ""sec_stri_001"", ""target_selection_mode"": ""single_select_opt"", ""target_type"": ""option""}"
grand_sport,grandSport_rule_mapping,184,gs_rule_opt_75a_001_excludes_opt_dzu_001_heritage_hash_blocks_non_center_stripes,opt_75a_001,excludes,opt_dzu_001,omit_grouped_exclusion,omitted,,runtime_authored_rule_false,delete,"{""body_style_scope"": """", ""disabled_reason"": ""Z15 grouped exclusion blocks non-center stripes."", ""generation_action"": ""omit_grouped_exclusion"", ""normalization_status"": ""omitted"", ""original_detail_raw"": ""75A Grand Sport Heritage Hash Marks are only compatible with Grand Sport Heritage Center Stripes; not available with DZU non-center stripe/graphic option."", ""rule_id"": ""gs_rule_opt_75a_001_excludes_opt_dzu_001_heritage_hash_blocks_non_center_stripes"", ""rule_type"": ""excludes"", ""runtime_action"": """", ""source_id"": ""opt_75a_001"", ""source_section"": ""sec_gsha_001"", ""source_selection_mode"": ""single_select_opt"", ""source_type"": ""option"", ""target_id"": ""opt_dzu_001"", ""target_section"": ""sec_stri_001"", ""target_selection_mode"": ""single_select_opt"", ""target_type"": ""option""}"
grand_sport,grandSport_rule_mapping,185,gs_rule_opt_75a_001_excludes_opt_dzv_001_heritage_hash_blocks_non_center_stripes,opt_75a_001,excludes,opt_dzv_001,omit_grouped_exclusion,omitted,,runtime_authored_rule_false,delete,"{""body_style_scope"": """", ""disabled_reason"": ""Z15 grouped exclusion blocks non-center stripes."", ""generation_action"": ""omit_grouped_exclusion"", ""normalization_status"": ""omitted"", ""original_detail_raw"": ""75A Grand Sport Heritage Hash Marks are only compatible with Grand Sport Heritage Center Stripes; not available with DZV non-center stripe/graphic option."", ""rule_id"": ""gs_rule_opt_75a_001_excludes_opt_dzv_001_heritage_hash_blocks_non_center_stripes"", ""rule_type"": ""excludes"", ""runtime_action"": """", ""source_id"": ""opt_75a_001"", ""source_section"": ""sec_gsha_001"", ""source_selection_mode"": ""single_select_opt"", ""source_type"": ""option"", ""target_id"": ""opt_dzv_001"", ""target_section"": ""sec_stri_001"", ""target_selection_mode"": ""single_select_opt"", ""target_type"": ""option""}"
grand_sport,grandSport_rule_mapping,186,gs_rule_opt_75a_001_excludes_opt_dzx_001_heritage_hash_blocks_non_center_stripes,opt_75a_001,excludes,opt_dzx_001,omit_grouped_exclusion,omitted,,runtime_authored_rule_false,delete,"{""body_style_scope"": """", ""disabled_reason"": ""Z15 grouped exclusion blocks non-center stripes."", ""generation_action"": ""omit_grouped_exclusion"", ""normalization_status"": ""omitted"", ""original_detail_raw"": ""75A Grand Sport Heritage Hash Marks are only compatible with Grand Sport Heritage Center Stripes; not available with DZX non-center stripe/graphic option."", ""rule_id"": ""gs_rule_opt_75a_001_excludes_opt_dzx_001_heritage_hash_blocks_non_center_stripes"", ""rule_type"": ""excludes"", ""runtime_action"": """", ""source_id"": ""opt_75a_001"", ""source_section"": ""sec_gsha_001"", ""source_selection_mode"": ""single_select_opt"", ""source_type"": ""option"", ""target_id"": ""opt_dzx_001"", ""target_section"": ""sec_stri_001"", ""target_selection_mode"": ""single_select_opt"", ""target_type"": ""option""}"
grand_sport,grandSport_rule_mapping,187,gs_rule_opt_75a_001_excludes_opt_sht_001_heritage_hash_blocks_non_center_stripes,opt_75a_001,excludes,opt_sht_001,omit_grouped_exclusion,omitted,,runtime_authored_rule_false,delete,"{""body_style_scope"": """", ""disabled_reason"": ""Z15 grouped exclusion blocks non-center stripes."", ""generation_action"": ""omit_grouped_exclusion"", ""normalization_status"": ""omitted"", ""original_detail_raw"": ""75A Grand Sport Heritage Hash Marks are only compatible with Grand Sport Heritage Center Stripes; not available with SHT non-center stripe/graphic option."", ""rule_id"": ""gs_rule_opt_75a_001_excludes_opt_sht_001_heritage_hash_blocks_non_center_stripes"", ""rule_type"": ""excludes"", ""runtime_action"": """", ""source_id"": ""opt_75a_001"", ""source_section"": ""sec_gsha_001"", ""source_selection_mode"": ""single_select_opt"", ""source_type"": ""option"", ""target_id"": ""opt_sht_001"", ""target_section"": ""sec_stri_001"", ""target_selection_mode"": ""single_select_opt"", ""target_type"": ""option""}"
grand_sport,grandSport_rule_mapping,188,gs_rule_opt_75a_001_excludes_opt_vpo_001_heritage_hash_blocks_non_center_stripes,opt_75a_001,excludes,opt_vpo_001,omit_grouped_exclusion,omitted,,runtime_authored_rule_false,delete,"{""body_style_scope"": """", ""disabled_reason"": ""Z15 grouped exclusion blocks non-center stripes."", ""generation_action"": ""omit_grouped_exclusion"", ""normalization_status"": ""omitted"", ""original_detail_raw"": ""75A Grand Sport Heritage Hash Marks are only compatible with Grand Sport Heritage Center Stripes; not available with VPO non-center stripe/graphic option."", ""rule_id"": ""gs_rule_opt_75a_001_excludes_opt_vpo_001_heritage_hash_blocks_non_center_stripes"", ""rule_type"": ""excludes"", ""runtime_action"": """", ""source_id"": ""opt_75a_001"", ""source_section"": ""sec_gsha_001"", ""source_selection_mode"": ""single_select_opt"", ""source_type"": ""option"", ""target_id"": ""opt_vpo_001"", ""target_section"": ""sec_hash_001"", ""target_selection_mode"": ""single_select_opt"", ""target_type"": ""option""}"
grand_sport,grandSport_rule_mapping,190,gs_rule_opt_97a_001_excludes_opt_dpb_001_heritage_hash_blocks_non_center_stripes,opt_97a_001,excludes,opt_dpb_001,omit_grouped_exclusion,omitted,,runtime_authored_rule_false,delete,"{""body_style_scope"": """", ""disabled_reason"": ""Z15 grouped exclusion blocks non-center stripes."", ""generation_action"": ""omit_grouped_exclusion"", ""normalization_status"": ""omitted"", ""original_detail_raw"": ""97A Grand Sport Heritage Hash Marks are only compatible with Grand Sport Heritage Center Stripes; not available with DPB non-center stripe/graphic option."", ""rule_id"": ""gs_rule_opt_97a_001_excludes_opt_dpb_001_heritage_hash_blocks_non_center_stripes"", ""rule_type"": ""excludes"", ""runtime_action"": """", ""source_id"": ""opt_97a_001"", ""source_section"": ""sec_gsha_001"", ""source_selection_mode"": ""single_select_opt"", ""source_type"": ""option"", ""target_id"": ""opt_dpb_001"", ""target_section"": ""sec_stri_001"", ""target_selection_mode"": ""single_select_opt"", ""target_type"": ""option""}"
grand_sport,grandSport_rule_mapping,191,gs_rule_opt_97a_001_excludes_opt_dpc_001_heritage_hash_blocks_non_center_stripes,opt_97a_001,excludes,opt_dpc_001,omit_grouped_exclusion,omitted,,runtime_authored_rule_false,delete,"{""body_style_scope"": """", ""disabled_reason"": ""Z15 grouped exclusion blocks non-center stripes."", ""generation_action"": ""omit_grouped_exclusion"", ""normalization_status"": ""omitted"", ""original_detail_raw"": ""97A Grand Sport Heritage Hash Marks are only compatible with Grand Sport Heritage Center Stripes; not available with DPC non-center stripe/graphic option."", ""rule_id"": ""gs_rule_opt_97a_001_excludes_opt_dpc_001_heritage_hash_blocks_non_center_stripes"", ""rule_type"": ""excludes"", ""runtime_action"": """", ""source_id"": ""opt_97a_001"", ""source_section"": ""sec_gsha_001"", ""source_selection_mode"": ""single_select_opt"", ""source_type"": ""option"", ""target_id"": ""opt_dpc_001"", ""target_section"": ""sec_stri_001"", ""target_selection_mode"": ""single_select_opt"", ""target_type"": ""option""}"
grand_sport,grandSport_rule_mapping,192,gs_rule_opt_97a_001_excludes_opt_dpg_001_heritage_hash_blocks_non_center_stripes,opt_97a_001,excludes,opt_dpg_001,omit_grouped_exclusion,omitted,,runtime_authored_rule_false,delete,"{""body_style_scope"": """", ""disabled_reason"": ""Z15 grouped exclusion blocks non-center stripes."", ""generation_action"": ""omit_grouped_exclusion"", ""normalization_status"": ""omitted"", ""original_detail_raw"": ""97A Grand Sport Heritage Hash Marks are only compatible with Grand Sport Heritage Center Stripes; not available with DPG non-center stripe/graphic option."", ""rule_id"": ""gs_rule_opt_97a_001_excludes_opt_dpg_001_heritage_hash_blocks_non_center_stripes"", ""rule_type"": ""excludes"", ""runtime_action"": """", ""source_id"": ""opt_97a_001"", ""source_section"": ""sec_gsha_001"", ""source_selection_mode"": ""single_select_opt"", ""source_type"": ""option"", ""target_id"": ""opt_dpg_001"", ""target_section"": ""sec_stri_001"", ""target_selection_mode"": ""single_select_opt"", ""target_type"": ""option""}"
grand_sport,grandSport_rule_mapping,193,gs_rule_opt_97a_001_excludes_opt_dpl_001_heritage_hash_blocks_non_center_stripes,opt_97a_001,excludes,opt_dpl_001,omit_grouped_exclusion,omitted,,runtime_authored_rule_false,delete,"{""body_style_scope"": """", ""disabled_reason"": ""Z15 grouped exclusion blocks non-center stripes."", ""generation_action"": ""omit_grouped_exclusion"", ""normalization_status"": ""omitted"", ""original_detail_raw"": ""97A Grand Sport Heritage Hash Marks are only compatible with Grand Sport Heritage Center Stripes; not available with DPL non-center stripe/graphic option."", ""rule_id"": ""gs_rule_opt_97a_001_excludes_opt_dpl_001_heritage_hash_blocks_non_center_stripes"", ""rule_type"": ""excludes"", ""runtime_action"": """", ""source_id"": ""opt_97a_001"", ""source_section"": ""sec_gsha_001"", ""source_selection_mode"": ""single_select_opt"", ""source_type"": ""option"", ""target_id"": ""opt_dpl_001"", ""target_section"": ""sec_stri_001"", ""target_selection_mode"": ""single_select_opt"", ""target_type"": ""option""}"
grand_sport,grandSport_rule_mapping,194,gs_rule_opt_97a_001_excludes_opt_dpt_001_heritage_hash_blocks_non_center_stripes,opt_97a_001,excludes,opt_dpt_001,omit_grouped_exclusion,omitted,,runtime_authored_rule_false,delete,"{""body_style_scope"": """", ""disabled_reason"": ""Z15 grouped exclusion blocks non-center stripes."", ""generation_action"": ""omit_grouped_exclusion"", ""normalization_status"": ""omitted"", ""original_detail_raw"": ""97A Grand Sport Heritage Hash Marks are only compatible with Grand Sport Heritage Center Stripes; not available with DPT non-center stripe/graphic option."", ""rule_id"": ""gs_rule_opt_97a_001_excludes_opt_dpt_001_heritage_hash_blocks_non_center_stripes"", ""rule_type"": ""excludes"", ""runtime_action"": """", ""source_id"": ""opt_97a_001"", ""source_section"": ""sec_gsha_001"", ""source_selection_mode"": ""single_select_opt"", ""source_type"": ""option"", ""target_id"": ""opt_dpt_001"", ""target_section"": ""sec_stri_001"", ""target_selection_mode"": ""single_select_opt"", ""target_type"": ""option""}"
grand_sport,grandSport_rule_mapping,195,gs_rule_opt_97a_001_excludes_opt_dsy_001_heritage_hash_blocks_non_center_stripes,opt_97a_001,excludes,opt_dsy_001,omit_grouped_exclusion,omitted,,runtime_authored_rule_false,delete,"{""body_style_scope"": """", ""disabled_reason"": ""Z15 grouped exclusion blocks non-center stripes."", ""generation_action"": ""omit_grouped_exclusion"", ""normalization_status"": ""omitted"", ""original_detail_raw"": ""97A Grand Sport Heritage Hash Marks are only compatible with Grand Sport Heritage Center Stripes; not available with DSY non-center stripe/graphic option."", ""rule_id"": ""gs_rule_opt_97a_001_excludes_opt_dsy_001_heritage_hash_blocks_non_center_stripes"", ""rule_type"": ""excludes"", ""runtime_action"": """", ""source_id"": ""opt_97a_001"", ""source_section"": ""sec_gsha_001"", ""source_selection_mode"": ""single_select_opt"", ""source_type"": ""option"", ""target_id"": ""opt_dsy_001"", ""target_section"": ""sec_stri_001"", ""target_selection_mode"": ""single_select_opt"", ""target_type"": ""option""}"
grand_sport,grandSport_rule_mapping,196,gs_rule_opt_97a_001_excludes_opt_dsz_001_heritage_hash_blocks_non_center_stripes,opt_97a_001,excludes,opt_dsz_001,omit_grouped_exclusion,omitted,,runtime_authored_rule_false,delete,"{""body_style_scope"": """", ""disabled_reason"": ""Z15 grouped exclusion blocks non-center stripes."", ""generation_action"": ""omit_grouped_exclusion"", ""normalization_status"": ""omitted"", ""original_detail_raw"": ""97A Grand Sport Heritage Hash Marks are only compatible with Grand Sport Heritage Center Stripes; not available with DSZ non-center stripe/graphic option."", ""rule_id"": ""gs_rule_opt_97a_001_excludes_opt_dsz_001_heritage_hash_blocks_non_center_stripes"", ""rule_type"": ""excludes"", ""runtime_action"": """", ""source_id"": ""opt_97a_001"", ""source_section"": ""sec_gsha_001"", ""source_selection_mode"": ""single_select_opt"", ""source_type"": ""option"", ""target_id"": ""opt_dsz_001"", ""target_section"": ""sec_stri_001"", ""target_selection_mode"": ""single_select_opt"", ""target_type"": ""option""}"
grand_sport,grandSport_rule_mapping,197,gs_rule_opt_97a_001_excludes_opt_dt0_001_heritage_hash_blocks_non_center_stripes,opt_97a_001,excludes,opt_dt0_001,omit_grouped_exclusion,omitted,,runtime_authored_rule_false,delete,"{""body_style_scope"": """", ""disabled_reason"": ""Z15 grouped exclusion blocks non-center stripes."", ""generation_action"": ""omit_grouped_exclusion"", ""normalization_status"": ""omitted"", ""original_detail_raw"": ""97A Grand Sport Heritage Hash Marks are only compatible with Grand Sport Heritage Center Stripes; not available with DT0 non-center stripe/graphic option."", ""rule_id"": ""gs_rule_opt_97a_001_excludes_opt_dt0_001_heritage_hash_blocks_non_center_stripes"", ""rule_type"": ""excludes"", ""runtime_action"": """", ""source_id"": ""opt_97a_001"", ""source_section"": ""sec_gsha_001"", ""source_selection_mode"": ""single_select_opt"", ""source_type"": ""option"", ""target_id"": ""opt_dt0_001"", ""target_section"": ""sec_stri_001"", ""target_selection_mode"": ""single_select_opt"", ""target_type"": ""option""}"
grand_sport,grandSport_rule_mapping,198,gs_rule_opt_97a_001_excludes_opt_dth_001_heritage_hash_blocks_non_center_stripes,opt_97a_001,excludes,opt_dth_001,omit_grouped_exclusion,omitted,,runtime_authored_rule_false,delete,"{""body_style_scope"": """", ""disabled_reason"": ""Z15 grouped exclusion blocks non-center stripes."", ""generation_action"": ""omit_grouped_exclusion"", ""normalization_status"": ""omitted"", ""original_detail_raw"": ""97A Grand Sport Heritage Hash Marks are only compatible with Grand Sport Heritage Center Stripes; not available with DTH non-center stripe/graphic option."", ""rule_id"": ""gs_rule_opt_97a_001_excludes_opt_dth_001_heritage_hash_blocks_non_center_stripes"", ""rule_type"": ""excludes"", ""runtime_action"": """", ""source_id"": ""opt_97a_001"", ""source_section"": ""sec_gsha_001"", ""source_selection_mode"": ""single_select_opt"", ""source_type"": ""option"", ""target_id"": ""opt_dth_001"", ""target_section"": ""sec_stri_001"", ""target_selection_mode"": ""single_select_opt"", ""target_type"": ""option""}"
grand_sport,grandSport_rule_mapping,199,gs_rule_opt_97a_001_excludes_opt_dub_001_heritage_hash_blocks_non_center_stripes,opt_97a_001,excludes,opt_dub_001,omit_grouped_exclusion,omitted,,runtime_authored_rule_false,delete,"{""body_style_scope"": """", ""disabled_reason"": ""Z15 grouped exclusion blocks non-center stripes."", ""generation_action"": ""omit_grouped_exclusion"", ""normalization_status"": ""omitted"", ""original_detail_raw"": ""97A Grand Sport Heritage Hash Marks are only compatible with Grand Sport Heritage Center Stripes; not available with DUB non-center stripe/graphic option."", ""rule_id"": ""gs_rule_opt_97a_001_excludes_opt_dub_001_heritage_hash_blocks_non_center_stripes"", ""rule_type"": ""excludes"", ""runtime_action"": """", ""source_id"": ""opt_97a_001"", ""source_section"": ""sec_gsha_001"", ""source_selection_mode"": ""single_select_opt"", ""source_type"": ""option"", ""target_id"": ""opt_dub_001"", ""target_section"": ""sec_stri_001"", ""target_selection_mode"": ""single_select_opt"", ""target_type"": ""option""}"
grand_sport,grandSport_rule_mapping,200,gs_rule_opt_97a_001_excludes_opt_due_001_heritage_hash_blocks_non_center_stripes,opt_97a_001,excludes,opt_due_001,omit_grouped_exclusion,omitted,,runtime_authored_rule_false,delete,"{""body_style_scope"": """", ""disabled_reason"": ""Z15 grouped exclusion blocks non-center stripes."", ""generation_action"": ""omit_grouped_exclusion"", ""normalization_status"": ""omitted"", ""original_detail_raw"": ""97A Grand Sport Heritage Hash Marks are only compatible with Grand Sport Heritage Center Stripes; not available with DUE non-center stripe/graphic option."", ""rule_id"": ""gs_rule_opt_97a_001_excludes_opt_due_001_heritage_hash_blocks_non_center_stripes"", ""rule_type"": ""excludes"", ""runtime_action"": """", ""source_id"": ""opt_97a_001"", ""source_section"": ""sec_gsha_001"", ""source_selection_mode"": ""single_select_opt"", ""source_type"": ""option"", ""target_id"": ""opt_due_001"", ""target_section"": ""sec_stri_001"", ""target_selection_mode"": ""single_select_opt"", ""target_type"": ""option""}"
grand_sport,grandSport_rule_mapping,201,gs_rule_opt_97a_001_excludes_opt_duk_001_heritage_hash_blocks_non_center_stripes,opt_97a_001,excludes,opt_duk_001,omit_grouped_exclusion,omitted,,runtime_authored_rule_false,delete,"{""body_style_scope"": """", ""disabled_reason"": ""Z15 grouped exclusion blocks non-center stripes."", ""generation_action"": ""omit_grouped_exclusion"", ""normalization_status"": ""omitted"", ""original_detail_raw"": ""97A Grand Sport Heritage Hash Marks are only compatible with Grand Sport Heritage Center Stripes; not available with DUK non-center stripe/graphic option."", ""rule_id"": ""gs_rule_opt_97a_001_excludes_opt_duk_001_heritage_hash_blocks_non_center_stripes"", ""rule_type"": ""excludes"", ""runtime_action"": """", ""source_id"": ""opt_97a_001"", ""source_section"": ""sec_gsha_001"", ""source_selection_mode"": ""single_select_opt"", ""source_type"": ""option"", ""target_id"": ""opt_duk_001"", ""target_section"": ""sec_stri_001"", ""target_selection_mode"": ""single_select_opt"", ""target_type"": ""option""}"
grand_sport,grandSport_rule_mapping,202,gs_rule_opt_97a_001_excludes_opt_duw_001_heritage_hash_blocks_non_center_stripes,opt_97a_001,excludes,opt_duw_001,omit_grouped_exclusion,omitted,,runtime_authored_rule_false,delete,"{""body_style_scope"": """", ""disabled_reason"": ""Z15 grouped exclusion blocks non-center stripes."", ""generation_action"": ""omit_grouped_exclusion"", ""normalization_status"": ""omitted"", ""original_detail_raw"": ""97A Grand Sport Heritage Hash Marks are only compatible with Grand Sport Heritage Center Stripes; not available with DUW non-center stripe/graphic option."", ""rule_id"": ""gs_rule_opt_97a_001_excludes_opt_duw_001_heritage_hash_blocks_non_center_stripes"", ""rule_type"": ""excludes"", ""runtime_action"": """", ""source_id"": ""opt_97a_001"", ""source_section"": ""sec_gsha_001"", ""source_selection_mode"": ""single_select_opt"", ""source_type"": ""option"", ""target_id"": ""opt_duw_001"", ""target_section"": ""sec_stri_001"", ""target_selection_mode"": ""single_select_opt"", ""target_type"": ""option""}"
grand_sport,grandSport_rule_mapping,203,gs_rule_opt_97a_001_excludes_opt_dzu_001_heritage_hash_blocks_non_center_stripes,opt_97a_001,excludes,opt_dzu_001,omit_grouped_exclusion,omitted,,runtime_authored_rule_false,delete,"{""body_style_scope"": """", ""disabled_reason"": ""Z15 grouped exclusion blocks non-center stripes."", ""generation_action"": ""omit_grouped_exclusion"", ""normalization_status"": ""omitted"", ""original_detail_raw"": ""97A Grand Sport Heritage Hash Marks are only compatible with Grand Sport Heritage Center Stripes; not available with DZU non-center stripe/graphic option."", ""rule_id"": ""gs_rule_opt_97a_001_excludes_opt_dzu_001_heritage_hash_blocks_non_center_stripes"", ""rule_type"": ""excludes"", ""runtime_action"": """", ""source_id"": ""opt_97a_001"", ""source_section"": ""sec_gsha_001"", ""source_selection_mode"": ""single_select_opt"", ""source_type"": ""option"", ""target_id"": ""opt_dzu_001"", ""target_section"": ""sec_stri_001"", ""target_selection_mode"": ""single_select_opt"", ""target_type"": ""option""}"
grand_sport,grandSport_rule_mapping,204,gs_rule_opt_97a_001_excludes_opt_dzv_001_heritage_hash_blocks_non_center_stripes,opt_97a_001,excludes,opt_dzv_001,omit_grouped_exclusion,omitted,,runtime_authored_rule_false,delete,"{""body_style_scope"": """", ""disabled_reason"": ""Z15 grouped exclusion blocks non-center stripes."", ""generation_action"": ""omit_grouped_exclusion"", ""normalization_status"": ""omitted"", ""original_detail_raw"": ""97A Grand Sport Heritage Hash Marks are only compatible with Grand Sport Heritage Center Stripes; not available with DZV non-center stripe/graphic option."", ""rule_id"": ""gs_rule_opt_97a_001_excludes_opt_dzv_001_heritage_hash_blocks_non_center_stripes"", ""rule_type"": ""excludes"", ""runtime_action"": """", ""source_id"": ""opt_97a_001"", ""source_section"": ""sec_gsha_001"", ""source_selection_mode"": ""single_select_opt"", ""source_type"": ""option"", ""target_id"": ""opt_dzv_001"", ""target_section"": ""sec_stri_001"", ""target_selection_mode"": ""single_select_opt"", ""target_type"": ""option""}"
grand_sport,grandSport_rule_mapping,205,gs_rule_opt_97a_001_excludes_opt_dzx_001_heritage_hash_blocks_non_center_stripes,opt_97a_001,excludes,opt_dzx_001,omit_grouped_exclusion,omitted,,runtime_authored_rule_false,delete,"{""body_style_scope"": """", ""disabled_reason"": ""Z15 grouped exclusion blocks non-center stripes."", ""generation_action"": ""omit_grouped_exclusion"", ""normalization_status"": ""omitted"", ""original_detail_raw"": ""97A Grand Sport Heritage Hash Marks are only compatible with Grand Sport Heritage Center Stripes; not available with DZX non-center stripe/graphic option."", ""rule_id"": ""gs_rule_opt_97a_001_excludes_opt_dzx_001_heritage_hash_blocks_non_center_stripes"", ""rule_type"": ""excludes"", ""runtime_action"": """", ""source_id"": ""opt_97a_001"", ""source_section"": ""sec_gsha_001"", ""source_selection_mode"": ""single_select_opt"", ""source_type"": ""option"", ""target_id"": ""opt_dzx_001"", ""target_section"": ""sec_stri_001"", ""target_selection_mode"": ""single_select_opt"", ""target_type"": ""option""}"
grand_sport,grandSport_rule_mapping,206,gs_rule_opt_97a_001_excludes_opt_sht_001_heritage_hash_blocks_non_center_stripes,opt_97a_001,excludes,opt_sht_001,omit_grouped_exclusion,omitted,,runtime_authored_rule_false,delete,"{""body_style_scope"": """", ""disabled_reason"": ""Z15 grouped exclusion blocks non-center stripes."", ""generation_action"": ""omit_grouped_exclusion"", ""normalization_status"": ""omitted"", ""original_detail_raw"": ""97A Grand Sport Heritage Hash Marks are only compatible with Grand Sport Heritage Center Stripes; not available with SHT non-center stripe/graphic option."", ""rule_id"": ""gs_rule_opt_97a_001_excludes_opt_sht_001_heritage_hash_blocks_non_center_stripes"", ""rule_type"": ""excludes"", ""runtime_action"": """", ""source_id"": ""opt_97a_001"", ""source_section"": ""sec_gsha_001"", ""source_selection_mode"": ""single_select_opt"", ""source_type"": ""option"", ""target_id"": ""opt_sht_001"", ""target_section"": ""sec_stri_001"", ""target_selection_mode"": ""single_select_opt"", ""target_type"": ""option""}"
grand_sport,grandSport_rule_mapping,207,gs_rule_opt_97a_001_excludes_opt_vpo_001_heritage_hash_blocks_non_center_stripes,opt_97a_001,excludes,opt_vpo_001,omit_grouped_exclusion,omitted,,runtime_authored_rule_false,delete,"{""body_style_scope"": """", ""disabled_reason"": ""Z15 grouped exclusion blocks non-center stripes."", ""generation_action"": ""omit_grouped_exclusion"", ""normalization_status"": ""omitted"", ""original_detail_raw"": ""97A Grand Sport Heritage Hash Marks are only compatible with Grand Sport Heritage Center Stripes; not available with VPO non-center stripe/graphic option."", ""rule_id"": ""gs_rule_opt_97a_001_excludes_opt_vpo_001_heritage_hash_blocks_non_center_stripes"", ""rule_type"": ""excludes"", ""runtime_action"": """", ""source_id"": ""opt_97a_001"", ""source_section"": ""sec_gsha_001"", ""source_selection_mode"": ""single_select_opt"", ""source_type"": ""option"", ""target_id"": ""opt_vpo_001"", ""target_section"": ""sec_hash_001"", ""target_selection_mode"": ""single_select_opt"", ""target_type"": ""option""}"
grand_sport,grandSport_rule_mapping,209,gs_rule_opt_dx4_001_excludes_opt_dpb_001_heritage_hash_blocks_non_center_stripes,opt_dx4_001,excludes,opt_dpb_001,omit_grouped_exclusion,omitted,,runtime_authored_rule_false,delete,"{""body_style_scope"": """", ""disabled_reason"": ""Z15 grouped exclusion blocks non-center stripes."", ""generation_action"": ""omit_grouped_exclusion"", ""normalization_status"": ""omitted"", ""original_detail_raw"": ""DX4 Grand Sport Heritage Hash Marks are only compatible with Grand Sport Heritage Center Stripes; not available with DPB non-center stripe/graphic option."", ""rule_id"": ""gs_rule_opt_dx4_001_excludes_opt_dpb_001_heritage_hash_blocks_non_center_stripes"", ""rule_type"": ""excludes"", ""runtime_action"": """", ""source_id"": ""opt_dx4_001"", ""source_section"": ""sec_gsha_001"", ""source_selection_mode"": ""single_select_opt"", ""source_type"": ""option"", ""target_id"": ""opt_dpb_001"", ""target_section"": ""sec_stri_001"", ""target_selection_mode"": ""single_select_opt"", ""target_type"": ""option""}"
grand_sport,grandSport_rule_mapping,210,gs_rule_opt_dx4_001_excludes_opt_dpc_001_heritage_hash_blocks_non_center_stripes,opt_dx4_001,excludes,opt_dpc_001,omit_grouped_exclusion,omitted,,runtime_authored_rule_false,delete,"{""body_style_scope"": """", ""disabled_reason"": ""Z15 grouped exclusion blocks non-center stripes."", ""generation_action"": ""omit_grouped_exclusion"", ""normalization_status"": ""omitted"", ""original_detail_raw"": ""DX4 Grand Sport Heritage Hash Marks are only compatible with Grand Sport Heritage Center Stripes; not available with DPC non-center stripe/graphic option."", ""rule_id"": ""gs_rule_opt_dx4_001_excludes_opt_dpc_001_heritage_hash_blocks_non_center_stripes"", ""rule_type"": ""excludes"", ""runtime_action"": """", ""source_id"": ""opt_dx4_001"", ""source_section"": ""sec_gsha_001"", ""source_selection_mode"": ""single_select_opt"", ""source_type"": ""option"", ""target_id"": ""opt_dpc_001"", ""target_section"": ""sec_stri_001"", ""target_selection_mode"": ""single_select_opt"", ""target_type"": ""option""}"
grand_sport,grandSport_rule_mapping,211,gs_rule_opt_dx4_001_excludes_opt_dpg_001_heritage_hash_blocks_non_center_stripes,opt_dx4_001,excludes,opt_dpg_001,omit_grouped_exclusion,omitted,,runtime_authored_rule_false,delete,"{""body_style_scope"": """", ""disabled_reason"": ""Z15 grouped exclusion blocks non-center stripes."", ""generation_action"": ""omit_grouped_exclusion"", ""normalization_status"": ""omitted"", ""original_detail_raw"": ""DX4 Grand Sport Heritage Hash Marks are only compatible with Grand Sport Heritage Center Stripes; not available with DPG non-center stripe/graphic option."", ""rule_id"": ""gs_rule_opt_dx4_001_excludes_opt_dpg_001_heritage_hash_blocks_non_center_stripes"", ""rule_type"": ""excludes"", ""runtime_action"": """", ""source_id"": ""opt_dx4_001"", ""source_section"": ""sec_gsha_001"", ""source_selection_mode"": ""single_select_opt"", ""source_type"": ""option"", ""target_id"": ""opt_dpg_001"", ""target_section"": ""sec_stri_001"", ""target_selection_mode"": ""single_select_opt"", ""target_type"": ""option""}"
grand_sport,grandSport_rule_mapping,212,gs_rule_opt_dx4_001_excludes_opt_dpl_001_heritage_hash_blocks_non_center_stripes,opt_dx4_001,excludes,opt_dpl_001,omit_grouped_exclusion,omitted,,runtime_authored_rule_false,delete,"{""body_style_scope"": """", ""disabled_reason"": ""Z15 grouped exclusion blocks non-center stripes."", ""generation_action"": ""omit_grouped_exclusion"", ""normalization_status"": ""omitted"", ""original_detail_raw"": ""DX4 Grand Sport Heritage Hash Marks are only compatible with Grand Sport Heritage Center Stripes; not available with DPL non-center stripe/graphic option."", ""rule_id"": ""gs_rule_opt_dx4_001_excludes_opt_dpl_001_heritage_hash_blocks_non_center_stripes"", ""rule_type"": ""excludes"", ""runtime_action"": """", ""source_id"": ""opt_dx4_001"", ""source_section"": ""sec_gsha_001"", ""source_selection_mode"": ""single_select_opt"", ""source_type"": ""option"", ""target_id"": ""opt_dpl_001"", ""target_section"": ""sec_stri_001"", ""target_selection_mode"": ""single_select_opt"", ""target_type"": ""option""}"
grand_sport,grandSport_rule_mapping,213,gs_rule_opt_dx4_001_excludes_opt_dpt_001_heritage_hash_blocks_non_center_stripes,opt_dx4_001,excludes,opt_dpt_001,omit_grouped_exclusion,omitted,,runtime_authored_rule_false,delete,"{""body_style_scope"": """", ""disabled_reason"": ""Z15 grouped exclusion blocks non-center stripes."", ""generation_action"": ""omit_grouped_exclusion"", ""normalization_status"": ""omitted"", ""original_detail_raw"": ""DX4 Grand Sport Heritage Hash Marks are only compatible with Grand Sport Heritage Center Stripes; not available with DPT non-center stripe/graphic option."", ""rule_id"": ""gs_rule_opt_dx4_001_excludes_opt_dpt_001_heritage_hash_blocks_non_center_stripes"", ""rule_type"": ""excludes"", ""runtime_action"": """", ""source_id"": ""opt_dx4_001"", ""source_section"": ""sec_gsha_001"", ""source_selection_mode"": ""single_select_opt"", ""source_type"": ""option"", ""target_id"": ""opt_dpt_001"", ""target_section"": ""sec_stri_001"", ""target_selection_mode"": ""single_select_opt"", ""target_type"": ""option""}"
grand_sport,grandSport_rule_mapping,214,gs_rule_opt_dx4_001_excludes_opt_dsy_001_heritage_hash_blocks_non_center_stripes,opt_dx4_001,excludes,opt_dsy_001,omit_grouped_exclusion,omitted,,runtime_authored_rule_false,delete,"{""body_style_scope"": """", ""disabled_reason"": ""Z15 grouped exclusion blocks non-center stripes."", ""generation_action"": ""omit_grouped_exclusion"", ""normalization_status"": ""omitted"", ""original_detail_raw"": ""DX4 Grand Sport Heritage Hash Marks are only compatible with Grand Sport Heritage Center Stripes; not available with DSY non-center stripe/graphic option."", ""rule_id"": ""gs_rule_opt_dx4_001_excludes_opt_dsy_001_heritage_hash_blocks_non_center_stripes"", ""rule_type"": ""excludes"", ""runtime_action"": """", ""source_id"": ""opt_dx4_001"", ""source_section"": ""sec_gsha_001"", ""source_selection_mode"": ""single_select_opt"", ""source_type"": ""option"", ""target_id"": ""opt_dsy_001"", ""target_section"": ""sec_stri_001"", ""target_selection_mode"": ""single_select_opt"", ""target_type"": ""option""}"
grand_sport,grandSport_rule_mapping,215,gs_rule_opt_dx4_001_excludes_opt_dsz_001_heritage_hash_blocks_non_center_stripes,opt_dx4_001,excludes,opt_dsz_001,omit_grouped_exclusion,omitted,,runtime_authored_rule_false,delete,"{""body_style_scope"": """", ""disabled_reason"": ""Z15 grouped exclusion blocks non-center stripes."", ""generation_action"": ""omit_grouped_exclusion"", ""normalization_status"": ""omitted"", ""original_detail_raw"": ""DX4 Grand Sport Heritage Hash Marks are only compatible with Grand Sport Heritage Center Stripes; not available with DSZ non-center stripe/graphic option."", ""rule_id"": ""gs_rule_opt_dx4_001_excludes_opt_dsz_001_heritage_hash_blocks_non_center_stripes"", ""rule_type"": ""excludes"", ""runtime_action"": """", ""source_id"": ""opt_dx4_001"", ""source_section"": ""sec_gsha_001"", ""source_selection_mode"": ""single_select_opt"", ""source_type"": ""option"", ""target_id"": ""opt_dsz_001"", ""target_section"": ""sec_stri_001"", ""target_selection_mode"": ""single_select_opt"", ""target_type"": ""option""}"
grand_sport,grandSport_rule_mapping,216,gs_rule_opt_dx4_001_excludes_opt_dt0_001_heritage_hash_blocks_non_center_stripes,opt_dx4_001,excludes,opt_dt0_001,omit_grouped_exclusion,omitted,,runtime_authored_rule_false,delete,"{""body_style_scope"": """", ""disabled_reason"": ""Z15 grouped exclusion blocks non-center stripes."", ""generation_action"": ""omit_grouped_exclusion"", ""normalization_status"": ""omitted"", ""original_detail_raw"": ""DX4 Grand Sport Heritage Hash Marks are only compatible with Grand Sport Heritage Center Stripes; not available with DT0 non-center stripe/graphic option."", ""rule_id"": ""gs_rule_opt_dx4_001_excludes_opt_dt0_001_heritage_hash_blocks_non_center_stripes"", ""rule_type"": ""excludes"", ""runtime_action"": """", ""source_id"": ""opt_dx4_001"", ""source_section"": ""sec_gsha_001"", ""source_selection_mode"": ""single_select_opt"", ""source_type"": ""option"", ""target_id"": ""opt_dt0_001"", ""target_section"": ""sec_stri_001"", ""target_selection_mode"": ""single_select_opt"", ""target_type"": ""option""}"
grand_sport,grandSport_rule_mapping,217,gs_rule_opt_dx4_001_excludes_opt_dth_001_heritage_hash_blocks_non_center_stripes,opt_dx4_001,excludes,opt_dth_001,omit_grouped_exclusion,omitted,,runtime_authored_rule_false,delete,"{""body_style_scope"": """", ""disabled_reason"": ""Z15 grouped exclusion blocks non-center stripes."", ""generation_action"": ""omit_grouped_exclusion"", ""normalization_status"": ""omitted"", ""original_detail_raw"": ""DX4 Grand Sport Heritage Hash Marks are only compatible with Grand Sport Heritage Center Stripes; not available with DTH non-center stripe/graphic option."", ""rule_id"": ""gs_rule_opt_dx4_001_excludes_opt_dth_001_heritage_hash_blocks_non_center_stripes"", ""rule_type"": ""excludes"", ""runtime_action"": """", ""source_id"": ""opt_dx4_001"", ""source_section"": ""sec_gsha_001"", ""source_selection_mode"": ""single_select_opt"", ""source_type"": ""option"", ""target_id"": ""opt_dth_001"", ""target_section"": ""sec_stri_001"", ""target_selection_mode"": ""single_select_opt"", ""target_type"": ""option""}"
grand_sport,grandSport_rule_mapping,218,gs_rule_opt_dx4_001_excludes_opt_dub_001_heritage_hash_blocks_non_center_stripes,opt_dx4_001,excludes,opt_dub_001,omit_grouped_exclusion,omitted,,runtime_authored_rule_false,delete,"{""body_style_scope"": """", ""disabled_reason"": ""Z15 grouped exclusion blocks non-center stripes."", ""generation_action"": ""omit_grouped_exclusion"", ""normalization_status"": ""omitted"", ""original_detail_raw"": ""DX4 Grand Sport Heritage Hash Marks are only compatible with Grand Sport Heritage Center Stripes; not available with DUB non-center stripe/graphic option."", ""rule_id"": ""gs_rule_opt_dx4_001_excludes_opt_dub_001_heritage_hash_blocks_non_center_stripes"", ""rule_type"": ""excludes"", ""runtime_action"": """", ""source_id"": ""opt_dx4_001"", ""source_section"": ""sec_gsha_001"", ""source_selection_mode"": ""single_select_opt"", ""source_type"": ""option"", ""target_id"": ""opt_dub_001"", ""target_section"": ""sec_stri_001"", ""target_selection_mode"": ""single_select_opt"", ""target_type"": ""option""}"
grand_sport,grandSport_rule_mapping,219,gs_rule_opt_dx4_001_excludes_opt_due_001_heritage_hash_blocks_non_center_stripes,opt_dx4_001,excludes,opt_due_001,omit_grouped_exclusion,omitted,,runtime_authored_rule_false,delete,"{""body_style_scope"": """", ""disabled_reason"": ""Z15 grouped exclusion blocks non-center stripes."", ""generation_action"": ""omit_grouped_exclusion"", ""normalization_status"": ""omitted"", ""original_detail_raw"": ""DX4 Grand Sport Heritage Hash Marks are only compatible with Grand Sport Heritage Center Stripes; not available with DUE non-center stripe/graphic option."", ""rule_id"": ""gs_rule_opt_dx4_001_excludes_opt_due_001_heritage_hash_blocks_non_center_stripes"", ""rule_type"": ""excludes"", ""runtime_action"": """", ""source_id"": ""opt_dx4_001"", ""source_section"": ""sec_gsha_001"", ""source_selection_mode"": ""single_select_opt"", ""source_type"": ""option"", ""target_id"": ""opt_due_001"", ""target_section"": ""sec_stri_001"", ""target_selection_mode"": ""single_select_opt"", ""target_type"": ""option""}"
grand_sport,grandSport_rule_mapping,220,gs_rule_opt_dx4_001_excludes_opt_duk_001_heritage_hash_blocks_non_center_stripes,opt_dx4_001,excludes,opt_duk_001,omit_grouped_exclusion,omitted,,runtime_authored_rule_false,delete,"{""body_style_scope"": """", ""disabled_reason"": ""Z15 grouped exclusion blocks non-center stripes."", ""generation_action"": ""omit_grouped_exclusion"", ""normalization_status"": ""omitted"", ""original_detail_raw"": ""DX4 Grand Sport Heritage Hash Marks are only compatible with Grand Sport Heritage Center Stripes; not available with DUK non-center stripe/graphic option."", ""rule_id"": ""gs_rule_opt_dx4_001_excludes_opt_duk_001_heritage_hash_blocks_non_center_stripes"", ""rule_type"": ""excludes"", ""runtime_action"": """", ""source_id"": ""opt_dx4_001"", ""source_section"": ""sec_gsha_001"", ""source_selection_mode"": ""single_select_opt"", ""source_type"": ""option"", ""target_id"": ""opt_duk_001"", ""target_section"": ""sec_stri_001"", ""target_selection_mode"": ""single_select_opt"", ""target_type"": ""option""}"
grand_sport,grandSport_rule_mapping,221,gs_rule_opt_dx4_001_excludes_opt_duw_001_heritage_hash_blocks_non_center_stripes,opt_dx4_001,excludes,opt_duw_001,omit_grouped_exclusion,omitted,,runtime_authored_rule_false,delete,"{""body_style_scope"": """", ""disabled_reason"": ""Z15 grouped exclusion blocks non-center stripes."", ""generation_action"": ""omit_grouped_exclusion"", ""normalization_status"": ""omitted"", ""original_detail_raw"": ""DX4 Grand Sport Heritage Hash Marks are only compatible with Grand Sport Heritage Center Stripes; not available with DUW non-center stripe/graphic option."", ""rule_id"": ""gs_rule_opt_dx4_001_excludes_opt_duw_001_heritage_hash_blocks_non_center_stripes"", ""rule_type"": ""excludes"", ""runtime_action"": """", ""source_id"": ""opt_dx4_001"", ""source_section"": ""sec_gsha_001"", ""source_selection_mode"": ""single_select_opt"", ""source_type"": ""option"", ""target_id"": ""opt_duw_001"", ""target_section"": ""sec_stri_001"", ""target_selection_mode"": ""single_select_opt"", ""target_type"": ""option""}"
grand_sport,grandSport_rule_mapping,222,gs_rule_opt_dx4_001_excludes_opt_dzu_001_heritage_hash_blocks_non_center_stripes,opt_dx4_001,excludes,opt_dzu_001,omit_grouped_exclusion,omitted,,runtime_authored_rule_false,delete,"{""body_style_scope"": """", ""disabled_reason"": ""Z15 grouped exclusion blocks non-center stripes."", ""generation_action"": ""omit_grouped_exclusion"", ""normalization_status"": ""omitted"", ""original_detail_raw"": ""DX4 Grand Sport Heritage Hash Marks are only compatible with Grand Sport Heritage Center Stripes; not available with DZU non-center stripe/graphic option."", ""rule_id"": ""gs_rule_opt_dx4_001_excludes_opt_dzu_001_heritage_hash_blocks_non_center_stripes"", ""rule_type"": ""excludes"", ""runtime_action"": """", ""source_id"": ""opt_dx4_001"", ""source_section"": ""sec_gsha_001"", ""source_selection_mode"": ""single_select_opt"", ""source_type"": ""option"", ""target_id"": ""opt_dzu_001"", ""target_section"": ""sec_stri_001"", ""target_selection_mode"": ""single_select_opt"", ""target_type"": ""option""}"
grand_sport,grandSport_rule_mapping,223,gs_rule_opt_dx4_001_excludes_opt_dzv_001_heritage_hash_blocks_non_center_stripes,opt_dx4_001,excludes,opt_dzv_001,omit_grouped_exclusion,omitted,,runtime_authored_rule_false,delete,"{""body_style_scope"": """", ""disabled_reason"": ""Z15 grouped exclusion blocks non-center stripes."", ""generation_action"": ""omit_grouped_exclusion"", ""normalization_status"": ""omitted"", ""original_detail_raw"": ""DX4 Grand Sport Heritage Hash Marks are only compatible with Grand Sport Heritage Center Stripes; not available with DZV non-center stripe/graphic option."", ""rule_id"": ""gs_rule_opt_dx4_001_excludes_opt_dzv_001_heritage_hash_blocks_non_center_stripes"", ""rule_type"": ""excludes"", ""runtime_action"": """", ""source_id"": ""opt_dx4_001"", ""source_section"": ""sec_gsha_001"", ""source_selection_mode"": ""single_select_opt"", ""source_type"": ""option"", ""target_id"": ""opt_dzv_001"", ""target_section"": ""sec_stri_001"", ""target_selection_mode"": ""single_select_opt"", ""target_type"": ""option""}"
grand_sport,grandSport_rule_mapping,224,gs_rule_opt_dx4_001_excludes_opt_dzx_001_heritage_hash_blocks_non_center_stripes,opt_dx4_001,excludes,opt_dzx_001,omit_grouped_exclusion,omitted,,runtime_authored_rule_false,delete,"{""body_style_scope"": """", ""disabled_reason"": ""Z15 grouped exclusion blocks non-center stripes."", ""generation_action"": ""omit_grouped_exclusion"", ""normalization_status"": ""omitted"", ""original_detail_raw"": ""DX4 Grand Sport Heritage Hash Marks are only compatible with Grand Sport Heritage Center Stripes; not available with DZX non-center stripe/graphic option."", ""rule_id"": ""gs_rule_opt_dx4_001_excludes_opt_dzx_001_heritage_hash_blocks_non_center_stripes"", ""rule_type"": ""excludes"", ""runtime_action"": """", ""source_id"": ""opt_dx4_001"", ""source_section"": ""sec_gsha_001"", ""source_selection_mode"": ""single_select_opt"", ""source_type"": ""option"", ""target_id"": ""opt_dzx_001"", ""target_section"": ""sec_stri_001"", ""target_selection_mode"": ""single_select_opt"", ""target_type"": ""option""}"
grand_sport,grandSport_rule_mapping,225,gs_rule_opt_dx4_001_excludes_opt_sht_001_heritage_hash_blocks_non_center_stripes,opt_dx4_001,excludes,opt_sht_001,omit_grouped_exclusion,omitted,,runtime_authored_rule_false,delete,"{""body_style_scope"": """", ""disabled_reason"": ""Z15 grouped exclusion blocks non-center stripes."", ""generation_action"": ""omit_grouped_exclusion"", ""normalization_status"": ""omitted"", ""original_detail_raw"": ""DX4 Grand Sport Heritage Hash Marks are only compatible with Grand Sport Heritage Center Stripes; not available with SHT non-center stripe/graphic option."", ""rule_id"": ""gs_rule_opt_dx4_001_excludes_opt_sht_001_heritage_hash_blocks_non_center_stripes"", ""rule_type"": ""excludes"", ""runtime_action"": """", ""source_id"": ""opt_dx4_001"", ""source_section"": ""sec_gsha_001"", ""source_selection_mode"": ""single_select_opt"", ""source_type"": ""option"", ""target_id"": ""opt_sht_001"", ""target_section"": ""sec_stri_001"", ""target_selection_mode"": ""single_select_opt"", ""target_type"": ""option""}"
grand_sport,grandSport_rule_mapping,226,gs_rule_opt_dx4_001_excludes_opt_vpo_001_heritage_hash_blocks_non_center_stripes,opt_dx4_001,excludes,opt_vpo_001,omit_grouped_exclusion,omitted,,runtime_authored_rule_false,delete,"{""body_style_scope"": """", ""disabled_reason"": ""Z15 grouped exclusion blocks non-center stripes."", ""generation_action"": ""omit_grouped_exclusion"", ""normalization_status"": ""omitted"", ""original_detail_raw"": ""DX4 Grand Sport Heritage Hash Marks are only compatible with Grand Sport Heritage Center Stripes; not available with VPO non-center stripe/graphic option."", ""rule_id"": ""gs_rule_opt_dx4_001_excludes_opt_vpo_001_heritage_hash_blocks_non_center_stripes"", ""rule_type"": ""excludes"", ""runtime_action"": """", ""source_id"": ""opt_dx4_001"", ""source_section"": ""sec_gsha_001"", ""source_selection_mode"": ""single_select_opt"", ""source_type"": ""option"", ""target_id"": ""opt_vpo_001"", ""target_section"": ""sec_hash_001"", ""target_selection_mode"": ""single_select_opt"", ""target_type"": ""option""}"
grand_sport,grandSport_rule_mapping,228,gs_copy_rule_opt_r88_001_excludes_opt_dpb_001_opt_r88_001_excludes_opt_dpb_001,opt_r88_001,excludes,opt_dpb_001,omit_grouped_exclusion,omitted,,runtime_authored_rule_false,delete,"{""body_style_scope"": """", ""disabled_reason"": """", ""generation_action"": ""omit_grouped_exclusion"", ""normalization_status"": ""omitted"", ""original_detail_raw"": ""1. Not available with (SFZ) Dark Stealth crossed flags emblems, LPO, (EYK) Chrome Exterior Badge Package or any Full Length Dual Racing Stripes (DPB, DPC, DPG, DPL, DPT, DSY, DSZ, DT0, DTB, DTH, DUB, DUE, DUK, DUW)."", ""rule_id"": ""gs_copy_rule_opt_r88_001_excludes_opt_dpb_001_opt_r88_001_excludes_opt_dpb_001"", ""rule_type"": ""excludes"", ""runtime_action"": """", ""source_id"": ""opt_r88_001"", ""source_section"": ""sec_lpoe_001"", ""source_selection_mode"": ""multi_select_opt"", ""source_type"": ""option"", ""target_id"": ""opt_dpb_001"", ""target_section"": ""sec_stri_001"", ""target_selection_mode"": ""single_select_opt"", ""target_type"": ""option""}"
grand_sport,grandSport_rule_mapping,229,gs_copy_rule_opt_r88_001_excludes_opt_dpc_001_opt_r88_001_excludes_opt_dpc_001,opt_r88_001,excludes,opt_dpc_001,omit_grouped_exclusion,omitted,,runtime_authored_rule_false,delete,"{""body_style_scope"": """", ""disabled_reason"": """", ""generation_action"": ""omit_grouped_exclusion"", ""normalization_status"": ""omitted"", ""original_detail_raw"": ""1. Not available with (SFZ) Dark Stealth crossed flags emblems, LPO, (EYK) Chrome Exterior Badge Package or any Full Length Dual Racing Stripes (DPB, DPC, DPG, DPL, DPT, DSY, DSZ, DT0, DTB, DTH, DUB, DUE, DUK, DUW)."", ""rule_id"": ""gs_copy_rule_opt_r88_001_excludes_opt_dpc_001_opt_r88_001_excludes_opt_dpc_001"", ""rule_type"": ""excludes"", ""runtime_action"": """", ""source_id"": ""opt_r88_001"", ""source_section"": ""sec_lpoe_001"", ""source_selection_mode"": ""multi_select_opt"", ""source_type"": ""option"", ""target_id"": ""opt_dpc_001"", ""target_section"": ""sec_stri_001"", ""target_selection_mode"": ""single_select_opt"", ""target_type"": ""option""}"
grand_sport,grandSport_rule_mapping,230,gs_copy_rule_opt_r88_001_excludes_opt_dpg_001_opt_r88_001_excludes_opt_dpg_001,opt_r88_001,excludes,opt_dpg_001,omit_grouped_exclusion,omitted,,runtime_authored_rule_false,delete,"{""body_style_scope"": """", ""disabled_reason"": """", ""generation_action"": ""omit_grouped_exclusion"", ""normalization_status"": ""omitted"", ""original_detail_raw"": ""1. Not available with (SFZ) Dark Stealth crossed flags emblems, LPO, (EYK) Chrome Exterior Badge Package or any Full Length Dual Racing Stripes (DPB, DPC, DPG, DPL, DPT, DSY, DSZ, DT0, DTB, DTH, DUB, DUE, DUK, DUW)."", ""rule_id"": ""gs_copy_rule_opt_r88_001_excludes_opt_dpg_001_opt_r88_001_excludes_opt_dpg_001"", ""rule_type"": ""excludes"", ""runtime_action"": """", ""source_id"": ""opt_r88_001"", ""source_section"": ""sec_lpoe_001"", ""source_selection_mode"": ""multi_select_opt"", ""source_type"": ""option"", ""target_id"": ""opt_dpg_001"", ""target_section"": ""sec_stri_001"", ""target_selection_mode"": ""single_select_opt"", ""target_type"": ""option""}"
grand_sport,grandSport_rule_mapping,231,gs_copy_rule_opt_r88_001_excludes_opt_dpl_001_opt_r88_001_excludes_opt_dpl_001,opt_r88_001,excludes,opt_dpl_001,omit_grouped_exclusion,omitted,,runtime_authored_rule_false,delete,"{""body_style_scope"": """", ""disabled_reason"": """", ""generation_action"": ""omit_grouped_exclusion"", ""normalization_status"": ""omitted"", ""original_detail_raw"": ""1. Not available with (SFZ) Dark Stealth crossed flags emblems, LPO, (EYK) Chrome Exterior Badge Package or any Full Length Dual Racing Stripes (DPB, DPC, DPG, DPL, DPT, DSY, DSZ, DT0, DTB, DTH, DUB, DUE, DUK, DUW)."", ""rule_id"": ""gs_copy_rule_opt_r88_001_excludes_opt_dpl_001_opt_r88_001_excludes_opt_dpl_001"", ""rule_type"": ""excludes"", ""runtime_action"": """", ""source_id"": ""opt_r88_001"", ""source_section"": ""sec_lpoe_001"", ""source_selection_mode"": ""multi_select_opt"", ""source_type"": ""option"", ""target_id"": ""opt_dpl_001"", ""target_section"": ""sec_stri_001"", ""target_selection_mode"": ""single_select_opt"", ""target_type"": ""option""}"
grand_sport,grandSport_rule_mapping,232,gs_copy_rule_opt_r88_001_excludes_opt_dpt_001_opt_r88_001_excludes_opt_dpt_001,opt_r88_001,excludes,opt_dpt_001,omit_grouped_exclusion,omitted,,runtime_authored_rule_false,delete,"{""body_style_scope"": """", ""disabled_reason"": """", ""generation_action"": ""omit_grouped_exclusion"", ""normalization_status"": ""omitted"", ""original_detail_raw"": ""1. Not available with (SFZ) Dark Stealth crossed flags emblems, LPO, (EYK) Chrome Exterior Badge Package or any Full Length Dual Racing Stripes (DPB, DPC, DPG, DPL, DPT, DSY, DSZ, DT0, DTB, DTH, DUB, DUE, DUK, DUW)."", ""rule_id"": ""gs_copy_rule_opt_r88_001_excludes_opt_dpt_001_opt_r88_001_excludes_opt_dpt_001"", ""rule_type"": ""excludes"", ""runtime_action"": """", ""source_id"": ""opt_r88_001"", ""source_section"": ""sec_lpoe_001"", ""source_selection_mode"": ""multi_select_opt"", ""source_type"": ""option"", ""target_id"": ""opt_dpt_001"", ""target_section"": ""sec_stri_001"", ""target_selection_mode"": ""single_select_opt"", ""target_type"": ""option""}"
grand_sport,grandSport_rule_mapping,233,gs_copy_rule_opt_r88_001_excludes_opt_dsy_001_opt_r88_001_excludes_opt_dsy_001,opt_r88_001,excludes,opt_dsy_001,omit_grouped_exclusion,omitted,,runtime_authored_rule_false,delete,"{""body_style_scope"": """", ""disabled_reason"": """", ""generation_action"": ""omit_grouped_exclusion"", ""normalization_status"": ""omitted"", ""original_detail_raw"": ""1. Not available with (SFZ) Dark Stealth crossed flags emblems, LPO, (EYK) Chrome Exterior Badge Package or any Full Length Dual Racing Stripes (DPB, DPC, DPG, DPL, DPT, DSY, DSZ, DT0, DTB, DTH, DUB, DUE, DUK, DUW)."", ""rule_id"": ""gs_copy_rule_opt_r88_001_excludes_opt_dsy_001_opt_r88_001_excludes_opt_dsy_001"", ""rule_type"": ""excludes"", ""runtime_action"": """", ""source_id"": ""opt_r88_001"", ""source_section"": ""sec_lpoe_001"", ""source_selection_mode"": ""multi_select_opt"", ""source_type"": ""option"", ""target_id"": ""opt_dsy_001"", ""target_section"": ""sec_stri_001"", ""target_selection_mode"": ""single_select_opt"", ""target_type"": ""option""}"
grand_sport,grandSport_rule_mapping,234,gs_copy_rule_opt_r88_001_excludes_opt_dsz_001_opt_r88_001_excludes_opt_dsz_001,opt_r88_001,excludes,opt_dsz_001,omit_grouped_exclusion,omitted,,runtime_authored_rule_false,delete,"{""body_style_scope"": """", ""disabled_reason"": """", ""generation_action"": ""omit_grouped_exclusion"", ""normalization_status"": ""omitted"", ""original_detail_raw"": ""1. Not available with (SFZ) Dark Stealth crossed flags emblems, LPO, (EYK) Chrome Exterior Badge Package or any Full Length Dual Racing Stripes (DPB, DPC, DPG, DPL, DPT, DSY, DSZ, DT0, DTB, DTH, DUB, DUE, DUK, DUW)."", ""rule_id"": ""gs_copy_rule_opt_r88_001_excludes_opt_dsz_001_opt_r88_001_excludes_opt_dsz_001"", ""rule_type"": ""excludes"", ""runtime_action"": """", ""source_id"": ""opt_r88_001"", ""source_section"": ""sec_lpoe_001"", ""source_selection_mode"": ""multi_select_opt"", ""source_type"": ""option"", ""target_id"": ""opt_dsz_001"", ""target_section"": ""sec_stri_001"", ""target_selection_mode"": ""single_select_opt"", ""target_type"": ""option""}"
grand_sport,grandSport_rule_mapping,235,gs_copy_rule_opt_r88_001_excludes_opt_dt0_001_opt_r88_001_excludes_opt_dt0_001,opt_r88_001,excludes,opt_dt0_001,omit_grouped_exclusion,omitted,,runtime_authored_rule_false,delete,"{""body_style_scope"": """", ""disabled_reason"": """", ""generation_action"": ""omit_grouped_exclusion"", ""normalization_status"": ""omitted"", ""original_detail_raw"": ""1. Not available with (SFZ) Dark Stealth crossed flags emblems, LPO, (EYK) Chrome Exterior Badge Package or any Full Length Dual Racing Stripes (DPB, DPC, DPG, DPL, DPT, DSY, DSZ, DT0, DTB, DTH, DUB, DUE, DUK, DUW)."", ""rule_id"": ""gs_copy_rule_opt_r88_001_excludes_opt_dt0_001_opt_r88_001_excludes_opt_dt0_001"", ""rule_type"": ""excludes"", ""runtime_action"": """", ""source_id"": ""opt_r88_001"", ""source_section"": ""sec_lpoe_001"", ""source_selection_mode"": ""multi_select_opt"", ""source_type"": ""option"", ""target_id"": ""opt_dt0_001"", ""target_section"": ""sec_stri_001"", ""target_selection_mode"": ""single_select_opt"", ""target_type"": ""option""}"
grand_sport,grandSport_rule_mapping,236,gs_copy_rule_opt_r88_001_excludes_opt_dth_001_opt_r88_001_excludes_opt_dth_001,opt_r88_001,excludes,opt_dth_001,omit_grouped_exclusion,omitted,,runtime_authored_rule_false,delete,"{""body_style_scope"": """", ""disabled_reason"": """", ""generation_action"": ""omit_grouped_exclusion"", ""normalization_status"": ""omitted"", ""original_detail_raw"": ""1. Not available with (SFZ) Dark Stealth crossed flags emblems, LPO, (EYK) Chrome Exterior Badge Package or any Full Length Dual Racing Stripes (DPB, DPC, DPG, DPL, DPT, DSY, DSZ, DT0, DTB, DTH, DUB, DUE, DUK, DUW)."", ""rule_id"": ""gs_copy_rule_opt_r88_001_excludes_opt_dth_001_opt_r88_001_excludes_opt_dth_001"", ""rule_type"": ""excludes"", ""runtime_action"": """", ""source_id"": ""opt_r88_001"", ""source_section"": ""sec_lpoe_001"", ""source_selection_mode"": ""multi_select_opt"", ""source_type"": ""option"", ""target_id"": ""opt_dth_001"", ""target_section"": ""sec_stri_001"", ""target_selection_mode"": ""single_select_opt"", ""target_type"": ""option""}"
grand_sport,grandSport_rule_mapping,237,gs_copy_rule_opt_r88_001_excludes_opt_dub_001_opt_r88_001_excludes_opt_dub_001,opt_r88_001,excludes,opt_dub_001,omit_grouped_exclusion,omitted,,runtime_authored_rule_false,delete,"{""body_style_scope"": """", ""disabled_reason"": """", ""generation_action"": ""omit_grouped_exclusion"", ""normalization_status"": ""omitted"", ""original_detail_raw"": ""1. Not available with (SFZ) Dark Stealth crossed flags emblems, LPO, (EYK) Chrome Exterior Badge Package or any Full Length Dual Racing Stripes (DPB, DPC, DPG, DPL, DPT, DSY, DSZ, DT0, DTB, DTH, DUB, DUE, DUK, DUW)."", ""rule_id"": ""gs_copy_rule_opt_r88_001_excludes_opt_dub_001_opt_r88_001_excludes_opt_dub_001"", ""rule_type"": ""excludes"", ""runtime_action"": """", ""source_id"": ""opt_r88_001"", ""source_section"": ""sec_lpoe_001"", ""source_selection_mode"": ""multi_select_opt"", ""source_type"": ""option"", ""target_id"": ""opt_dub_001"", ""target_section"": ""sec_stri_001"", ""target_selection_mode"": ""single_select_opt"", ""target_type"": ""option""}"
grand_sport,grandSport_rule_mapping,238,gs_copy_rule_opt_r88_001_excludes_opt_due_001_opt_r88_001_excludes_opt_due_001,opt_r88_001,excludes,opt_due_001,omit_grouped_exclusion,omitted,,runtime_authored_rule_false,delete,"{""body_style_scope"": """", ""disabled_reason"": """", ""generation_action"": ""omit_grouped_exclusion"", ""normalization_status"": ""omitted"", ""original_detail_raw"": ""1. Not available with (SFZ) Dark Stealth crossed flags emblems, LPO, (EYK) Chrome Exterior Badge Package or any Full Length Dual Racing Stripes (DPB, DPC, DPG, DPL, DPT, DSY, DSZ, DT0, DTB, DTH, DUB, DUE, DUK, DUW)."", ""rule_id"": ""gs_copy_rule_opt_r88_001_excludes_opt_due_001_opt_r88_001_excludes_opt_due_001"", ""rule_type"": ""excludes"", ""runtime_action"": """", ""source_id"": ""opt_r88_001"", ""source_section"": ""sec_lpoe_001"", ""source_selection_mode"": ""multi_select_opt"", ""source_type"": ""option"", ""target_id"": ""opt_due_001"", ""target_section"": ""sec_stri_001"", ""target_selection_mode"": ""single_select_opt"", ""target_type"": ""option""}"
grand_sport,grandSport_rule_mapping,239,gs_copy_rule_opt_r88_001_excludes_opt_duk_001_opt_r88_001_excludes_opt_duk_001,opt_r88_001,excludes,opt_duk_001,omit_grouped_exclusion,omitted,,runtime_authored_rule_false,delete,"{""body_style_scope"": """", ""disabled_reason"": """", ""generation_action"": ""omit_grouped_exclusion"", ""normalization_status"": ""omitted"", ""original_detail_raw"": ""1. Not available with (SFZ) Dark Stealth crossed flags emblems, LPO, (EYK) Chrome Exterior Badge Package or any Full Length Dual Racing Stripes (DPB, DPC, DPG, DPL, DPT, DSY, DSZ, DT0, DTB, DTH, DUB, DUE, DUK, DUW)."", ""rule_id"": ""gs_copy_rule_opt_r88_001_excludes_opt_duk_001_opt_r88_001_excludes_opt_duk_001"", ""rule_type"": ""excludes"", ""runtime_action"": """", ""source_id"": ""opt_r88_001"", ""source_section"": ""sec_lpoe_001"", ""source_selection_mode"": ""multi_select_opt"", ""source_type"": ""option"", ""target_id"": ""opt_duk_001"", ""target_section"": ""sec_stri_001"", ""target_selection_mode"": ""single_select_opt"", ""target_type"": ""option""}"
grand_sport,grandSport_rule_mapping,240,gs_copy_rule_opt_r88_001_excludes_opt_duw_001_opt_r88_001_excludes_opt_duw_001,opt_r88_001,excludes,opt_duw_001,omit_grouped_exclusion,omitted,,runtime_authored_rule_false,delete,"{""body_style_scope"": """", ""disabled_reason"": """", ""generation_action"": ""omit_grouped_exclusion"", ""normalization_status"": ""omitted"", ""original_detail_raw"": ""1. Not available with (SFZ) Dark Stealth crossed flags emblems, LPO, (EYK) Chrome Exterior Badge Package or any Full Length Dual Racing Stripes (DPB, DPC, DPG, DPL, DPT, DSY, DSZ, DT0, DTB, DTH, DUB, DUE, DUK, DUW)."", ""rule_id"": ""gs_copy_rule_opt_r88_001_excludes_opt_duw_001_opt_r88_001_excludes_opt_duw_001"", ""rule_type"": ""excludes"", ""runtime_action"": """", ""source_id"": ""opt_r88_001"", ""source_section"": ""sec_lpoe_001"", ""source_selection_mode"": ""multi_select_opt"", ""source_type"": ""option"", ""target_id"": ""opt_duw_001"", ""target_section"": ""sec_stri_001"", ""target_selection_mode"": ""single_select_opt"", ""target_type"": ""option""}"
grand_sport,grandSport_rule_mapping,241,gs_copy_rule_opt_sfz_001_excludes_opt_dpb_001_opt_sfz_001_excludes_opt_dpb_001,opt_sfz_001,excludes,opt_dpb_001,omit_grouped_exclusion,omitted,,runtime_authored_rule_false,delete,"{""body_style_scope"": """", ""disabled_reason"": """", ""generation_action"": ""omit_grouped_exclusion"", ""normalization_status"": ""omitted"", ""original_detail_raw"": ""1. Not available with (EYK) Chrome Exterior Badge Package or any Full Length Dual Racing Stripes (DPB, DPC, DPG, DPL, DPT, DSY, DSZ, DT0, DTB, DTH, DUB, DUE, DUK, DUW). Included with (PCX) Tech Bronze Accent Package, LPO."", ""rule_id"": ""gs_copy_rule_opt_sfz_001_excludes_opt_dpb_001_opt_sfz_001_excludes_opt_dpb_001"", ""rule_type"": ""excludes"", ""runtime_action"": """", ""source_id"": ""opt_sfz_001"", ""source_section"": ""sec_lpoe_001"", ""source_selection_mode"": ""multi_select_opt"", ""source_type"": ""option"", ""target_id"": ""opt_dpb_001"", ""target_section"": ""sec_stri_001"", ""target_selection_mode"": ""single_select_opt"", ""target_type"": ""option""}"
grand_sport,grandSport_rule_mapping,242,gs_copy_rule_opt_sfz_001_excludes_opt_dpc_001_opt_sfz_001_excludes_opt_dpc_001,opt_sfz_001,excludes,opt_dpc_001,omit_grouped_exclusion,omitted,,runtime_authored_rule_false,delete,"{""body_style_scope"": """", ""disabled_reason"": """", ""generation_action"": ""omit_grouped_exclusion"", ""normalization_status"": ""omitted"", ""original_detail_raw"": ""1. Not available with (EYK) Chrome Exterior Badge Package or any Full Length Dual Racing Stripes (DPB, DPC, DPG, DPL, DPT, DSY, DSZ, DT0, DTB, DTH, DUB, DUE, DUK, DUW). Included with (PCX) Tech Bronze Accent Package, LPO."", ""rule_id"": ""gs_copy_rule_opt_sfz_001_excludes_opt_dpc_001_opt_sfz_001_excludes_opt_dpc_001"", ""rule_type"": ""excludes"", ""runtime_action"": """", ""source_id"": ""opt_sfz_001"", ""source_section"": ""sec_lpoe_001"", ""source_selection_mode"": ""multi_select_opt"", ""source_type"": ""option"", ""target_id"": ""opt_dpc_001"", ""target_section"": ""sec_stri_001"", ""target_selection_mode"": ""single_select_opt"", ""target_type"": ""option""}"
grand_sport,grandSport_rule_mapping,243,gs_copy_rule_opt_sfz_001_excludes_opt_dpg_001_opt_sfz_001_excludes_opt_dpg_001,opt_sfz_001,excludes,opt_dpg_001,omit_grouped_exclusion,omitted,,runtime_authored_rule_false,delete,"{""body_style_scope"": """", ""disabled_reason"": """", ""generation_action"": ""omit_grouped_exclusion"", ""normalization_status"": ""omitted"", ""original_detail_raw"": ""1. Not available with (EYK) Chrome Exterior Badge Package or any Full Length Dual Racing Stripes (DPB, DPC, DPG, DPL, DPT, DSY, DSZ, DT0, DTB, DTH, DUB, DUE, DUK, DUW). Included with (PCX) Tech Bronze Accent Package, LPO."", ""rule_id"": ""gs_copy_rule_opt_sfz_001_excludes_opt_dpg_001_opt_sfz_001_excludes_opt_dpg_001"", ""rule_type"": ""excludes"", ""runtime_action"": """", ""source_id"": ""opt_sfz_001"", ""source_section"": ""sec_lpoe_001"", ""source_selection_mode"": ""multi_select_opt"", ""source_type"": ""option"", ""target_id"": ""opt_dpg_001"", ""target_section"": ""sec_stri_001"", ""target_selection_mode"": ""single_select_opt"", ""target_type"": ""option""}"
grand_sport,grandSport_rule_mapping,244,gs_copy_rule_opt_sfz_001_excludes_opt_dpl_001_opt_sfz_001_excludes_opt_dpl_001,opt_sfz_001,excludes,opt_dpl_001,omit_grouped_exclusion,omitted,,runtime_authored_rule_false,delete,"{""body_style_scope"": """", ""disabled_reason"": """", ""generation_action"": ""omit_grouped_exclusion"", ""normalization_status"": ""omitted"", ""original_detail_raw"": ""1. Not available with (EYK) Chrome Exterior Badge Package or any Full Length Dual Racing Stripes (DPB, DPC, DPG, DPL, DPT, DSY, DSZ, DT0, DTB, DTH, DUB, DUE, DUK, DUW). Included with (PCX) Tech Bronze Accent Package, LPO."", ""rule_id"": ""gs_copy_rule_opt_sfz_001_excludes_opt_dpl_001_opt_sfz_001_excludes_opt_dpl_001"", ""rule_type"": ""excludes"", ""runtime_action"": """", ""source_id"": ""opt_sfz_001"", ""source_section"": ""sec_lpoe_001"", ""source_selection_mode"": ""multi_select_opt"", ""source_type"": ""option"", ""target_id"": ""opt_dpl_001"", ""target_section"": ""sec_stri_001"", ""target_selection_mode"": ""single_select_opt"", ""target_type"": ""option""}"
grand_sport,grandSport_rule_mapping,245,gs_copy_rule_opt_sfz_001_excludes_opt_dpt_001_opt_sfz_001_excludes_opt_dpt_001,opt_sfz_001,excludes,opt_dpt_001,omit_grouped_exclusion,omitted,,runtime_authored_rule_false,delete,"{""body_style_scope"": """", ""disabled_reason"": """", ""generation_action"": ""omit_grouped_exclusion"", ""normalization_status"": ""omitted"", ""original_detail_raw"": ""1. Not available with (EYK) Chrome Exterior Badge Package or any Full Length Dual Racing Stripes (DPB, DPC, DPG, DPL, DPT, DSY, DSZ, DT0, DTB, DTH, DUB, DUE, DUK, DUW). Included with (PCX) Tech Bronze Accent Package, LPO."", ""rule_id"": ""gs_copy_rule_opt_sfz_001_excludes_opt_dpt_001_opt_sfz_001_excludes_opt_dpt_001"", ""rule_type"": ""excludes"", ""runtime_action"": """", ""source_id"": ""opt_sfz_001"", ""source_section"": ""sec_lpoe_001"", ""source_selection_mode"": ""multi_select_opt"", ""source_type"": ""option"", ""target_id"": ""opt_dpt_001"", ""target_section"": ""sec_stri_001"", ""target_selection_mode"": ""single_select_opt"", ""target_type"": ""option""}"
grand_sport,grandSport_rule_mapping,246,gs_copy_rule_opt_sfz_001_excludes_opt_dsy_001_opt_sfz_001_excludes_opt_dsy_001,opt_sfz_001,excludes,opt_dsy_001,omit_grouped_exclusion,omitted,,runtime_authored_rule_false,delete,"{""body_style_scope"": """", ""disabled_reason"": """", ""generation_action"": ""omit_grouped_exclusion"", ""normalization_status"": ""omitted"", ""original_detail_raw"": ""1. Not available with (EYK) Chrome Exterior Badge Package or any Full Length Dual Racing Stripes (DPB, DPC, DPG, DPL, DPT, DSY, DSZ, DT0, DTB, DTH, DUB, DUE, DUK, DUW). Included with (PCX) Tech Bronze Accent Package, LPO."", ""rule_id"": ""gs_copy_rule_opt_sfz_001_excludes_opt_dsy_001_opt_sfz_001_excludes_opt_dsy_001"", ""rule_type"": ""excludes"", ""runtime_action"": """", ""source_id"": ""opt_sfz_001"", ""source_section"": ""sec_lpoe_001"", ""source_selection_mode"": ""multi_select_opt"", ""source_type"": ""option"", ""target_id"": ""opt_dsy_001"", ""target_section"": ""sec_stri_001"", ""target_selection_mode"": ""single_select_opt"", ""target_type"": ""option""}"
grand_sport,grandSport_rule_mapping,247,gs_copy_rule_opt_sfz_001_excludes_opt_dsz_001_opt_sfz_001_excludes_opt_dsz_001,opt_sfz_001,excludes,opt_dsz_001,omit_grouped_exclusion,omitted,,runtime_authored_rule_false,delete,"{""body_style_scope"": """", ""disabled_reason"": """", ""generation_action"": ""omit_grouped_exclusion"", ""normalization_status"": ""omitted"", ""original_detail_raw"": ""1. Not available with (EYK) Chrome Exterior Badge Package or any Full Length Dual Racing Stripes (DPB, DPC, DPG, DPL, DPT, DSY, DSZ, DT0, DTB, DTH, DUB, DUE, DUK, DUW). Included with (PCX) Tech Bronze Accent Package, LPO."", ""rule_id"": ""gs_copy_rule_opt_sfz_001_excludes_opt_dsz_001_opt_sfz_001_excludes_opt_dsz_001"", ""rule_type"": ""excludes"", ""runtime_action"": """", ""source_id"": ""opt_sfz_001"", ""source_section"": ""sec_lpoe_001"", ""source_selection_mode"": ""multi_select_opt"", ""source_type"": ""option"", ""target_id"": ""opt_dsz_001"", ""target_section"": ""sec_stri_001"", ""target_selection_mode"": ""single_select_opt"", ""target_type"": ""option""}"
grand_sport,grandSport_rule_mapping,248,gs_copy_rule_opt_sfz_001_excludes_opt_dt0_001_opt_sfz_001_excludes_opt_dt0_001,opt_sfz_001,excludes,opt_dt0_001,omit_grouped_exclusion,omitted,,runtime_authored_rule_false,delete,"{""body_style_scope"": """", ""disabled_reason"": """", ""generation_action"": ""omit_grouped_exclusion"", ""normalization_status"": ""omitted"", ""original_detail_raw"": ""1. Not available with (EYK) Chrome Exterior Badge Package or any Full Length Dual Racing Stripes (DPB, DPC, DPG, DPL, DPT, DSY, DSZ, DT0, DTB, DTH, DUB, DUE, DUK, DUW). Included with (PCX) Tech Bronze Accent Package, LPO."", ""rule_id"": ""gs_copy_rule_opt_sfz_001_excludes_opt_dt0_001_opt_sfz_001_excludes_opt_dt0_001"", ""rule_type"": ""excludes"", ""runtime_action"": """", ""source_id"": ""opt_sfz_001"", ""source_section"": ""sec_lpoe_001"", ""source_selection_mode"": ""multi_select_opt"", ""source_type"": ""option"", ""target_id"": ""opt_dt0_001"", ""target_section"": ""sec_stri_001"", ""target_selection_mode"": ""single_select_opt"", ""target_type"": ""option""}"
grand_sport,grandSport_rule_mapping,249,gs_copy_rule_opt_sfz_001_excludes_opt_dth_001_opt_sfz_001_excludes_opt_dth_001,opt_sfz_001,excludes,opt_dth_001,omit_grouped_exclusion,omitted,,runtime_authored_rule_false,delete,"{""body_style_scope"": """", ""disabled_reason"": """", ""generation_action"": ""omit_grouped_exclusion"", ""normalization_status"": ""omitted"", ""original_detail_raw"": ""1. Not available with (EYK) Chrome Exterior Badge Package or any Full Length Dual Racing Stripes (DPB, DPC, DPG, DPL, DPT, DSY, DSZ, DT0, DTB, DTH, DUB, DUE, DUK, DUW). Included with (PCX) Tech Bronze Accent Package, LPO."", ""rule_id"": ""gs_copy_rule_opt_sfz_001_excludes_opt_dth_001_opt_sfz_001_excludes_opt_dth_001"", ""rule_type"": ""excludes"", ""runtime_action"": """", ""source_id"": ""opt_sfz_001"", ""source_section"": ""sec_lpoe_001"", ""source_selection_mode"": ""multi_select_opt"", ""source_type"": ""option"", ""target_id"": ""opt_dth_001"", ""target_section"": ""sec_stri_001"", ""target_selection_mode"": ""single_select_opt"", ""target_type"": ""option""}"
grand_sport,grandSport_rule_mapping,250,gs_copy_rule_opt_sfz_001_excludes_opt_dub_001_opt_sfz_001_excludes_opt_dub_001,opt_sfz_001,excludes,opt_dub_001,omit_grouped_exclusion,omitted,,runtime_authored_rule_false,delete,"{""body_style_scope"": """", ""disabled_reason"": """", ""generation_action"": ""omit_grouped_exclusion"", ""normalization_status"": ""omitted"", ""original_detail_raw"": ""1. Not available with (EYK) Chrome Exterior Badge Package or any Full Length Dual Racing Stripes (DPB, DPC, DPG, DPL, DPT, DSY, DSZ, DT0, DTB, DTH, DUB, DUE, DUK, DUW). Included with (PCX) Tech Bronze Accent Package, LPO."", ""rule_id"": ""gs_copy_rule_opt_sfz_001_excludes_opt_dub_001_opt_sfz_001_excludes_opt_dub_001"", ""rule_type"": ""excludes"", ""runtime_action"": """", ""source_id"": ""opt_sfz_001"", ""source_section"": ""sec_lpoe_001"", ""source_selection_mode"": ""multi_select_opt"", ""source_type"": ""option"", ""target_id"": ""opt_dub_001"", ""target_section"": ""sec_stri_001"", ""target_selection_mode"": ""single_select_opt"", ""target_type"": ""option""}"
grand_sport,grandSport_rule_mapping,251,gs_copy_rule_opt_sfz_001_excludes_opt_due_001_opt_sfz_001_excludes_opt_due_001,opt_sfz_001,excludes,opt_due_001,omit_grouped_exclusion,omitted,,runtime_authored_rule_false,delete,"{""body_style_scope"": """", ""disabled_reason"": """", ""generation_action"": ""omit_grouped_exclusion"", ""normalization_status"": ""omitted"", ""original_detail_raw"": ""1. Not available with (EYK) Chrome Exterior Badge Package or any Full Length Dual Racing Stripes (DPB, DPC, DPG, DPL, DPT, DSY, DSZ, DT0, DTB, DTH, DUB, DUE, DUK, DUW). Included with (PCX) Tech Bronze Accent Package, LPO."", ""rule_id"": ""gs_copy_rule_opt_sfz_001_excludes_opt_due_001_opt_sfz_001_excludes_opt_due_001"", ""rule_type"": ""excludes"", ""runtime_action"": """", ""source_id"": ""opt_sfz_001"", ""source_section"": ""sec_lpoe_001"", ""source_selection_mode"": ""multi_select_opt"", ""source_type"": ""option"", ""target_id"": ""opt_due_001"", ""target_section"": ""sec_stri_001"", ""target_selection_mode"": ""single_select_opt"", ""target_type"": ""option""}"
grand_sport,grandSport_rule_mapping,252,gs_copy_rule_opt_sfz_001_excludes_opt_duk_001_opt_sfz_001_excludes_opt_duk_001,opt_sfz_001,excludes,opt_duk_001,omit_grouped_exclusion,omitted,,runtime_authored_rule_false,delete,"{""body_style_scope"": """", ""disabled_reason"": """", ""generation_action"": ""omit_grouped_exclusion"", ""normalization_status"": ""omitted"", ""original_detail_raw"": ""1. Not available with (EYK) Chrome Exterior Badge Package or any Full Length Dual Racing Stripes (DPB, DPC, DPG, DPL, DPT, DSY, DSZ, DT0, DTB, DTH, DUB, DUE, DUK, DUW). Included with (PCX) Tech Bronze Accent Package, LPO."", ""rule_id"": ""gs_copy_rule_opt_sfz_001_excludes_opt_duk_001_opt_sfz_001_excludes_opt_duk_001"", ""rule_type"": ""excludes"", ""runtime_action"": """", ""source_id"": ""opt_sfz_001"", ""source_section"": ""sec_lpoe_001"", ""source_selection_mode"": ""multi_select_opt"", ""source_type"": ""option"", ""target_id"": ""opt_duk_001"", ""target_section"": ""sec_stri_001"", ""target_selection_mode"": ""single_select_opt"", ""target_type"": ""option""}"
grand_sport,grandSport_rule_mapping,253,gs_copy_rule_opt_sfz_001_excludes_opt_duw_001_opt_sfz_001_excludes_opt_duw_001,opt_sfz_001,excludes,opt_duw_001,omit_grouped_exclusion,omitted,,runtime_authored_rule_false,delete,"{""body_style_scope"": """", ""disabled_reason"": """", ""generation_action"": ""omit_grouped_exclusion"", ""normalization_status"": ""omitted"", ""original_detail_raw"": ""1. Not available with (EYK) Chrome Exterior Badge Package or any Full Length Dual Racing Stripes (DPB, DPC, DPG, DPL, DPT, DSY, DSZ, DT0, DTB, DTH, DUB, DUE, DUK, DUW). Included with (PCX) Tech Bronze Accent Package, LPO."", ""rule_id"": ""gs_copy_rule_opt_sfz_001_excludes_opt_duw_001_opt_sfz_001_excludes_opt_duw_001"", ""rule_type"": ""excludes"", ""runtime_action"": """", ""source_id"": ""opt_sfz_001"", ""source_section"": ""sec_lpoe_001"", ""source_selection_mode"": ""multi_select_opt"", ""source_type"": ""option"", ""target_id"": ""opt_duw_001"", ""target_section"": ""sec_stri_001"", ""target_selection_mode"": ""single_select_opt"", ""target_type"": ""option""}"
grand_sport,grandSport_rule_mapping,254,gs_copy_rule_opt_cf8_001_excludes_opt_dpb_001_opt_cf8_001_excludes_opt_dpb_001,opt_cf8_001,excludes,opt_dpb_001,omit_grouped_exclusion,omitted,,runtime_authored_rule_false,delete,"{""body_style_scope"": """", ""disabled_reason"": """", ""generation_action"": ""omit_grouped_exclusion"", ""normalization_status"": ""omitted"", ""original_detail_raw"": ""1. Not available at start of production. Not available with any Full Length Dual Racing Stripes (DPB, DPC, DPG, DPL, DPT, DSY, DSZ, DT0, DTB, DTH, DUB, DUE, DUK, DUW)."", ""rule_id"": ""gs_copy_rule_opt_cf8_001_excludes_opt_dpb_001_opt_cf8_001_excludes_opt_dpb_001"", ""rule_type"": ""excludes"", ""runtime_action"": """", ""source_id"": ""opt_cf8_001"", ""source_section"": ""sec_roof_001"", ""source_selection_mode"": ""single_select_req"", ""source_type"": ""option"", ""target_id"": ""opt_dpb_001"", ""target_section"": ""sec_stri_001"", ""target_selection_mode"": ""single_select_opt"", ""target_type"": ""option""}"
grand_sport,grandSport_rule_mapping,255,gs_copy_rule_opt_cf8_001_excludes_opt_dpc_001_opt_cf8_001_excludes_opt_dpc_001,opt_cf8_001,excludes,opt_dpc_001,omit_grouped_exclusion,omitted,,runtime_authored_rule_false,delete,"{""body_style_scope"": """", ""disabled_reason"": """", ""generation_action"": ""omit_grouped_exclusion"", ""normalization_status"": ""omitted"", ""original_detail_raw"": ""1. Not available at start of production. Not available with any Full Length Dual Racing Stripes (DPB, DPC, DPG, DPL, DPT, DSY, DSZ, DT0, DTB, DTH, DUB, DUE, DUK, DUW)."", ""rule_id"": ""gs_copy_rule_opt_cf8_001_excludes_opt_dpc_001_opt_cf8_001_excludes_opt_dpc_001"", ""rule_type"": ""excludes"", ""runtime_action"": """", ""source_id"": ""opt_cf8_001"", ""source_section"": ""sec_roof_001"", ""source_selection_mode"": ""single_select_req"", ""source_type"": ""option"", ""target_id"": ""opt_dpc_001"", ""target_section"": ""sec_stri_001"", ""target_selection_mode"": ""single_select_opt"", ""target_type"": ""option""}"
grand_sport,grandSport_rule_mapping,256,gs_copy_rule_opt_cf8_001_excludes_opt_dpg_001_opt_cf8_001_excludes_opt_dpg_001,opt_cf8_001,excludes,opt_dpg_001,omit_grouped_exclusion,omitted,,runtime_authored_rule_false,delete,"{""body_style_scope"": """", ""disabled_reason"": """", ""generation_action"": ""omit_grouped_exclusion"", ""normalization_status"": ""omitted"", ""original_detail_raw"": ""1. Not available at start of production. Not available with any Full Length Dual Racing Stripes (DPB, DPC, DPG, DPL, DPT, DSY, DSZ, DT0, DTB, DTH, DUB, DUE, DUK, DUW)."", ""rule_id"": ""gs_copy_rule_opt_cf8_001_excludes_opt_dpg_001_opt_cf8_001_excludes_opt_dpg_001"", ""rule_type"": ""excludes"", ""runtime_action"": """", ""source_id"": ""opt_cf8_001"", ""source_section"": ""sec_roof_001"", ""source_selection_mode"": ""single_select_req"", ""source_type"": ""option"", ""target_id"": ""opt_dpg_001"", ""target_section"": ""sec_stri_001"", ""target_selection_mode"": ""single_select_opt"", ""target_type"": ""option""}"
grand_sport,grandSport_rule_mapping,257,gs_copy_rule_opt_cf8_001_excludes_opt_dpl_001_opt_cf8_001_excludes_opt_dpl_001,opt_cf8_001,excludes,opt_dpl_001,omit_grouped_exclusion,omitted,,runtime_authored_rule_false,delete,"{""body_style_scope"": """", ""disabled_reason"": """", ""generation_action"": ""omit_grouped_exclusion"", ""normalization_status"": ""omitted"", ""original_detail_raw"": ""1. Not available at start of production. Not available with any Full Length Dual Racing Stripes (DPB, DPC, DPG, DPL, DPT, DSY, DSZ, DT0, DTB, DTH, DUB, DUE, DUK, DUW)."", ""rule_id"": ""gs_copy_rule_opt_cf8_001_excludes_opt_dpl_001_opt_cf8_001_excludes_opt_dpl_001"", ""rule_type"": ""excludes"", ""runtime_action"": """", ""source_id"": ""opt_cf8_001"", ""source_section"": ""sec_roof_001"", ""source_selection_mode"": ""single_select_req"", ""source_type"": ""option"", ""target_id"": ""opt_dpl_001"", ""target_section"": ""sec_stri_001"", ""target_selection_mode"": ""single_select_opt"", ""target_type"": ""option""}"
grand_sport,grandSport_rule_mapping,258,gs_copy_rule_opt_cf8_001_excludes_opt_dpt_001_opt_cf8_001_excludes_opt_dpt_001,opt_cf8_001,excludes,opt_dpt_001,omit_grouped_exclusion,omitted,,runtime_authored_rule_false,delete,"{""body_style_scope"": """", ""disabled_reason"": """", ""generation_action"": ""omit_grouped_exclusion"", ""normalization_status"": ""omitted"", ""original_detail_raw"": ""1. Not available at start of production. Not available with any Full Length Dual Racing Stripes (DPB, DPC, DPG, DPL, DPT, DSY, DSZ, DT0, DTB, DTH, DUB, DUE, DUK, DUW)."", ""rule_id"": ""gs_copy_rule_opt_cf8_001_excludes_opt_dpt_001_opt_cf8_001_excludes_opt_dpt_001"", ""rule_type"": ""excludes"", ""runtime_action"": """", ""source_id"": ""opt_cf8_001"", ""source_section"": ""sec_roof_001"", ""source_selection_mode"": ""single_select_req"", ""source_type"": ""option"", ""target_id"": ""opt_dpt_001"", ""target_section"": ""sec_stri_001"", ""target_selection_mode"": ""single_select_opt"", ""target_type"": ""option""}"
grand_sport,grandSport_rule_mapping,259,gs_copy_rule_opt_cf8_001_excludes_opt_dsy_001_opt_cf8_001_excludes_opt_dsy_001,opt_cf8_001,excludes,opt_dsy_001,omit_grouped_exclusion,omitted,,runtime_authored_rule_false,delete,"{""body_style_scope"": """", ""disabled_reason"": """", ""generation_action"": ""omit_grouped_exclusion"", ""normalization_status"": ""omitted"", ""original_detail_raw"": ""1. Not available at start of production. Not available with any Full Length Dual Racing Stripes (DPB, DPC, DPG, DPL, DPT, DSY, DSZ, DT0, DTB, DTH, DUB, DUE, DUK, DUW)."", ""rule_id"": ""gs_copy_rule_opt_cf8_001_excludes_opt_dsy_001_opt_cf8_001_excludes_opt_dsy_001"", ""rule_type"": ""excludes"", ""runtime_action"": """", ""source_id"": ""opt_cf8_001"", ""source_section"": ""sec_roof_001"", ""source_selection_mode"": ""single_select_req"", ""source_type"": ""option"", ""target_id"": ""opt_dsy_001"", ""target_section"": ""sec_stri_001"", ""target_selection_mode"": ""single_select_opt"", ""target_type"": ""option""}"
grand_sport,grandSport_rule_mapping,260,gs_copy_rule_opt_cf8_001_excludes_opt_dsz_001_opt_cf8_001_excludes_opt_dsz_001,opt_cf8_001,excludes,opt_dsz_001,omit_grouped_exclusion,omitted,,runtime_authored_rule_false,delete,"{""body_style_scope"": """", ""disabled_reason"": """", ""generation_action"": ""omit_grouped_exclusion"", ""normalization_status"": ""omitted"", ""original_detail_raw"": ""1. Not available at start of production. Not available with any Full Length Dual Racing Stripes (DPB, DPC, DPG, DPL, DPT, DSY, DSZ, DT0, DTB, DTH, DUB, DUE, DUK, DUW)."", ""rule_id"": ""gs_copy_rule_opt_cf8_001_excludes_opt_dsz_001_opt_cf8_001_excludes_opt_dsz_001"", ""rule_type"": ""excludes"", ""runtime_action"": """", ""source_id"": ""opt_cf8_001"", ""source_section"": ""sec_roof_001"", ""source_selection_mode"": ""single_select_req"", ""source_type"": ""option"", ""target_id"": ""opt_dsz_001"", ""target_section"": ""sec_stri_001"", ""target_selection_mode"": ""single_select_opt"", ""target_type"": ""option""}"
grand_sport,grandSport_rule_mapping,261,gs_copy_rule_opt_cf8_001_excludes_opt_dt0_001_opt_cf8_001_excludes_opt_dt0_001,opt_cf8_001,excludes,opt_dt0_001,omit_grouped_exclusion,omitted,,runtime_authored_rule_false,delete,"{""body_style_scope"": """", ""disabled_reason"": """", ""generation_action"": ""omit_grouped_exclusion"", ""normalization_status"": ""omitted"", ""original_detail_raw"": ""1. Not available at start of production. Not available with any Full Length Dual Racing Stripes (DPB, DPC, DPG, DPL, DPT, DSY, DSZ, DT0, DTB, DTH, DUB, DUE, DUK, DUW)."", ""rule_id"": ""gs_copy_rule_opt_cf8_001_excludes_opt_dt0_001_opt_cf8_001_excludes_opt_dt0_001"", ""rule_type"": ""excludes"", ""runtime_action"": """", ""source_id"": ""opt_cf8_001"", ""source_section"": ""sec_roof_001"", ""source_selection_mode"": ""single_select_req"", ""source_type"": ""option"", ""target_id"": ""opt_dt0_001"", ""target_section"": ""sec_stri_001"", ""target_selection_mode"": ""single_select_opt"", ""target_type"": ""option""}"
grand_sport,grandSport_rule_mapping,262,gs_copy_rule_opt_cf8_001_excludes_opt_dth_001_opt_cf8_001_excludes_opt_dth_001,opt_cf8_001,excludes,opt_dth_001,omit_grouped_exclusion,omitted,,runtime_authored_rule_false,delete,"{""body_style_scope"": """", ""disabled_reason"": """", ""generation_action"": ""omit_grouped_exclusion"", ""normalization_status"": ""omitted"", ""original_detail_raw"": ""1. Not available at start of production. Not available with any Full Length Dual Racing Stripes (DPB, DPC, DPG, DPL, DPT, DSY, DSZ, DT0, DTB, DTH, DUB, DUE, DUK, DUW)."", ""rule_id"": ""gs_copy_rule_opt_cf8_001_excludes_opt_dth_001_opt_cf8_001_excludes_opt_dth_001"", ""rule_type"": ""excludes"", ""runtime_action"": """", ""source_id"": ""opt_cf8_001"", ""source_section"": ""sec_roof_001"", ""source_selection_mode"": ""single_select_req"", ""source_type"": ""option"", ""target_id"": ""opt_dth_001"", ""target_section"": ""sec_stri_001"", ""target_selection_mode"": ""single_select_opt"", ""target_type"": ""option""}"
grand_sport,grandSport_rule_mapping,263,gs_copy_rule_opt_cf8_001_excludes_opt_dub_001_opt_cf8_001_excludes_opt_dub_001,opt_cf8_001,excludes,opt_dub_001,omit_grouped_exclusion,omitted,,runtime_authored_rule_false,delete,"{""body_style_scope"": """", ""disabled_reason"": """", ""generation_action"": ""omit_grouped_exclusion"", ""normalization_status"": ""omitted"", ""original_detail_raw"": ""1. Not available at start of production. Not available with any Full Length Dual Racing Stripes (DPB, DPC, DPG, DPL, DPT, DSY, DSZ, DT0, DTB, DTH, DUB, DUE, DUK, DUW)."", ""rule_id"": ""gs_copy_rule_opt_cf8_001_excludes_opt_dub_001_opt_cf8_001_excludes_opt_dub_001"", ""rule_type"": ""excludes"", ""runtime_action"": """", ""source_id"": ""opt_cf8_001"", ""source_section"": ""sec_roof_001"", ""source_selection_mode"": ""single_select_req"", ""source_type"": ""option"", ""target_id"": ""opt_dub_001"", ""target_section"": ""sec_stri_001"", ""target_selection_mode"": ""single_select_opt"", ""target_type"": ""option""}"
grand_sport,grandSport_rule_mapping,264,gs_copy_rule_opt_cf8_001_excludes_opt_due_001_opt_cf8_001_excludes_opt_due_001,opt_cf8_001,excludes,opt_due_001,omit_grouped_exclusion,omitted,,runtime_authored_rule_false,delete,"{""body_style_scope"": """", ""disabled_reason"": """", ""generation_action"": ""omit_grouped_exclusion"", ""normalization_status"": ""omitted"", ""original_detail_raw"": ""1. Not available at start of production. Not available with any Full Length Dual Racing Stripes (DPB, DPC, DPG, DPL, DPT, DSY, DSZ, DT0, DTB, DTH, DUB, DUE, DUK, DUW)."", ""rule_id"": ""gs_copy_rule_opt_cf8_001_excludes_opt_due_001_opt_cf8_001_excludes_opt_due_001"", ""rule_type"": ""excludes"", ""runtime_action"": """", ""source_id"": ""opt_cf8_001"", ""source_section"": ""sec_roof_001"", ""source_selection_mode"": ""single_select_req"", ""source_type"": ""option"", ""target_id"": ""opt_due_001"", ""target_section"": ""sec_stri_001"", ""target_selection_mode"": ""single_select_opt"", ""target_type"": ""option""}"
grand_sport,grandSport_rule_mapping,265,gs_copy_rule_opt_cf8_001_excludes_opt_duk_001_opt_cf8_001_excludes_opt_duk_001,opt_cf8_001,excludes,opt_duk_001,omit_grouped_exclusion,omitted,,runtime_authored_rule_false,delete,"{""body_style_scope"": """", ""disabled_reason"": """", ""generation_action"": ""omit_grouped_exclusion"", ""normalization_status"": ""omitted"", ""original_detail_raw"": ""1. Not available at start of production. Not available with any Full Length Dual Racing Stripes (DPB, DPC, DPG, DPL, DPT, DSY, DSZ, DT0, DTB, DTH, DUB, DUE, DUK, DUW)."", ""rule_id"": ""gs_copy_rule_opt_cf8_001_excludes_opt_duk_001_opt_cf8_001_excludes_opt_duk_001"", ""rule_type"": ""excludes"", ""runtime_action"": """", ""source_id"": ""opt_cf8_001"", ""source_section"": ""sec_roof_001"", ""source_selection_mode"": ""single_select_req"", ""source_type"": ""option"", ""target_id"": ""opt_duk_001"", ""target_section"": ""sec_stri_001"", ""target_selection_mode"": ""single_select_opt"", ""target_type"": ""option""}"
grand_sport,grandSport_rule_mapping,266,gs_copy_rule_opt_cf8_001_excludes_opt_duw_001_opt_cf8_001_excludes_opt_duw_001,opt_cf8_001,excludes,opt_duw_001,omit_grouped_exclusion,omitted,,runtime_authored_rule_false,delete,"{""body_style_scope"": """", ""disabled_reason"": """", ""generation_action"": ""omit_grouped_exclusion"", ""normalization_status"": ""omitted"", ""original_detail_raw"": ""1. Not available at start of production. Not available with any Full Length Dual Racing Stripes (DPB, DPC, DPG, DPL, DPT, DSY, DSZ, DT0, DTB, DTH, DUB, DUE, DUK, DUW)."", ""rule_id"": ""gs_copy_rule_opt_cf8_001_excludes_opt_duw_001_opt_cf8_001_excludes_opt_duw_001"", ""rule_type"": ""excludes"", ""runtime_action"": """", ""source_id"": ""opt_cf8_001"", ""source_section"": ""sec_roof_001"", ""source_selection_mode"": ""single_select_req"", ""source_type"": ""option"", ""target_id"": ""opt_duw_001"", ""target_section"": ""sec_stri_001"", ""target_selection_mode"": ""single_select_opt"", ""target_type"": ""option""}"
grand_sport,grandSport_rule_mapping,267,gs_rule_opt_sht_001_excludes_opt_dpb_001,opt_sht_001,excludes,opt_dpb_001,omit_grouped_exclusion,omitted,,runtime_authored_rule_false,delete,"{""body_style_scope"": """", ""disabled_reason"": """", ""generation_action"": ""omit_grouped_exclusion"", ""normalization_status"": ""omitted"", ""original_detail_raw"": ""1. Not available with RPO stripes (DPB, DPC, DPG, DPL, DPT, DSY, DSZ, DT0, DTB, DTH, DUB, DUE, DUK, DUW, DZU, DZV, DZX) or (Z15) Grand Sport Heritage Graphics."", ""rule_id"": ""gs_rule_opt_sht_001_excludes_opt_dpb_001"", ""rule_type"": ""excludes"", ""runtime_action"": """", ""source_id"": ""opt_sht_001"", ""source_section"": ""sec_stri_001"", ""source_selection_mode"": ""single_select_opt"", ""source_type"": ""option"", ""target_id"": ""opt_dpb_001"", ""target_section"": ""sec_stri_001"", ""target_selection_mode"": ""single_select_opt"", ""target_type"": ""option""}"
grand_sport,grandSport_rule_mapping,268,gs_rule_opt_sht_001_excludes_opt_dpc_001,opt_sht_001,excludes,opt_dpc_001,omit_grouped_exclusion,omitted,,runtime_authored_rule_false,delete,"{""body_style_scope"": """", ""disabled_reason"": """", ""generation_action"": ""omit_grouped_exclusion"", ""normalization_status"": ""omitted"", ""original_detail_raw"": ""1. Not available with RPO stripes (DPB, DPC, DPG, DPL, DPT, DSY, DSZ, DT0, DTB, DTH, DUB, DUE, DUK, DUW, DZU, DZV, DZX) or (Z15) Grand Sport Heritage Graphics."", ""rule_id"": ""gs_rule_opt_sht_001_excludes_opt_dpc_001"", ""rule_type"": ""excludes"", ""runtime_action"": """", ""source_id"": ""opt_sht_001"", ""source_section"": ""sec_stri_001"", ""source_selection_mode"": ""single_select_opt"", ""source_type"": ""option"", ""target_id"": ""opt_dpc_001"", ""target_section"": ""sec_stri_001"", ""target_selection_mode"": ""single_select_opt"", ""target_type"": ""option""}"
grand_sport,grandSport_rule_mapping,269,gs_rule_opt_sht_001_excludes_opt_dpg_001,opt_sht_001,excludes,opt_dpg_001,omit_grouped_exclusion,omitted,,runtime_authored_rule_false,delete,"{""body_style_scope"": """", ""disabled_reason"": """", ""generation_action"": ""omit_grouped_exclusion"", ""normalization_status"": ""omitted"", ""original_detail_raw"": ""1. Not available with RPO stripes (DPB, DPC, DPG, DPL, DPT, DSY, DSZ, DT0, DTB, DTH, DUB, DUE, DUK, DUW, DZU, DZV, DZX) or (Z15) Grand Sport Heritage Graphics."", ""rule_id"": ""gs_rule_opt_sht_001_excludes_opt_dpg_001"", ""rule_type"": ""excludes"", ""runtime_action"": """", ""source_id"": ""opt_sht_001"", ""source_section"": ""sec_stri_001"", ""source_selection_mode"": ""single_select_opt"", ""source_type"": ""option"", ""target_id"": ""opt_dpg_001"", ""target_section"": ""sec_stri_001"", ""target_selection_mode"": ""single_select_opt"", ""target_type"": ""option""}"
grand_sport,grandSport_rule_mapping,270,gs_rule_opt_sht_001_excludes_opt_dpl_001,opt_sht_001,excludes,opt_dpl_001,omit_grouped_exclusion,omitted,,runtime_authored_rule_false,delete,"{""body_style_scope"": """", ""disabled_reason"": """", ""generation_action"": ""omit_grouped_exclusion"", ""normalization_status"": ""omitted"", ""original_detail_raw"": ""1. Not available with RPO stripes (DPB, DPC, DPG, DPL, DPT, DSY, DSZ, DT0, DTB, DTH, DUB, DUE, DUK, DUW, DZU, DZV, DZX) or (Z15) Grand Sport Heritage Graphics."", ""rule_id"": ""gs_rule_opt_sht_001_excludes_opt_dpl_001"", ""rule_type"": ""excludes"", ""runtime_action"": """", ""source_id"": ""opt_sht_001"", ""source_section"": ""sec_stri_001"", ""source_selection_mode"": ""single_select_opt"", ""source_type"": ""option"", ""target_id"": ""opt_dpl_001"", ""target_section"": ""sec_stri_001"", ""target_selection_mode"": ""single_select_opt"", ""target_type"": ""option""}"
grand_sport,grandSport_rule_mapping,271,gs_rule_opt_sht_001_excludes_opt_dpt_001,opt_sht_001,excludes,opt_dpt_001,omit_grouped_exclusion,omitted,,runtime_authored_rule_false,delete,"{""body_style_scope"": """", ""disabled_reason"": """", ""generation_action"": ""omit_grouped_exclusion"", ""normalization_status"": ""omitted"", ""original_detail_raw"": ""1. Not available with RPO stripes (DPB, DPC, DPG, DPL, DPT, DSY, DSZ, DT0, DTB, DTH, DUB, DUE, DUK, DUW, DZU, DZV, DZX) or (Z15) Grand Sport Heritage Graphics."", ""rule_id"": ""gs_rule_opt_sht_001_excludes_opt_dpt_001"", ""rule_type"": ""excludes"", ""runtime_action"": """", ""source_id"": ""opt_sht_001"", ""source_section"": ""sec_stri_001"", ""source_selection_mode"": ""single_select_opt"", ""source_type"": ""option"", ""target_id"": ""opt_dpt_001"", ""target_section"": ""sec_stri_001"", ""target_selection_mode"": ""single_select_opt"", ""target_type"": ""option""}"
grand_sport,grandSport_rule_mapping,272,gs_rule_opt_sht_001_excludes_opt_dsy_001,opt_sht_001,excludes,opt_dsy_001,omit_grouped_exclusion,omitted,,runtime_authored_rule_false,delete,"{""body_style_scope"": """", ""disabled_reason"": """", ""generation_action"": ""omit_grouped_exclusion"", ""normalization_status"": ""omitted"", ""original_detail_raw"": ""1. Not available with RPO stripes (DPB, DPC, DPG, DPL, DPT, DSY, DSZ, DT0, DTB, DTH, DUB, DUE, DUK, DUW, DZU, DZV, DZX) or (Z15) Grand Sport Heritage Graphics."", ""rule_id"": ""gs_rule_opt_sht_001_excludes_opt_dsy_001"", ""rule_type"": ""excludes"", ""runtime_action"": """", ""source_id"": ""opt_sht_001"", ""source_section"": ""sec_stri_001"", ""source_selection_mode"": ""single_select_opt"", ""source_type"": ""option"", ""target_id"": ""opt_dsy_001"", ""target_section"": ""sec_stri_001"", ""target_selection_mode"": ""single_select_opt"", ""target_type"": ""option""}"
grand_sport,grandSport_rule_mapping,273,gs_rule_opt_sht_001_excludes_opt_dsz_001,opt_sht_001,excludes,opt_dsz_001,omit_grouped_exclusion,omitted,,runtime_authored_rule_false,delete,"{""body_style_scope"": """", ""disabled_reason"": """", ""generation_action"": ""omit_grouped_exclusion"", ""normalization_status"": ""omitted"", ""original_detail_raw"": ""1. Not available with RPO stripes (DPB, DPC, DPG, DPL, DPT, DSY, DSZ, DT0, DTB, DTH, DUB, DUE, DUK, DUW, DZU, DZV, DZX) or (Z15) Grand Sport Heritage Graphics."", ""rule_id"": ""gs_rule_opt_sht_001_excludes_opt_dsz_001"", ""rule_type"": ""excludes"", ""runtime_action"": """", ""source_id"": ""opt_sht_001"", ""source_section"": ""sec_stri_001"", ""source_selection_mode"": ""single_select_opt"", ""source_type"": ""option"", ""target_id"": ""opt_dsz_001"", ""target_section"": ""sec_stri_001"", ""target_selection_mode"": ""single_select_opt"", ""target_type"": ""option""}"
grand_sport,grandSport_rule_mapping,274,gs_rule_opt_sht_001_excludes_opt_dt0_001,opt_sht_001,excludes,opt_dt0_001,omit_grouped_exclusion,omitted,,runtime_authored_rule_false,delete,"{""body_style_scope"": """", ""disabled_reason"": """", ""generation_action"": ""omit_grouped_exclusion"", ""normalization_status"": ""omitted"", ""original_detail_raw"": ""1. Not available with RPO stripes (DPB, DPC, DPG, DPL, DPT, DSY, DSZ, DT0, DTB, DTH, DUB, DUE, DUK, DUW, DZU, DZV, DZX) or (Z15) Grand Sport Heritage Graphics."", ""rule_id"": ""gs_rule_opt_sht_001_excludes_opt_dt0_001"", ""rule_type"": ""excludes"", ""runtime_action"": """", ""source_id"": ""opt_sht_001"", ""source_section"": ""sec_stri_001"", ""source_selection_mode"": ""single_select_opt"", ""source_type"": ""option"", ""target_id"": ""opt_dt0_001"", ""target_section"": ""sec_stri_001"", ""target_selection_mode"": ""single_select_opt"", ""target_type"": ""option""}"
grand_sport,grandSport_rule_mapping,275,gs_rule_opt_sht_001_excludes_opt_dth_001,opt_sht_001,excludes,opt_dth_001,omit_grouped_exclusion,omitted,,runtime_authored_rule_false,delete,"{""body_style_scope"": """", ""disabled_reason"": """", ""generation_action"": ""omit_grouped_exclusion"", ""normalization_status"": ""omitted"", ""original_detail_raw"": ""1. Not available with RPO stripes (DPB, DPC, DPG, DPL, DPT, DSY, DSZ, DT0, DTB, DTH, DUB, DUE, DUK, DUW, DZU, DZV, DZX) or (Z15) Grand Sport Heritage Graphics."", ""rule_id"": ""gs_rule_opt_sht_001_excludes_opt_dth_001"", ""rule_type"": ""excludes"", ""runtime_action"": """", ""source_id"": ""opt_sht_001"", ""source_section"": ""sec_stri_001"", ""source_selection_mode"": ""single_select_opt"", ""source_type"": ""option"", ""target_id"": ""opt_dth_001"", ""target_section"": ""sec_stri_001"", ""target_selection_mode"": ""single_select_opt"", ""target_type"": ""option""}"
grand_sport,grandSport_rule_mapping,276,gs_rule_opt_sht_001_excludes_opt_dub_001,opt_sht_001,excludes,opt_dub_001,omit_grouped_exclusion,omitted,,runtime_authored_rule_false,delete,"{""body_style_scope"": """", ""disabled_reason"": """", ""generation_action"": ""omit_grouped_exclusion"", ""normalization_status"": ""omitted"", ""original_detail_raw"": ""1. Not available with RPO stripes (DPB, DPC, DPG, DPL, DPT, DSY, DSZ, DT0, DTB, DTH, DUB, DUE, DUK, DUW, DZU, DZV, DZX) or (Z15) Grand Sport Heritage Graphics."", ""rule_id"": ""gs_rule_opt_sht_001_excludes_opt_dub_001"", ""rule_type"": ""excludes"", ""runtime_action"": """", ""source_id"": ""opt_sht_001"", ""source_section"": ""sec_stri_001"", ""source_selection_mode"": ""single_select_opt"", ""source_type"": ""option"", ""target_id"": ""opt_dub_001"", ""target_section"": ""sec_stri_001"", ""target_selection_mode"": ""single_select_opt"", ""target_type"": ""option""}"
grand_sport,grandSport_rule_mapping,277,gs_rule_opt_sht_001_excludes_opt_due_001,opt_sht_001,excludes,opt_due_001,omit_grouped_exclusion,omitted,,runtime_authored_rule_false,delete,"{""body_style_scope"": """", ""disabled_reason"": """", ""generation_action"": ""omit_grouped_exclusion"", ""normalization_status"": ""omitted"", ""original_detail_raw"": ""1. Not available with RPO stripes (DPB, DPC, DPG, DPL, DPT, DSY, DSZ, DT0, DTB, DTH, DUB, DUE, DUK, DUW, DZU, DZV, DZX) or (Z15) Grand Sport Heritage Graphics."", ""rule_id"": ""gs_rule_opt_sht_001_excludes_opt_due_001"", ""rule_type"": ""excludes"", ""runtime_action"": """", ""source_id"": ""opt_sht_001"", ""source_section"": ""sec_stri_001"", ""source_selection_mode"": ""single_select_opt"", ""source_type"": ""option"", ""target_id"": ""opt_due_001"", ""target_section"": ""sec_stri_001"", ""target_selection_mode"": ""single_select_opt"", ""target_type"": ""option""}"
grand_sport,grandSport_rule_mapping,278,gs_rule_opt_sht_001_excludes_opt_duk_001,opt_sht_001,excludes,opt_duk_001,omit_grouped_exclusion,omitted,,runtime_authored_rule_false,delete,"{""body_style_scope"": """", ""disabled_reason"": """", ""generation_action"": ""omit_grouped_exclusion"", ""normalization_status"": ""omitted"", ""original_detail_raw"": ""1. Not available with RPO stripes (DPB, DPC, DPG, DPL, DPT, DSY, DSZ, DT0, DTB, DTH, DUB, DUE, DUK, DUW, DZU, DZV, DZX) or (Z15) Grand Sport Heritage Graphics."", ""rule_id"": ""gs_rule_opt_sht_001_excludes_opt_duk_001"", ""rule_type"": ""excludes"", ""runtime_action"": """", ""source_id"": ""opt_sht_001"", ""source_section"": ""sec_stri_001"", ""source_selection_mode"": ""single_select_opt"", ""source_type"": ""option"", ""target_id"": ""opt_duk_001"", ""target_section"": ""sec_stri_001"", ""target_selection_mode"": ""single_select_opt"", ""target_type"": ""option""}"
grand_sport,grandSport_rule_mapping,279,gs_rule_opt_sht_001_excludes_opt_duw_001,opt_sht_001,excludes,opt_duw_001,omit_grouped_exclusion,omitted,,runtime_authored_rule_false,delete,"{""body_style_scope"": """", ""disabled_reason"": """", ""generation_action"": ""omit_grouped_exclusion"", ""normalization_status"": ""omitted"", ""original_detail_raw"": ""1. Not available with RPO stripes (DPB, DPC, DPG, DPL, DPT, DSY, DSZ, DT0, DTB, DTH, DUB, DUE, DUK, DUW, DZU, DZV, DZX) or (Z15) Grand Sport Heritage Graphics."", ""rule_id"": ""gs_rule_opt_sht_001_excludes_opt_duw_001"", ""rule_type"": ""excludes"", ""runtime_action"": """", ""source_id"": ""opt_sht_001"", ""source_section"": ""sec_stri_001"", ""source_selection_mode"": ""single_select_opt"", ""source_type"": ""option"", ""target_id"": ""opt_duw_001"", ""target_section"": ""sec_stri_001"", ""target_selection_mode"": ""single_select_opt"", ""target_type"": ""option""}"
grand_sport,grandSport_rule_mapping,280,gs_rule_opt_sht_001_excludes_opt_dzu_001,opt_sht_001,excludes,opt_dzu_001,omit_grouped_exclusion,omitted,,runtime_authored_rule_false,delete,"{""body_style_scope"": """", ""disabled_reason"": """", ""generation_action"": ""omit_grouped_exclusion"", ""normalization_status"": ""omitted"", ""original_detail_raw"": ""1. Not available with RPO stripes (DPB, DPC, DPG, DPL, DPT, DSY, DSZ, DT0, DTB, DTH, DUB, DUE, DUK, DUW, DZU, DZV, DZX) or (Z15) Grand Sport Heritage Graphics."", ""rule_id"": ""gs_rule_opt_sht_001_excludes_opt_dzu_001"", ""rule_type"": ""excludes"", ""runtime_action"": """", ""source_id"": ""opt_sht_001"", ""source_section"": ""sec_stri_001"", ""source_selection_mode"": ""single_select_opt"", ""source_type"": ""option"", ""target_id"": ""opt_dzu_001"", ""target_section"": ""sec_stri_001"", ""target_selection_mode"": ""single_select_opt"", ""target_type"": ""option""}"
grand_sport,grandSport_rule_mapping,281,gs_rule_opt_sht_001_excludes_opt_dzv_001,opt_sht_001,excludes,opt_dzv_001,omit_grouped_exclusion,omitted,,runtime_authored_rule_false,delete,"{""body_style_scope"": """", ""disabled_reason"": """", ""generation_action"": ""omit_grouped_exclusion"", ""normalization_status"": ""omitted"", ""original_detail_raw"": ""1. Not available with RPO stripes (DPB, DPC, DPG, DPL, DPT, DSY, DSZ, DT0, DTB, DTH, DUB, DUE, DUK, DUW, DZU, DZV, DZX) or (Z15) Grand Sport Heritage Graphics."", ""rule_id"": ""gs_rule_opt_sht_001_excludes_opt_dzv_001"", ""rule_type"": ""excludes"", ""runtime_action"": """", ""source_id"": ""opt_sht_001"", ""source_section"": ""sec_stri_001"", ""source_selection_mode"": ""single_select_opt"", ""source_type"": ""option"", ""target_id"": ""opt_dzv_001"", ""target_section"": ""sec_stri_001"", ""target_selection_mode"": ""single_select_opt"", ""target_type"": ""option""}"
grand_sport,grandSport_rule_mapping,282,gs_rule_opt_sht_001_excludes_opt_dzx_001,opt_sht_001,excludes,opt_dzx_001,omit_grouped_exclusion,omitted,,runtime_authored_rule_false,delete,"{""body_style_scope"": """", ""disabled_reason"": """", ""generation_action"": ""omit_grouped_exclusion"", ""normalization_status"": ""omitted"", ""original_detail_raw"": ""1. Not available with RPO stripes (DPB, DPC, DPG, DPL, DPT, DSY, DSZ, DT0, DTB, DTH, DUB, DUE, DUK, DUW, DZU, DZV, DZX) or (Z15) Grand Sport Heritage Graphics."", ""rule_id"": ""gs_rule_opt_sht_001_excludes_opt_dzx_001"", ""rule_type"": ""excludes"", ""runtime_action"": """", ""source_id"": ""opt_sht_001"", ""source_section"": ""sec_stri_001"", ""source_selection_mode"": ""single_select_opt"", ""source_type"": ""option"", ""target_id"": ""opt_dzx_001"", ""target_section"": ""sec_stri_001"", ""target_selection_mode"": ""single_select_opt"", ""target_type"": ""option""}"
grand_sport,grandSport_rule_mapping,283,gs_rule_opt_sht_001_excludes_opt_z15_001,opt_sht_001,excludes,opt_z15_001,omit_grouped_exclusion,omitted,,runtime_authored_rule_false,delete,"{""body_style_scope"": """", ""disabled_reason"": """", ""generation_action"": ""omit_grouped_exclusion"", ""normalization_status"": ""omitted"", ""original_detail_raw"": ""1. Not available with RPO stripes (DPB, DPC, DPG, DPL, DPT, DSY, DSZ, DT0, DTB, DTH, DUB, DUE, DUK, DUW, DZU, DZV, DZX) or (Z15) Grand Sport Heritage Graphics."", ""rule_id"": ""gs_rule_opt_sht_001_excludes_opt_z15_001"", ""rule_type"": ""excludes"", ""runtime_action"": """", ""source_id"": ""opt_sht_001"", ""source_section"": ""sec_stri_001"", ""source_selection_mode"": ""single_select_opt"", ""source_type"": ""option"", ""target_id"": ""opt_z15_001"", ""target_section"": ""sec_stri_001"", ""target_selection_mode"": ""single_select_opt"", ""target_type"": ""option""}"
grand_sport,grandSport_rule_mapping,284,gs_rule_opt_vpo_001_excludes_opt_z15_001,opt_vpo_001,excludes,opt_z15_001,,active,,grouped_excludes_any_or_exclusive_dedupe,delete,"{""body_style_scope"": """", ""disabled_reason"": """", ""generation_action"": """", ""normalization_status"": ""active"", ""original_detail_raw"": ""1. Not available with (Z15) Grand Sport Heritage Graphics."", ""rule_id"": ""gs_rule_opt_vpo_001_excludes_opt_z15_001"", ""rule_type"": ""excludes"", ""runtime_action"": """", ""source_id"": ""opt_vpo_001"", ""source_section"": ""sec_stri_001"", ""source_selection_mode"": ""single_select_opt"", ""source_type"": ""option"", ""target_id"": ""opt_z15_001"", ""target_section"": ""sec_stri_001"", ""target_selection_mode"": ""single_select_opt"", ""target_type"": ""option""}"
grand_sport,grandSport_rule_mapping,298,gs_rule_opt_j57_001_excludes_opt_j56_001_replace,opt_j57_001,excludes,opt_j56_001,omit_replaced_by_brake_exclusive_group,replaced,replace,runtime_authored_rule_false,delete,"{""body_style_scope"": """", ""disabled_reason"": ""J56 and J57 are handled by the performance brakes exclusive group."", ""generation_action"": ""omit_replaced_by_brake_exclusive_group"", ""normalization_status"": ""replaced"", ""original_detail_raw"": ""J57 replaces performance disc brakes."", ""rule_id"": ""gs_rule_opt_j57_001_excludes_opt_j56_001_replace"", ""rule_type"": ""excludes"", ""runtime_action"": ""replace"", ""source_id"": ""opt_j57_001"", ""source_section"": ""sec_perf_brake_001"", ""source_selection_mode"": ""multi_select_opt"", ""source_type"": ""option"", ""target_id"": ""opt_j56_001"", ""target_section"": ""sec_perf_brake_001"", ""target_selection_mode"": ""multi_select_opt"", ""target_type"": ""option""}"
